Electrolyser Pipeline,Demand location,Scenario,REZ,Length (km),2025-26,2026-27,2027-28,2028-29,2029-30,2030-31,2031-32,2032-33,2033-34,2034-35,2035-36,2036-37,2037-38,2038-39,2039-40,2040-41,2041-42,2042-43,2043-44,2044-45,2045-46,2046-47,2047-48,2048-49,2049-50,2050-51,2051-52,2052-53,2053-54,2054-55
N1 to NNSW Flexible Electrolyser Piped for Domestic,NNSW,Step Change,N1,140,457.55,454.89,456.65,459.64,458.71,457.89,457.13,456.9,456.36,455.29,454.0,452.84,451.78,450.82,449.99,449.27,448.66,448.16,447.77,447.49,447.31,447.25,447.28,447.42,447.66,447.99,448.43,448.96,449.59,449.58
N2 to NNSW Flexible Electrolyser Piped for Domestic,NNSW,Step Change,N2,10,32.68,32.49,32.62,32.83,32.76,32.71,32.65,32.64,32.6,32.52,32.43,32.35,32.27,32.2,32.14,32.09,32.05,32.01,31.98,31.96,31.95,31.95,31.95,31.96,31.97,32.0,32.03,32.07,32.11,32.11
N3 to CNSW Flexible Electrolyser Piped for Domestic,CNSW,Step Change,N3,300,5260.17,5229.56,5249.82,5284.18,5273.48,5264.01,5255.28,5252.66,5246.48,5234.19,5219.35,5206.02,5193.82,5182.81,5173.18,5164.91,5157.91,5152.18,5147.7,5144.47,5142.47,5141.68,5142.08,5143.65,5146.38,5150.26,5155.26,5161.37,5168.57,5168.48
N3 to SNW Flexible Electrolyser Piped for Domestic,SNW,Step Change,N3,300,5429.82,5398.23,5419.14,5454.61,5443.56,5433.79,5424.78,5422.08,5415.69,5403.0,5387.69,5373.93,5361.34,5349.97,5340.03,5331.5,5324.27,5318.35,5313.73,5310.4,5308.33,5307.51,5307.93,5309.55,5312.37,5316.37,5321.53,5327.84,5335.27,5335.18
N6 to SNSW Flexible Electrolyser Piped for Domestic,SNSW,Step Change,N6,160,2895.9,2879.05,2890.21,2909.12,2903.23,2898.02,2893.21,2891.77,2888.37,2881.6,2873.44,2866.1,2859.38,2853.31,2848.02,2843.46,2839.61,2836.45,2833.99,2832.21,2831.11,2830.67,2830.89,2831.76,2833.26,2835.4,2838.15,2841.51,2845.48,2845.43
N8 to SNSW Flexible Electrolyser Piped for Domestic,SNSW,Step Change,N8,100,1809.94,1799.41,1806.38,1818.2,1814.52,1811.26,1808.26,1807.36,1805.23,1801.0,1795.89,1791.31,1787.11,1783.32,1780.01,1777.16,1774.75,1772.78,1771.24,1770.13,1769.44,1769.17,1769.31,1769.85,1770.79,1772.12,1773.84,1775.94,1778.42,1778.39
N9 to CNSW Flexible Electrolyser Piped for Domestic,CNSW,Step Change,N9,110,1990.93,1979.35,1987.01,2000.02,1995.97,1992.38,1989.08,1988.09,1985.75,1981.1,1975.48,1970.44,1965.82,1961.65,1958.01,1954.88,1952.23,1950.06,1948.36,1947.14,1946.38,1946.08,1946.23,1946.83,1947.86,1949.33,1951.22,1953.54,1956.26,1956.23
N9 to SNW Flexible Electrolyser Piped for Domestic,SNW,Step Change,N9,110,1990.93,1979.35,1987.01,2000.02,1995.97,1992.38,1989.08,1988.09,1985.75,1981.1,1975.48,1970.44,1965.82,1961.65,1958.01,1954.88,1952.23,1950.06,1948.36,1947.14,1946.38,1946.08,1946.23,1946.83,1947.86,1949.33,1951.22,1953.54,1956.26,1956.23
N12 to SNW Flexible Electrolyser Piped for Domestic,SNW,Step Change,N12,80,1447.95,1439.53,1445.1,1454.56,1451.62,1449.01,1446.61,1445.89,1444.18,1440.8,1436.72,1433.05,1429.69,1426.66,1424.01,1421.73,1419.8,1418.23,1416.99,1416.11,1415.55,1415.34,1415.45,1415.88,1416.63,1417.7,1419.07,1420.76,1422.74,1422.71
Q1 to NQ Flexible Electrolyser Piped for Domestic,NQ,Step Change,Q1,230,13729.15,13649.27,13702.14,13791.82,13763.89,13739.18,13716.4,13709.57,13693.42,13661.34,13622.63,13587.84,13555.98,13527.24,13502.12,13480.54,13462.25,13447.29,13435.62,13427.19,13421.97,13419.9,13420.94,13425.05,13432.18,13442.29,13455.34,13471.28,13490.09,13489.85
Q4 to CQ Flexible Electrolyser Piped for Domestic,CQ,Step Change,Q4,10,424.99,422.52,424.16,426.93,426.07,425.3,424.6,424.39,423.89,422.89,421.7,420.62,419.63,418.74,417.97,417.3,416.73,416.27,415.91,415.65,415.48,415.42,415.45,415.58,415.8,416.11,416.52,417.01,417.59,417.59
Q4 to GG Flexible Electrolyser Piped for Domestic,GG,Step Change,Q4,220,20721.17,20600.61,20680.4,20815.75,20773.6,20736.3,20701.92,20691.61,20667.25,20618.82,20560.4,20507.89,20459.81,20416.42,20378.51,20345.94,20318.35,20295.77,20278.15,20265.43,20257.54,20254.41,20255.99,20262.19,20272.95,20288.21,20307.9,20331.97,20360.36,20360.0
Q6 to CQ Flexible Electrolyser Piped for Domestic,CQ,Step Change,Q6,140,5949.87,5915.25,5938.16,5977.03,5964.93,5954.22,5944.34,5941.38,5934.39,5920.48,5903.71,5888.63,5874.82,5862.37,5851.48,5842.13,5834.2,5827.72,5822.66,5819.01,5816.74,5815.85,5816.3,5818.08,5821.17,5825.55,5831.21,5838.12,5846.27,5846.16
Q6 to GG Flexible Electrolyser Piped for Domestic,GG,Step Change,Q6,80,7534.98,7491.14,7520.15,7569.37,7554.04,7540.48,7527.98,7524.23,7515.37,7497.76,7476.52,7457.42,7439.94,7424.16,7410.37,7398.53,7388.5,7380.28,7373.88,7369.25,7366.38,7365.25,7365.82,7368.07,7371.99,7377.54,7384.7,7393.45,7403.77,7403.64
Q7 to GG Flexible Electrolyser Piped for Domestic,GG,Step Change,Q7,260,24488.66,24346.18,24440.48,24600.44,24550.63,24506.55,24465.91,24453.73,24424.94,24367.71,24298.66,24236.61,24179.78,24128.51,24083.7,24045.21,24012.6,23985.91,23965.09,23950.06,23940.73,23937.04,23938.9,23946.23,23958.95,23976.98,24000.26,24028.7,24062.25,24061.82
Q7 to SQ Flexible Electrolyser Piped for Domestic,SQ,Step Change,Q7,170,1922.47,1911.29,1918.69,1931.25,1927.34,1923.88,1920.69,1919.73,1917.47,1912.98,1907.56,1902.68,1898.22,1894.2,1890.68,1887.66,1885.1,1883.0,1881.37,1880.19,1879.46,1879.17,1879.31,1879.89,1880.89,1882.3,1884.13,1886.36,1889.0,1888.96
Q8 to GG Flexible Electrolyser Piped for Domestic,GG,Step Change,Q8,460,41384.2,41143.43,41302.78,41573.11,41488.93,41414.43,41345.77,41325.18,41276.52,41179.8,41063.13,40958.25,40862.23,40775.57,40699.86,40634.81,40579.69,40534.6,40499.41,40474.01,40458.25,40452.01,40455.15,40467.54,40489.03,40519.51,40558.84,40606.91,40663.61,40662.88
Q8 to SQ Flexible Electrolyser Piped for Domestic,SQ,Step Change,Q8,230,2601.0,2585.87,2595.88,2612.87,2607.58,2602.9,2598.58,2597.29,2594.23,2588.15,2580.82,2574.23,2568.19,2562.75,2557.99,2553.9,2550.44,2547.6,2545.39,2543.79,2542.8,2542.41,2542.61,2543.39,2544.74,2546.65,2549.13,2552.15,2555.71,2555.66
Q10 to NQ Flexible Electrolyser Piped for Domestic,NQ,Step Change,Q10,150,8953.8,8901.7,8936.18,8994.67,8976.45,8960.34,8945.48,8941.03,8930.5,8909.57,8884.33,8861.64,8840.86,8822.12,8805.73,8791.66,8779.73,8769.98,8762.36,8756.87,8753.46,8752.11,8752.79,8755.47,8760.12,8766.71,8775.22,8785.62,8797.89,8797.73
S1 to SESA Flexible Electrolyser Piped for Domestic,SESA,Step Change,S1,10,729.39,725.15,727.96,732.72,731.24,729.93,728.72,728.35,727.49,725.79,723.73,721.89,720.19,718.67,717.33,716.18,715.21,714.42,713.8,713.35,713.07,712.96,713.02,713.24,713.62,714.15,714.85,715.69,716.69,716.68
S2 to CSA Flexible Electrolyser Piped for Domestic,CSA,Step Change,S2,130,4399.96,4374.36,4391.3,4420.05,4411.09,4403.17,4395.87,4393.69,4388.51,4378.23,4365.82,4354.67,4344.46,4335.25,4327.2,4320.29,4314.43,4309.63,4305.89,4303.19,4301.51,4300.85,4301.18,4302.5,4304.79,4308.03,4312.21,4317.32,4323.35,4323.27
S3 to CSA Flexible Electrolyser Piped for Domestic,CSA,Step Change,S3,120,4061.5,4037.87,4053.51,4080.04,4071.78,4064.47,4057.73,4055.71,4050.94,4041.44,4029.99,4019.7,4010.28,4001.77,3994.34,3987.96,3982.55,3978.12,3974.67,3972.18,3970.63,3970.02,3970.33,3971.54,3973.65,3976.64,3980.5,3985.22,3990.78,3990.71
S5 to NSA Flexible Electrolyser Piped for Domestic,NSA,Step Change,S5,40,2082.82,2070.7,2078.72,2092.33,2088.09,2084.34,2080.89,2079.85,2077.4,2072.53,2066.66,2061.38,2056.55,2052.19,2048.38,2045.11,2042.33,2040.06,2038.29,2037.01,2036.22,2035.91,2036.06,2036.69,2037.77,2039.3,2041.28,2043.7,2046.56,2046.52
S7 to NSA Flexible Electrolyser Piped for Domestic,NSA,Step Change,S7,170,8851.99,8800.49,8834.58,8892.4,8874.39,8858.46,8843.77,8839.37,8828.96,8808.27,8783.31,8760.88,8740.34,8721.81,8705.61,8691.7,8679.91,8670.26,8662.74,8657.3,8653.93,8652.6,8653.27,8655.92,8660.52,8667.04,8675.45,8685.73,8697.86,8697.7
T1 to TAS Flexible Electrolyser Piped for Domestic,TAS,Step Change,T1,10,205.37,204.17,204.96,206.3,205.89,205.52,205.18,205.07,204.83,204.35,203.77,203.25,202.78,202.35,201.97,201.65,201.37,201.15,200.98,200.85,200.77,200.74,200.76,200.82,200.92,201.08,201.27,201.51,201.79,201.79
T3 to TAS Flexible Electrolyser Piped for Domestic,TAS,Step Change,T3,130,2669.79,2654.26,2664.54,2681.98,2676.55,2671.74,2667.31,2665.98,2662.84,2656.6,2649.08,2642.31,2636.12,2630.53,2625.64,2621.45,2617.89,2614.98,2612.71,2611.07,2610.06,2609.65,2609.86,2610.65,2612.04,2614.01,2616.54,2619.65,2623.3,2623.26
V1 to MEL Flexible Electrolyser Piped for Domestic,MEL,Step Change,V1,250,686.39,682.4,685.04,689.52,688.13,686.89,685.75,685.41,684.6,683.0,681.06,679.33,677.73,676.3,675.04,673.96,673.05,672.3,671.72,671.29,671.03,670.93,670.98,671.19,671.54,672.05,672.7,673.5,674.44,674.43
V1 to WNV Flexible Electrolyser Piped for Domestic,WNV,Step Change,V1,360,5336.74,5305.69,5326.24,5361.1,5350.25,5340.64,5331.79,5329.13,5322.86,5310.38,5295.34,5281.81,5269.43,5258.26,5248.49,5240.1,5233.0,5227.18,5222.64,5219.37,5217.33,5216.53,5216.94,5218.53,5221.3,5225.23,5230.31,5236.51,5243.82,5243.72
V2 to MEL Flexible Electrolyser Piped for Domestic,MEL,Step Change,V2,200,549.11,545.92,548.03,551.62,550.5,549.51,548.6,548.33,547.68,546.4,544.85,543.46,542.19,541.04,540.03,539.17,538.44,537.84,537.37,537.04,536.83,536.74,536.78,536.95,537.23,537.64,538.16,538.8,539.55,539.54
V2 to WNV Flexible Electrolyser Piped for Domestic,WNV,Step Change,V2,120,1834.46,1823.79,1830.85,1842.84,1839.1,1835.8,1832.76,1831.85,1829.69,1825.4,1820.23,1815.58,1811.32,1807.48,1804.13,1801.24,1798.8,1796.8,1795.24,1794.12,1793.42,1793.14,1793.28,1793.83,1794.78,1796.13,1797.88,1800.01,1802.52,1802.49
V5 to MEL Flexible Electrolyser Piped for Domestic,MEL,Step Change,V5,200,549.11,545.92,548.03,551.62,550.5,549.51,548.6,548.33,547.68,546.4,544.85,543.46,542.19,541.04,540.03,539.17,538.44,537.84,537.37,537.04,536.83,536.74,536.78,536.95,537.23,537.64,538.16,538.8,539.55,539.54
V5 to WNV Flexible Electrolyser Piped for Domestic,WNV,Step Change,V5,120,1834.46,1823.79,1830.85,1842.84,1839.1,1835.8,1832.76,1831.85,1829.69,1825.4,1820.23,1815.58,1811.32,1807.48,1804.13,1801.24,1798.8,1796.8,1795.24,1794.12,1793.42,1793.14,1793.28,1793.83,1794.78,1796.13,1797.88,1800.01,1802.52,1802.49
V6 to MEL Flexible Electrolyser Piped for Domestic,MEL,Step Change,V6,160,439.29,436.74,438.43,441.3,440.41,439.61,438.89,438.67,438.15,437.12,435.89,434.77,433.75,432.83,432.03,431.34,430.75,430.27,429.9,429.63,429.46,429.4,429.43,429.56,429.79,430.11,430.53,431.04,431.64,431.64
V6 to SEV Flexible Electrolyser Piped for Domestic,SEV,Step Change,V6,20,166.87,165.9,166.55,167.64,167.3,167.0,166.72,166.64,166.44,166.05,165.58,165.16,164.77,164.42,164.11,163.85,163.63,163.45,163.31,163.2,163.14,163.11,163.13,163.18,163.26,163.39,163.55,163.74,163.97,163.97
V7 to MEL Flexible Electrolyser Piped for Domestic,MEL,Step Change,V7,150,411.83,409.44,411.02,413.71,412.88,412.13,411.45,411.25,410.76,409.8,408.64,407.6,406.64,405.78,405.02,404.38,403.83,403.38,403.03,402.78,402.62,402.56,402.59,402.71,402.93,403.23,403.62,404.1,404.66,404.66
V7 to WNV Flexible Electrolyser Piped for Domestic,WNV,Step Change,V7,400,5929.72,5895.22,5918.05,5956.79,5944.73,5934.05,5924.21,5921.26,5914.29,5900.43,5883.72,5868.69,5854.93,5842.51,5831.66,5822.34,5814.45,5807.99,5802.94,5799.3,5797.05,5796.15,5796.6,5798.38,5801.46,5805.82,5811.46,5818.35,5826.47,5826.37
N1 to SNW Flexible Electrolyser Piped for Green Commodities,SNW,Step Change,N1,260,5018.61,4989.42,5008.74,5041.52,5031.31,5022.28,5013.95,5011.46,5005.55,4993.83,4979.68,4966.96,4955.31,4944.81,4935.62,4927.74,4921.05,4915.58,4911.32,4908.24,4906.32,4905.57,4905.95,4907.45,4910.06,4913.75,4918.52,4924.35,4931.23,4931.14
N2 to SNW Flexible Electrolyser Piped for Green Commodities,SNW,Step Change,N2,320,5981.39,5946.59,5969.62,6008.7,5996.53,5985.76,5975.84,5972.86,5965.83,5951.85,5934.99,5919.83,5905.95,5893.43,5882.48,5873.08,5865.11,5858.6,5853.51,5849.84,5847.56,5846.66,5847.11,5848.9,5852.01,5856.42,5862.1,5869.05,5877.24,5877.14
N3 to SNW Flexible Electrolyser Piped for Green Commodities,SNW,Step Change,N3,300,5607.56,5574.93,5596.52,5633.15,5621.75,5611.65,5602.35,5599.56,5592.97,5579.86,5564.05,5549.84,5536.83,5525.09,5514.83,5506.01,5498.55,5492.44,5487.67,5484.23,5482.09,5481.24,5481.67,5483.35,5486.26,5490.39,5495.72,5502.23,5509.92,5509.82
N6 to SNW Flexible Electrolyser Piped for Green Commodities,SNW,Step Change,N6,500,9335.47,9281.15,9317.1,9378.08,9359.09,9342.28,9326.79,9322.15,9311.17,9289.36,9263.04,9239.38,9217.72,9198.17,9181.09,9166.42,9153.98,9143.81,9135.87,9130.14,9126.59,9125.18,9125.89,9128.68,9133.53,9140.41,9149.28,9160.12,9172.91,9172.75
N8 to SNW Flexible Electrolyser Piped for Green Commodities,SNW,Step Change,N8,450,8411.34,8362.4,8394.79,8449.74,8432.63,8417.48,8403.53,8399.34,8389.45,8369.8,8346.08,8324.77,8305.25,8287.64,8272.25,8259.03,8247.82,8238.66,8231.51,8226.34,8223.14,8221.87,8222.51,8225.03,8229.4,8235.59,8243.58,8253.36,8264.88,8264.73
N9 to SNW Flexible Electrolyser Piped for Green Commodities,SNW,Step Change,N9,110,2123.26,2110.91,2119.08,2132.95,2128.63,2124.81,2121.29,2120.23,2117.74,2112.77,2106.79,2101.41,2096.48,2092.03,2088.15,2084.81,2081.98,2079.67,2077.87,2076.56,2075.75,2075.43,2075.6,2076.23,2077.33,2078.9,2080.91,2083.38,2086.29,2086.25
N12 to SNW Flexible Electrolyser Piped for Green Commodities,SNW,Step Change,N12,200,3860.47,3838.01,3852.87,3878.09,3870.24,3863.29,3856.88,3854.96,3850.42,3841.4,3830.52,3820.73,3811.78,3803.69,3796.63,3790.56,3785.42,3781.21,3777.93,3775.56,3774.09,3773.51,3773.8,3774.96,3776.96,3779.81,3783.47,3787.96,3793.25,3793.18
Q1 to GG Flexible Electrolyser Piped for Green Commodities,GG,Step Change,Q1,900,10825.85,10762.86,10804.55,10875.27,10853.24,10833.76,10815.8,10810.41,10797.68,10772.38,10741.86,10714.42,10689.3,10666.64,10646.83,10629.81,10615.39,10603.6,10594.39,10587.75,10583.63,10581.99,10582.82,10586.06,10591.68,10599.65,10609.94,10622.51,10637.35,10637.16
Q4 to GG Flexible Electrolyser Piped for Green Commodities,GG,Step Change,Q4,220,2699.79,2684.09,2694.48,2712.12,2706.63,2701.77,2697.29,2695.94,2692.77,2686.46,2678.85,2672.01,2665.74,2660.09,2655.15,2650.91,2647.31,2644.37,2642.07,2640.42,2639.39,2638.98,2639.19,2639.99,2641.4,2643.38,2645.95,2649.09,2652.78,2652.74
Q6 to GG Flexible Electrolyser Piped for Green Commodities,GG,Step Change,Q6,80,981.74,976.03,979.81,986.22,984.22,982.46,980.83,980.34,979.19,976.89,974.12,971.64,969.36,967.3,965.51,963.96,962.65,961.59,960.75,960.15,959.77,959.63,959.7,959.99,960.5,961.23,962.16,963.3,964.65,964.63
Q7 to GG Flexible Electrolyser Piped for Green Commodities,GG,Step Change,Q7,260,3190.66,3172.1,3184.39,3205.23,3198.74,3193.0,3187.7,3186.11,3182.36,3174.91,3165.91,3157.82,3150.42,3143.74,3137.9,3132.89,3128.64,3125.16,3122.45,3120.49,3119.27,3118.79,3119.04,3119.99,3121.65,3124.0,3127.03,3130.74,3135.11,3135.05
Q8 to GG Flexible Electrolyser Piped for Green Commodities,GG,Step Change,Q8,460,5480.77,5448.88,5469.99,5505.79,5494.64,5484.77,5475.68,5472.95,5466.51,5453.7,5438.25,5424.36,5411.64,5400.17,5390.14,5381.52,5374.22,5368.25,5363.59,5360.23,5358.14,5357.31,5357.73,5359.37,5362.22,5366.25,5371.46,5377.83,5385.34,5385.24
Q10 to GG Flexible Electrolyser Piped for Green Commodities,GG,Step Change,Q10,510,6134.65,6098.96,6122.58,6162.65,6150.17,6139.13,6128.95,6125.9,6118.69,6104.35,6087.05,6071.51,6057.27,6044.43,6033.21,6023.56,6015.39,6008.71,6003.49,5999.73,5997.39,5996.47,5996.93,5998.77,6001.95,6006.47,6012.3,6019.43,6027.83,6027.72
S1 to NSA Flexible Electrolyser Piped for Green Commodities,NSA,Step Change,S1,600,11735.13,11666.86,11712.05,11788.7,11764.83,11743.71,11724.23,11718.4,11704.6,11677.17,11644.09,11614.35,11587.12,11562.55,11541.08,11522.63,11507.0,11494.21,11484.24,11477.03,11472.56,11470.8,11471.69,11475.2,11481.29,11489.94,11501.09,11514.72,11530.8,11530.59
S2 to NSA Flexible Electrolyser Piped for Green Commodities,NSA,Step Change,S2,310,6077.45,6042.09,6065.5,6105.2,6092.83,6081.89,6071.81,6068.79,6061.64,6047.44,6030.3,6014.9,6000.8,5988.07,5976.95,5967.4,5959.31,5952.68,5947.52,5943.79,5941.47,5940.56,5941.02,5942.84,5945.99,5950.47,5956.24,5963.3,5971.63,5971.52
S3 to NSA Flexible Electrolyser Piped for Green Commodities,NSA,Step Change,S3,220,4455.24,4429.32,4446.47,4475.58,4466.51,4458.49,4451.1,4448.89,4443.65,4433.24,4420.67,4409.38,4399.05,4389.72,4381.57,4374.56,4368.63,4363.78,4359.99,4357.25,4355.56,4354.88,4355.22,4356.56,4358.87,4362.15,4366.39,4371.56,4377.66,4377.59
S5 to NSA Flexible Electrolyser Piped for Green Commodities,NSA,Step Change,S5,40,810.04,805.33,808.45,813.74,812.09,810.63,809.29,808.89,807.93,806.04,803.76,801.71,799.83,798.13,796.65,795.37,794.3,793.41,792.72,792.23,791.92,791.8,791.86,792.1,792.52,793.12,793.89,794.83,795.94,795.92
S7 to NSA Flexible Electrolyser Piped for Green Commodities,NSA,Step Change,S7,170,3442.69,3422.66,3435.92,3458.4,3451.4,3445.2,3439.49,3437.78,3433.73,3425.69,3415.98,3407.25,3399.27,3392.06,3385.76,3380.35,3375.76,3372.01,3369.08,3366.97,3365.66,3365.14,3365.4,3366.43,3368.22,3370.76,3374.03,3378.03,3382.74,3382.68
N1 to NNSW Flexible Electrolyser Piped for Domestic,NNSW,Slower Growth,N1,140,583.39,579.99,582.24,586.05,584.87,583.81,582.85,582.56,581.87,580.51,578.86,577.38,576.03,574.81,573.74,572.82,572.05,571.41,570.92,570.56,570.34,570.25,570.29,570.47,570.77,571.2,571.75,572.43,573.23,573.22
N2 to NNSW Flexible Electrolyser Piped for Domestic,NNSW,Slower Growth,N2,10,41.67,41.43,41.59,41.86,41.78,41.7,41.63,41.61,41.56,41.47,41.35,41.24,41.15,41.06,40.98,40.92,40.86,40.82,40.78,40.76,40.74,40.73,40.74,40.75,40.77,40.8,40.84,40.89,40.95,40.95
N3 to CNSW Flexible Electrolyser Piped for Domestic,CNSW,Slower Growth,N3,300,6643.58,6604.93,6630.51,6673.91,6660.39,6648.43,6637.41,6634.11,6626.29,6610.77,6592.04,6575.2,6559.78,6545.87,6533.72,6523.28,6514.43,6507.19,6501.54,6497.46,6494.93,6493.93,6494.44,6496.42,6499.87,6504.77,6511.08,6518.8,6527.9,6527.78
N3 to SNW Flexible Electrolyser Piped for Domestic,SNW,Slower Growth,N3,300,6868.08,6828.12,6854.57,6899.43,6885.46,6873.1,6861.7,6858.28,6850.21,6834.16,6814.79,6797.39,6781.45,6767.07,6754.5,6743.71,6734.56,6727.08,6721.24,6717.02,6714.41,6713.37,6713.89,6715.95,6719.52,6724.57,6731.1,6739.08,6748.49,6748.37
N6 to SNSW Flexible Electrolyser Piped for Domestic,SNSW,Slower Growth,N6,160,3662.97,3641.66,3655.77,3679.69,3672.24,3665.65,3659.57,3657.75,3653.44,3644.88,3634.55,3625.27,3616.77,3609.1,3602.4,3596.64,3591.76,3587.77,3584.66,3582.41,3581.01,3580.46,3580.74,3581.84,3583.74,3586.44,3589.92,3594.17,3599.19,3599.13
N8 to SNSW Flexible Electrolyser Piped for Domestic,SNSW,Slower Growth,N8,100,2289.36,2276.04,2284.85,2299.81,2295.15,2291.03,2287.23,2286.09,2283.4,2278.05,2271.59,2265.79,2260.48,2255.69,2251.5,2247.9,2244.85,2242.36,2240.41,2239.0,2238.13,2237.79,2237.96,2238.65,2239.84,2241.52,2243.7,2246.36,2249.49,2249.45
N9 to CNSW Flexible Electrolyser Piped for Domestic,CNSW,Slower Growth,N9,110,2518.3,2503.65,2513.34,2529.79,2524.67,2520.14,2515.96,2514.71,2511.75,2505.86,2498.76,2492.38,2486.54,2481.26,2476.65,2472.7,2469.34,2466.6,2464.46,2462.91,2461.95,2461.57,2461.76,2462.52,2463.83,2465.68,2468.07,2471.0,2474.45,2474.4
N9 to SNW Flexible Electrolyser Piped for Domestic,SNW,Slower Growth,N9,110,2518.3,2503.65,2513.34,2529.79,2524.67,2520.14,2515.96,2514.71,2511.75,2505.86,2498.76,2492.38,2486.54,2481.26,2476.65,2472.7,2469.34,2466.6,2464.46,2462.91,2461.95,2461.57,2461.76,2462.52,2463.83,2465.68,2468.07,2471.0,2474.45,2474.4
N12 to SNW Flexible Electrolyser Piped for Domestic,SNW,Slower Growth,N12,80,1831.49,1820.84,1827.89,1839.85,1836.13,1832.83,1829.79,1828.88,1826.72,1822.44,1817.28,1812.64,1808.39,1804.56,1801.2,1798.33,1795.89,1793.89,1792.33,1791.21,1790.51,1790.24,1790.37,1790.92,1791.87,1793.22,1794.96,1797.09,1799.6,1799.57
Q1 to NQ Flexible Electrolyser Piped for Domestic,NQ,Slower Growth,Q1,230,15114.64,15026.71,15084.91,15183.64,15152.89,15125.68,15100.61,15093.09,15075.31,15039.99,14997.38,14959.07,14924.0,14892.36,14864.7,14840.94,14820.81,14804.34,14791.49,14782.22,14776.46,14774.18,14775.33,14779.85,14787.7,14798.83,14813.2,14830.75,14851.46,14851.2
Q4 to CQ Flexible Electrolyser Piped for Domestic,CQ,Slower Growth,Q4,10,468.47,465.75,467.55,470.61,469.66,468.81,468.04,467.8,467.25,466.16,464.84,463.65,462.56,461.58,460.72,459.99,459.36,458.85,458.46,458.17,457.99,457.92,457.95,458.09,458.34,458.68,459.13,459.67,460.31,460.31
Q4 to GG Flexible Electrolyser Piped for Domestic,GG,Slower Growth,Q4,220,20721.17,20600.61,20680.4,20815.75,20773.6,20736.3,20701.92,20691.61,20667.25,20618.82,20560.4,20507.89,20459.81,20416.42,20378.51,20345.94,20318.35,20295.77,20278.15,20265.43,20257.54,20254.41,20255.99,20262.19,20272.95,20288.21,20307.9,20331.97,20360.36,20360.0
Q6 to CQ Flexible Electrolyser Piped for Domestic,CQ,Slower Growth,Q6,140,6558.55,6520.39,6545.65,6588.49,6575.15,6563.34,6552.46,6549.2,6541.49,6526.16,6507.67,6491.05,6475.83,6462.1,6450.1,6439.79,6431.05,6423.91,6418.33,6414.31,6411.81,6410.82,6411.32,6413.28,6416.69,6421.52,6427.75,6435.37,6444.35,6444.24
Q6 to GG Flexible Electrolyser Piped for Domestic,GG,Slower Growth,Q6,80,7534.98,7491.14,7520.15,7569.37,7554.04,7540.48,7527.98,7524.23,7515.37,7497.76,7476.52,7457.42,7439.94,7424.16,7410.37,7398.53,7388.5,7380.28,7373.88,7369.25,7366.38,7365.25,7365.82,7368.07,7371.99,7377.54,7384.7,7393.45,7403.77,7403.64
Q7 to GG Flexible Electrolyser Piped for Domestic,GG,Slower Growth,Q7,260,24488.66,24346.18,24440.48,24600.44,24550.63,24506.55,24465.91,24453.73,24424.94,24367.71,24298.66,24236.61,24179.78,24128.51,24083.7,24045.21,24012.6,23985.91,23965.09,23950.06,23940.73,23937.04,23938.9,23946.23,23958.95,23976.98,24000.26,24028.7,24062.25,24061.82
Q7 to SQ Flexible Electrolyser Piped for Domestic,SQ,Slower Growth,Q7,170,2126.78,2114.41,2122.6,2136.49,2132.17,2128.34,2124.81,2123.75,2121.25,2116.28,2110.28,2104.89,2099.96,2095.51,2091.61,2088.27,2085.44,2083.12,2081.31,2080.01,2079.2,2078.88,2079.04,2079.68,2080.78,2082.35,2084.37,2086.84,2089.75,2089.71
Q8 to GG Flexible Electrolyser Piped for Domestic,GG,Slower Growth,Q8,460,41384.2,41143.43,41302.78,41573.11,41488.93,41414.43,41345.77,41325.18,41276.52,41179.8,41063.13,40958.25,40862.23,40775.57,40699.86,40634.81,40579.69,40534.6,40499.41,40474.01,40458.25,40452.01,40455.15,40467.54,40489.03,40519.51,40558.84,40606.91,40663.61,40662.88
Q8 to SQ Flexible Electrolyser Piped for Domestic,SQ,Slower Growth,Q8,230,2877.41,2860.67,2871.75,2890.54,2884.69,2879.51,2874.73,2873.3,2869.92,2863.2,2855.08,2847.79,2841.11,2835.09,2829.83,2825.3,2821.47,2818.33,2815.89,2814.12,2813.03,2812.59,2812.81,2813.67,2815.17,2817.29,2820.02,2823.36,2827.3,2827.25
Q10 to NQ Flexible Electrolyser Piped for Domestic,NQ,Slower Growth,Q10,150,9857.37,9800.02,9837.98,9902.37,9882.32,9864.57,9848.22,9843.32,9831.72,9808.69,9780.9,9755.92,9733.04,9712.4,9694.37,9678.87,9665.75,9655.0,9646.62,9640.57,9636.82,9635.33,9636.08,9639.03,9644.15,9651.41,9660.78,9672.23,9685.73,9685.56
S1 to SESA Flexible Electrolyser Piped for Domestic,SESA,Slower Growth,S1,10,877.2,872.1,875.47,881.2,879.42,877.84,876.39,875.95,874.92,872.87,870.39,868.17,866.14,864.3,862.69,861.32,860.15,859.19,858.45,857.91,857.57,857.44,857.51,857.77,858.23,858.87,859.71,860.72,861.93,861.91
S2 to CSA Flexible Electrolyser Piped for Domestic,CSA,Slower Growth,S2,130,5321.38,5290.42,5310.91,5345.67,5334.85,5325.27,5316.44,5313.79,5307.53,5295.1,5280.09,5266.61,5254.26,5243.12,5233.38,5225.02,5217.93,5212.13,5207.61,5204.34,5202.32,5201.51,5201.92,5203.51,5206.27,5210.19,5215.25,5221.43,5228.72,5228.63
S3 to CSA Flexible Electrolyser Piped for Domestic,CSA,Slower Growth,S3,120,4912.04,4883.46,4902.38,4934.46,4924.47,4915.63,4907.48,4905.04,4899.26,4887.78,4873.93,4861.48,4850.09,4839.8,4830.81,4823.09,4816.55,4811.2,4807.02,4804.01,4802.14,4801.4,4801.77,4803.24,4805.79,4809.41,4814.08,4819.78,4826.51,4826.43
S5 to NSA Flexible Electrolyser Piped for Domestic,NSA,Slower Growth,S5,40,2511.65,2497.04,2506.71,2523.12,2518.01,2513.49,2509.32,2508.07,2505.12,2499.25,2492.17,2485.8,2479.97,2474.71,2470.12,2466.17,2462.83,2460.09,2457.95,2456.41,2455.45,2455.08,2455.27,2456.02,2457.32,2459.17,2461.56,2464.48,2467.92,2467.87
S7 to NSA Flexible Electrolyser Piped for Domestic,NSA,Slower Growth,S7,170,10674.51,10612.4,10653.51,10723.24,10701.52,10682.31,10664.6,10659.29,10646.73,10621.79,10591.69,10564.64,10539.87,10517.52,10497.99,10481.21,10467.0,10455.36,10446.29,10439.74,10435.67,10434.06,10434.87,10438.07,10443.61,10451.47,10461.62,10474.02,10488.64,10488.45
T1 to TAS Flexible Electrolyser Piped for Domestic,TAS,Slower Growth,T1,10,414.79,412.37,413.97,416.68,415.84,415.09,414.4,414.2,413.71,412.74,411.57,410.52,409.56,408.69,407.93,407.28,406.72,406.27,405.92,405.66,405.51,405.44,405.48,405.6,405.81,406.12,406.51,407.0,407.56,407.56
T3 to TAS Flexible Electrolyser Piped for Domestic,TAS,Slower Growth,T3,130,5392.18,5360.81,5381.57,5416.8,5405.83,5396.12,5387.18,5384.49,5378.15,5365.55,5350.35,5336.68,5324.17,5312.88,5303.02,5294.54,5287.36,5281.48,5276.9,5273.59,5271.54,5270.72,5271.13,5272.75,5275.55,5279.52,5284.64,5290.9,5298.29,5298.2
V1 to MEL Flexible Electrolyser Piped for Domestic,MEL,Slower Growth,V1,250,773.43,768.93,771.91,776.96,775.39,774.0,772.71,772.33,771.42,769.61,767.43,765.47,763.68,762.06,760.64,759.42,758.39,757.55,756.89,756.42,756.13,756.01,756.07,756.3,756.7,757.27,758.01,758.9,759.96,759.95
V1 to WNV Flexible Electrolyser Piped for Domestic,WNV,Slower Growth,V1,360,5987.4,5952.57,5975.62,6014.73,6002.55,5991.78,5981.84,5978.86,5971.82,5957.83,5940.95,5925.78,5911.88,5899.35,5888.39,5878.98,5871.01,5864.48,5859.39,5855.72,5853.44,5852.53,5852.99,5854.78,5857.89,5862.3,5867.99,5874.94,5883.15,5883.04
V2 to MEL Flexible Electrolyser Piped for Domestic,MEL,Slower Growth,V2,200,618.74,615.14,617.52,621.56,620.3,619.19,618.16,617.86,617.13,615.68,613.94,612.37,610.93,609.64,608.51,607.53,606.71,606.04,605.51,605.13,604.89,604.8,604.85,605.03,605.35,605.81,606.4,607.12,607.96,607.95
V2 to WNV Flexible Electrolyser Piped for Domestic,WNV,Slower Growth,V2,120,2059.51,2047.53,2055.46,2068.91,2064.72,2061.02,2057.6,2056.57,2054.15,2049.34,2043.53,2038.31,2033.54,2029.22,2025.46,2022.22,2019.48,2017.23,2015.48,2014.22,2013.43,2013.12,2013.28,2013.89,2014.96,2016.48,2018.44,2020.83,2023.65,2023.61
V5 to MEL Flexible Electrolyser Piped for Domestic,MEL,Slower Growth,V5,200,618.74,615.14,617.52,621.56,620.3,619.19,618.16,617.86,617.13,615.68,613.94,612.37,610.93,609.64,608.51,607.53,606.71,606.04,605.51,605.13,604.89,604.8,604.85,605.03,605.35,605.81,606.4,607.12,607.96,607.95
V5 to WNV Flexible Electrolyser Piped for Domestic,WNV,Slower Growth,V5,120,2059.51,2047.53,2055.46,2068.91,2064.72,2061.02,2057.6,2056.57,2054.15,2049.34,2043.53,2038.31,2033.54,2029.22,2025.46,2022.22,2019.48,2017.23,2015.48,2014.22,2013.43,2013.12,2013.28,2013.89,2014.96,2016.48,2018.44,2020.83,2023.65,2023.61
V6 to MEL Flexible Electrolyser Piped for Domestic,MEL,Slower Growth,V6,160,494.99,492.11,494.02,497.25,496.24,495.35,494.53,494.28,493.7,492.55,491.15,489.9,488.75,487.71,486.81,486.03,485.37,484.83,484.41,484.1,483.92,483.84,483.88,484.03,484.28,484.65,485.12,485.69,486.37,486.36
V6 to SEV Flexible Electrolyser Piped for Domestic,SEV,Slower Growth,V6,20,187.63,186.54,187.26,188.49,188.1,187.77,187.46,187.36,187.14,186.7,186.17,185.7,185.26,184.87,184.53,184.23,183.98,183.78,183.62,183.5,183.43,183.4,183.42,183.47,183.57,183.71,183.89,184.11,184.36,184.36
V7 to MEL Flexible Electrolyser Piped for Domestic,MEL,Slower Growth,V7,150,464.06,461.36,463.14,466.17,465.23,464.4,463.63,463.39,462.85,461.76,460.46,459.28,458.2,457.23,456.38,455.65,455.04,454.53,454.13,453.85,453.67,453.6,453.64,453.78,454.02,454.36,454.8,455.34,455.98,455.97
V7 to WNV Flexible Electrolyser Piped for Domestic,WNV,Slower Growth,V7,400,6652.67,6613.96,6639.58,6683.03,6669.5,6657.53,6646.49,6643.18,6635.36,6619.81,6601.05,6584.19,6568.76,6554.83,6542.66,6532.2,6523.34,6516.09,6510.43,6506.35,6503.82,6502.81,6503.32,6505.31,6508.76,6513.66,6519.99,6527.71,6536.83,6536.71
N1 to NNSW Flexible Electrolyser Piped for Domestic,NNSW,Accelerated Transition,N1,140,244.56,243.14,244.08,245.68,245.18,244.74,244.33,244.21,243.93,243.35,242.66,242.04,241.48,240.96,240.52,240.13,239.81,239.54,239.33,239.18,239.09,239.05,239.07,239.14,239.27,239.45,239.68,239.97,240.3,240.3
N2 to NNSW Flexible Electrolyser Piped for Domestic,NNSW,Accelerated Transition,N2,10,17.47,17.37,17.44,17.55,17.51,17.48,17.45,17.45,17.43,17.38,17.34,17.29,17.25,17.21,17.18,17.15,17.13,17.11,17.1,17.09,17.08,17.08,17.08,17.08,17.09,17.11,17.12,17.14,17.17,17.17
N3 to CNSW Flexible Electrolyser Piped for Domestic,CNSW,Accelerated Transition,N3,300,2872.96,2856.25,2867.31,2886.08,2880.23,2875.06,2870.3,2868.87,2865.49,2858.77,2850.67,2843.39,2836.73,2830.71,2825.45,2820.94,2817.11,2813.98,2811.54,2809.78,2808.68,2808.25,2808.47,2809.33,2810.82,2812.93,2815.67,2819.0,2822.94,2822.89
N3 to SNW Flexible Electrolyser Piped for Domestic,SNW,Accelerated Transition,N3,300,2955.71,2938.52,2949.9,2969.2,2963.19,2957.87,2952.97,2951.5,2948.02,2941.11,2932.78,2925.29,2918.43,2912.24,2906.84,2902.19,2898.25,2895.03,2892.52,2890.7,2889.58,2889.13,2889.36,2890.24,2891.78,2893.95,2896.76,2900.2,2904.25,2904.19
N6 to SNSW Flexible Electrolyser Piped for Domestic,SNSW,Accelerated Transition,N6,160,1576.38,1567.21,1573.28,1583.58,1580.37,1577.53,1574.92,1574.13,1572.28,1568.59,1564.15,1560.16,1556.5,1553.2,1550.31,1547.83,1545.74,1544.02,1542.68,1541.71,1541.11,1540.87,1540.99,1541.46,1542.28,1543.44,1544.94,1546.77,1548.93,1548.9
N8 to SNSW Flexible Electrolyser Piped for Domestic,SNSW,Accelerated Transition,N8,100,985.23,979.5,983.3,989.73,987.73,985.95,984.32,983.83,982.67,980.37,977.59,975.09,972.81,970.74,968.94,967.39,966.08,965.01,964.17,963.57,963.19,963.04,963.12,963.41,963.92,964.65,965.58,966.73,968.08,968.06
N9 to CNSW Flexible Electrolyser Piped for Domestic,CNSW,Accelerated Transition,N9,110,1083.76,1077.46,1081.63,1088.71,1086.51,1084.55,1082.76,1082.22,1080.94,1078.41,1075.35,1072.61,1070.09,1067.82,1065.84,1064.14,1062.69,1061.51,1060.59,1059.93,1059.51,1059.35,1059.43,1059.76,1060.32,1061.12,1062.15,1063.41,1064.89,1064.87
N9 to SNW Flexible Electrolyser Piped for Domestic,SNW,Accelerated Transition,N9,110,1083.76,1077.46,1081.63,1088.71,1086.51,1084.55,1082.76,1082.22,1080.94,1078.41,1075.35,1072.61,1070.09,1067.82,1065.84,1064.14,1062.69,1061.51,1060.59,1059.93,1059.51,1059.35,1059.43,1059.76,1060.32,1061.12,1062.15,1063.41,1064.89,1064.87
N12 to SNW Flexible Electrolyser Piped for Domestic,SNW,Accelerated Transition,N12,80,788.19,783.61,786.64,791.79,790.19,788.77,787.46,787.07,786.14,784.3,782.08,780.08,778.25,776.6,775.16,773.92,772.87,772.01,771.34,770.86,770.56,770.44,770.5,770.74,771.15,771.73,772.48,773.39,774.47,774.46
Q1 to NQ Flexible Electrolyser Piped for Domestic,NQ,Accelerated Transition,Q1,230,6930.53,6890.2,6916.89,6962.16,6948.06,6935.59,6924.09,6920.64,6912.49,6896.3,6876.76,6859.19,6843.11,6828.6,6815.92,6805.03,6795.8,6788.24,6782.35,6778.1,6775.46,6774.41,6774.94,6777.01,6780.61,6785.72,6792.3,6800.35,6809.85,6809.73
Q4 to CQ Flexible Electrolyser Piped for Domestic,CQ,Accelerated Transition,Q4,10,212.91,211.67,212.49,213.88,213.44,213.06,212.71,212.6,212.35,211.85,211.25,210.71,210.22,209.77,209.38,209.05,208.77,208.53,208.35,208.22,208.14,208.11,208.13,208.19,208.3,208.46,208.66,208.91,209.2,209.19
Q4 to GG Flexible Electrolyser Piped for Domestic,GG,Accelerated Transition,Q4,220,11902.41,11833.16,11878.99,11956.74,11932.53,11911.1,11891.35,11885.43,11871.43,11843.62,11810.06,11779.9,11752.28,11727.36,11705.58,11686.87,11671.02,11658.05,11647.93,11640.63,11636.09,11634.3,11635.2,11638.77,11644.95,11653.71,11665.02,11678.85,11695.16,11694.95
Q6 to CQ Flexible Electrolyser Piped for Domestic,CQ,Accelerated Transition,Q6,140,2980.65,2963.3,2974.78,2994.25,2988.19,2982.82,2977.88,2976.39,2972.89,2965.92,2957.52,2949.97,2943.05,2936.81,2931.36,2926.67,2922.7,2919.45,2916.92,2915.09,2913.96,2913.51,2913.73,2914.62,2916.17,2918.37,2921.2,2924.66,2928.75,2928.69
Q6 to GG Flexible Electrolyser Piped for Domestic,GG,Accelerated Transition,Q6,80,4328.15,4302.97,4319.63,4347.91,4339.1,4331.31,4324.13,4321.98,4316.89,4306.77,4294.57,4283.6,4273.56,4264.5,4256.58,4249.78,4244.01,4239.29,4235.61,4232.96,4231.31,4230.66,4230.99,4232.28,4234.53,4237.72,4241.83,4246.86,4252.79,4252.71
Q7 to GG Flexible Electrolyser Piped for Domestic,GG,Accelerated Transition,Q7,260,14066.48,13984.64,14038.8,14130.69,14102.07,14076.75,14053.41,14046.42,14029.87,13997.0,13957.34,13921.7,13889.06,13859.6,13833.87,13811.76,13793.02,13777.7,13765.73,13757.1,13751.74,13749.62,13750.69,13754.9,13762.21,13772.57,13785.94,13802.27,13821.55,13821.3
Q7 to SQ Flexible Electrolyser Piped for Domestic,SQ,Accelerated Transition,Q7,170,941.91,936.43,940.06,946.21,944.29,942.6,941.03,940.57,939.46,937.26,934.6,932.21,930.03,928.06,926.33,924.85,923.6,922.57,921.77,921.19,920.83,920.69,920.76,921.05,921.53,922.23,923.12,924.22,925.51,925.49
Q8 to GG Flexible Electrolyser Piped for Domestic,GG,Accelerated Transition,Q8,460,23911.73,23772.61,23864.68,24020.88,23972.24,23929.19,23889.52,23877.62,23849.5,23793.62,23726.21,23665.61,23610.13,23560.06,23516.31,23478.73,23446.88,23420.82,23400.49,23385.82,23376.71,23373.11,23374.92,23382.08,23394.5,23412.11,23434.83,23462.61,23495.37,23494.94
Q8 to SQ Flexible Electrolyser Piped for Domestic,SQ,Accelerated Transition,Q8,230,1274.35,1266.93,1271.84,1280.16,1277.57,1275.28,1273.16,1272.53,1271.03,1268.05,1264.46,1261.23,1258.27,1255.6,1253.27,1251.27,1249.57,1248.18,1247.1,1246.32,1245.83,1245.64,1245.74,1246.12,1246.78,1247.72,1248.93,1250.41,1252.16,1252.13
Q10 to NQ Flexible Electrolyser Piped for Domestic,NQ,Accelerated Transition,Q10,150,4519.91,4493.61,4511.02,4540.54,4531.35,4523.21,4515.71,4513.46,4508.15,4497.59,4484.84,4473.39,4462.9,4453.44,4445.17,4438.06,4432.04,4427.12,4423.27,4420.5,4418.78,4418.1,4418.44,4419.79,4422.14,4425.47,4429.77,4435.02,4441.21,4441.13
S1 to SESA Flexible Electrolyser Piped for Domestic,SESA,Accelerated Transition,S1,10,396.32,394.01,395.54,398.13,397.32,396.61,395.95,395.75,395.29,394.36,393.24,392.24,391.32,390.49,389.77,389.14,388.61,388.18,387.85,387.6,387.45,387.39,387.42,387.54,387.75,388.04,388.42,388.88,389.42,389.41
S2 to CSA Flexible Electrolyser Piped for Domestic,CSA,Accelerated Transition,S2,130,2353.43,2339.74,2348.8,2364.17,2359.38,2355.15,2351.24,2350.07,2347.3,2341.8,2335.17,2329.21,2323.74,2318.82,2314.51,2310.81,2307.68,2305.11,2303.11,2301.67,2300.77,2300.42,2300.6,2301.3,2302.52,2304.26,2306.49,2309.23,2312.45,2312.41
S3 to CSA Flexible Electrolyser Piped for Domestic,CSA,Accelerated Transition,S3,120,2172.4,2159.76,2168.12,2182.31,2177.89,2173.98,2170.38,2169.3,2166.74,2161.67,2155.54,2150.04,2145.0,2140.45,2136.47,2133.06,2130.17,2127.8,2125.95,2124.62,2123.79,2123.46,2123.63,2124.28,2125.41,2127.01,2129.07,2131.59,2134.57,2134.53
S5 to NSA Flexible Electrolyser Piped for Domestic,NSA,Accelerated Transition,S5,40,1123.24,1116.71,1121.03,1128.37,1126.09,1124.06,1122.2,1121.64,1120.32,1117.7,1114.53,1111.68,1109.08,1106.72,1104.67,1102.9,1101.41,1100.18,1099.23,1098.54,1098.11,1097.94,1098.03,1098.36,1098.95,1099.77,1100.84,1102.15,1103.68,1103.67
S7 to NSA Flexible Electrolyser Piped for Domestic,NSA,Accelerated Transition,S7,170,4773.79,4746.01,4764.39,4795.58,4785.87,4777.27,4769.35,4766.98,4761.36,4750.21,4736.75,4724.65,4713.57,4703.58,4694.85,4687.34,4680.98,4675.78,4671.72,4668.79,4666.97,4666.26,4666.62,4668.05,4670.53,4674.04,4678.58,4684.12,4690.66,4690.58
T1 to TAS Flexible Electrolyser Piped for Domestic,TAS,Accelerated Transition,T1,10,148.91,148.04,148.62,149.59,149.29,149.02,148.77,148.7,148.52,148.17,147.75,147.38,147.03,146.72,146.45,146.21,146.01,145.85,145.73,145.63,145.58,145.56,145.57,145.61,145.69,145.8,145.94,146.11,146.32,146.31
T3 to TAS Flexible Electrolyser Piped for Domestic,TAS,Accelerated Transition,T3,130,1935.77,1924.51,1931.97,1944.61,1940.67,1937.19,1933.98,1933.01,1930.74,1926.21,1920.76,1915.85,1911.36,1907.3,1903.76,1900.72,1898.14,1896.03,1894.39,1893.2,1892.46,1892.17,1892.32,1892.9,1893.9,1895.33,1897.17,1899.42,1902.07,1902.03
V1 to MEL Flexible Electrolyser Piped for Domestic,MEL,Accelerated Transition,V1,250,394.72,392.43,393.95,396.53,395.72,395.01,394.36,394.16,393.7,392.77,391.66,390.66,389.75,388.92,388.2,387.58,387.05,386.62,386.28,386.04,385.89,385.83,385.86,385.98,386.19,386.48,386.85,387.31,387.85,387.84
V1 to WNV Flexible Electrolyser Piped for Domestic,WNV,Accelerated Transition,V1,360,3125.86,3107.68,3119.71,3140.13,3133.77,3128.14,3122.96,3121.4,3117.73,3110.42,3101.61,3093.69,3086.44,3079.89,3074.17,3069.26,3065.09,3061.69,3059.03,3057.11,3055.92,3055.45,3055.69,3056.62,3058.25,3060.55,3063.52,3067.15,3071.43,3071.38
V2 to MEL Flexible Electrolyser Piped for Domestic,MEL,Accelerated Transition,V2,200,315.77,313.94,315.15,317.22,316.57,316.0,315.48,315.32,314.95,314.21,313.32,312.52,311.79,311.13,310.55,310.06,309.63,309.29,309.02,308.83,308.71,308.66,308.68,308.78,308.94,309.18,309.48,309.84,310.28,310.27
V2 to WNV Flexible Electrolyser Piped for Domestic,WNV,Accelerated Transition,V2,120,1071.45,1065.21,1069.34,1076.34,1074.16,1072.23,1070.45,1069.92,1068.66,1066.16,1063.14,1060.42,1057.93,1055.69,1053.73,1052.05,1050.62,1049.45,1048.54,1047.88,1047.48,1047.31,1047.39,1047.72,1048.27,1049.06,1050.08,1051.32,1052.79,1052.77
V5 to MEL Flexible Electrolyser Piped for Domestic,MEL,Accelerated Transition,V5,200,315.77,313.94,315.15,317.22,316.57,316.0,315.48,315.32,314.95,314.21,313.32,312.52,311.79,311.13,310.55,310.06,309.63,309.29,309.02,308.83,308.71,308.66,308.68,308.78,308.94,309.18,309.48,309.84,310.28,310.27
V5 to WNV Flexible Electrolyser Piped for Domestic,WNV,Accelerated Transition,V5,120,1071.45,1065.21,1069.34,1076.34,1074.16,1072.23,1070.45,1069.92,1068.66,1066.16,1063.14,1060.42,1057.93,1055.69,1053.73,1052.05,1050.62,1049.45,1048.54,1047.88,1047.48,1047.31,1047.39,1047.72,1048.27,1049.06,1050.08,1051.32,1052.79,1052.77
V6 to MEL Flexible Electrolyser Piped for Domestic,MEL,Accelerated Transition,V6,160,252.62,251.15,252.13,253.78,253.26,252.81,252.39,252.26,251.97,251.37,250.66,250.02,249.44,248.91,248.45,248.05,247.71,247.44,247.22,247.07,246.97,246.93,246.95,247.03,247.16,247.34,247.58,247.88,248.22,248.22
V6 to SEV Flexible Electrolyser Piped for Domestic,SEV,Accelerated Transition,V6,20,96.85,96.29,96.66,97.29,97.09,96.92,96.76,96.71,96.6,96.37,96.1,95.85,95.63,95.42,95.25,95.09,94.97,94.86,94.78,94.72,94.68,94.67,94.67,94.7,94.75,94.82,94.92,95.03,95.16,95.16
V7 to MEL Flexible Electrolyser Piped for Domestic,MEL,Accelerated Transition,V7,150,236.83,235.45,236.37,237.91,237.43,237.01,236.61,236.49,236.22,235.66,235.0,234.39,233.85,233.35,232.92,232.54,232.23,231.97,231.77,231.62,231.53,231.5,231.52,231.59,231.71,231.88,232.11,232.38,232.71,232.7
V7 to WNV Flexible Electrolyser Piped for Domestic,WNV,Accelerated Transition,V7,400,3473.18,3452.97,3466.34,3489.03,3481.97,3475.71,3469.95,3468.22,3464.14,3456.02,3446.23,3437.43,3429.37,3422.1,3415.74,3410.28,3405.66,3401.87,3398.92,3396.79,3395.47,3394.94,3395.21,3396.25,3398.05,3400.61,3403.91,3407.94,3412.7,3412.64
N1 to SNW Flexible Electrolyser Piped for Green Commodities,SNW,Accelerated Transition,N1,260,515.42,512.43,514.41,517.78,516.73,515.8,514.95,514.69,514.08,512.88,511.43,510.12,508.92,507.84,506.9,506.09,505.4,504.84,504.4,504.09,503.89,503.81,503.85,504.01,504.27,504.65,505.14,505.74,506.45,506.44
N2 to SNW Flexible Electrolyser Piped for Green Commodities,SNW,Accelerated Transition,N2,320,620.58,616.97,619.36,623.41,622.15,621.03,620.0,619.7,618.97,617.52,615.77,614.19,612.75,611.45,610.32,609.34,608.52,607.84,607.31,606.93,606.7,606.6,606.65,606.83,607.16,607.61,608.2,608.92,609.77,609.76
N3 to SNW Flexible Electrolyser Piped for Green Commodities,SNW,Accelerated Transition,N3,300,581.79,578.41,580.65,584.45,583.27,582.22,581.25,580.96,580.28,578.92,577.28,575.81,574.46,573.24,572.17,571.26,570.48,569.85,569.35,569.0,568.78,568.69,568.73,568.91,569.21,569.64,570.19,570.87,571.66,571.65
N6 to SNW Flexible Electrolyser Piped for Green Commodities,SNW,Accelerated Transition,N6,500,1008.79,1002.92,1006.81,1013.4,1011.34,1009.53,1007.85,1007.35,1006.17,1003.81,1000.96,998.41,996.07,993.96,992.11,990.52,989.18,988.08,987.22,986.6,986.22,986.07,986.14,986.45,986.97,987.71,988.67,989.84,991.23,991.21
N8 to SNW Flexible Electrolyser Piped for Green Commodities,SNW,Accelerated Transition,N8,450,872.69,867.61,870.97,876.67,874.9,873.33,871.88,871.45,870.42,868.38,865.92,863.71,861.68,859.86,858.26,856.89,855.73,854.77,854.03,853.5,853.16,853.03,853.1,853.36,853.81,854.46,855.29,856.3,857.49,857.48
N9 to SNW Flexible Electrolyser Piped for Green Commodities,SNW,Accelerated Transition,N9,110,218.06,216.79,217.63,219.06,218.61,218.22,217.86,217.75,217.49,216.98,216.37,215.82,215.31,214.85,214.46,214.11,213.82,213.58,213.4,213.27,213.18,213.15,213.17,213.23,213.34,213.5,213.71,213.97,214.26,214.26
N12 to SNW Flexible Electrolyser Piped for Green Commodities,SNW,Accelerated Transition,N12,200,396.48,394.17,395.7,398.29,397.48,396.77,396.11,395.92,395.45,394.52,393.4,392.4,391.48,390.65,389.92,389.3,388.77,388.34,388.0,387.76,387.61,387.55,387.58,387.7,387.9,388.2,388.57,389.03,389.58,389.57
Q1 to GG Flexible Electrolyser Piped for Green Commodities,GG,Accelerated Transition,Q1,900,1410.38,1402.17,1407.61,1416.82,1413.95,1411.41,1409.07,1408.37,1406.71,1403.41,1399.44,1395.86,1392.59,1389.64,1387.06,1384.84,1382.96,1381.43,1380.23,1379.36,1378.82,1378.61,1378.72,1379.14,1379.87,1380.91,1382.25,1383.89,1385.82,1385.8
Q4 to GG Flexible Electrolyser Piped for Green Commodities,GG,Accelerated Transition,Q4,220,337.41,335.45,336.75,338.95,338.27,337.66,337.1,336.93,336.53,335.75,334.79,333.94,333.16,332.45,331.83,331.3,330.85,330.49,330.2,329.99,329.86,329.81,329.84,329.94,330.11,330.36,330.68,331.08,331.54,331.53
Q6 to GG Flexible Electrolyser Piped for Green Commodities,GG,Accelerated Transition,Q6,80,122.69,121.98,122.45,123.25,123.0,122.78,122.58,122.52,122.37,122.09,121.74,121.43,121.15,120.89,120.66,120.47,120.31,120.17,120.07,120.0,119.95,119.93,119.94,119.98,120.04,120.13,120.25,120.39,120.56,120.56
Q7 to GG Flexible Electrolyser Piped for Green Commodities,GG,Accelerated Transition,Q7,260,398.77,396.45,397.98,400.59,399.78,399.06,398.4,398.2,397.73,396.8,395.68,394.66,393.74,392.9,392.17,391.55,391.02,390.58,390.24,390.0,389.85,389.79,389.82,389.94,390.14,390.44,390.82,391.28,391.83,391.82
Q8 to GG Flexible Electrolyser Piped for Green Commodities,GG,Accelerated Transition,Q8,460,690.73,686.71,689.37,693.88,692.48,691.23,690.09,689.74,688.93,687.32,685.37,683.62,682.02,680.57,679.31,678.22,677.3,676.55,675.96,675.54,675.27,675.17,675.22,675.43,675.79,676.3,676.95,677.76,678.7,678.69
Q10 to GG Flexible Electrolyser Piped for Green Commodities,GG,Accelerated Transition,Q10,510,799.22,794.57,797.65,802.87,801.24,799.8,798.48,798.08,797.14,795.27,793.02,790.99,789.14,787.46,786.0,784.75,783.68,782.81,782.13,781.64,781.34,781.22,781.28,781.52,781.93,782.52,783.28,784.21,785.3,785.29
S1 to NSA Flexible Electrolyser Piped for Green Commodities,NSA,Accelerated Transition,S1,600,1348.2,1340.35,1345.55,1354.35,1351.61,1349.18,1346.95,1346.27,1344.69,1341.54,1337.74,1334.32,1331.19,1328.37,1325.9,1323.78,1321.99,1320.52,1319.37,1318.55,1318.03,1317.83,1317.93,1318.33,1319.04,1320.03,1321.31,1322.88,1324.72,1324.7
S2 to NSA Flexible Electrolyser Piped for Green Commodities,NSA,Accelerated Transition,S2,310,670.48,666.58,669.16,673.54,672.17,670.97,669.85,669.52,668.73,667.17,665.27,663.58,662.02,660.62,659.39,658.34,657.44,656.71,656.14,655.73,655.47,655.37,655.42,655.63,655.97,656.47,657.1,657.88,658.8,658.79
S3 to NSA Flexible Electrolyser Piped for Green Commodities,NSA,Accelerated Transition,S3,220,486.57,483.74,485.61,488.79,487.8,486.92,486.12,485.87,485.3,484.17,482.79,481.56,480.43,479.41,478.52,477.76,477.11,476.58,476.17,475.87,475.68,475.61,475.65,475.79,476.04,476.4,476.86,477.43,478.1,478.09
S5 to NSA Flexible Electrolyser Piped for Green Commodities,NSA,Accelerated Transition,S5,40,88.46,87.95,88.29,88.87,88.69,88.53,88.38,88.34,88.23,88.03,87.78,87.55,87.35,87.16,87.0,86.86,86.74,86.65,86.57,86.52,86.49,86.47,86.48,86.5,86.55,86.62,86.7,86.8,86.92,86.92
S7 to NSA Flexible Electrolyser Piped for Green Commodities,NSA,Accelerated Transition,S7,170,375.98,373.79,375.24,377.7,376.93,376.26,375.63,375.44,375.0,374.12,373.06,372.11,371.24,370.45,369.76,369.17,368.67,368.26,367.94,367.71,367.57,367.51,367.54,367.65,367.85,368.13,368.48,368.92,369.43,369.43
T1 to TAS Flexible Electrolyser Piped for Green Commodities,TAS,Accelerated Transition,T1,10,76.91,76.46,76.76,77.26,77.1,76.97,76.84,76.8,76.71,76.53,76.31,76.12,75.94,75.78,75.64,75.52,75.41,75.33,75.26,75.22,75.19,75.18,75.18,75.21,75.25,75.3,75.38,75.46,75.57,75.57
T3 to TAS Flexible Electrolyser Piped for Green Commodities,TAS,Accelerated Transition,T3,130,999.78,993.96,997.81,1004.34,1002.31,1000.51,998.85,998.35,997.18,994.84,992.02,989.49,987.17,985.08,983.25,981.68,980.34,979.26,978.41,977.79,977.41,977.26,977.34,977.64,978.15,978.89,979.84,981.0,982.37,982.35
V1 to WNV Flexible Electrolyser Piped for Green Commodities,WNV,Accelerated Transition,V1,360,1739.64,1729.52,1736.21,1747.58,1744.04,1740.91,1738.02,1737.16,1735.11,1731.04,1726.14,1721.73,1717.69,1714.05,1710.87,1708.13,1705.82,1703.92,1702.44,1701.38,1700.71,1700.45,1700.58,1701.1,1702.01,1703.29,1704.94,1706.96,1709.35,1709.31
V2 to WNV Flexible Electrolyser Piped for Green Commodities,WNV,Accelerated Transition,V2,120,594.74,591.28,593.57,597.45,596.24,595.17,594.18,593.89,593.19,591.8,590.12,588.61,587.23,585.99,584.9,583.97,583.17,582.53,582.02,581.65,581.43,581.34,581.38,581.56,581.87,582.31,582.87,583.56,584.38,584.37
V5 to WNV Flexible Electrolyser Piped for Green Commodities,WNV,Accelerated Transition,V5,120,594.74,591.28,593.57,597.45,596.24,595.17,594.18,593.89,593.19,591.8,590.12,588.61,587.23,585.99,584.9,583.97,583.17,582.53,582.02,581.65,581.43,581.34,581.38,581.56,581.87,582.31,582.87,583.56,584.38,584.37
V6 to WNV Flexible Electrolyser Piped for Green Commodities,WNV,Accelerated Transition,V6,460,2222.87,2209.94,2218.5,2233.02,2228.5,2224.5,2220.81,2219.7,2217.09,2211.89,2205.63,2199.99,2194.84,2190.18,2186.11,2182.62,2179.66,2177.24,2175.35,2173.98,2173.14,2172.8,2172.97,2173.64,2174.79,2176.43,2178.54,2181.12,2184.17,2184.13
V7 to WNV Flexible Electrolyser Piped for Green Commodities,WNV,Accelerated Transition,V7,400,1932.93,1921.69,1929.13,1941.76,1937.83,1934.35,1931.14,1930.18,1927.91,1923.39,1917.94,1913.04,1908.55,1904.51,1900.97,1897.93,1895.36,1893.25,1891.61,1890.42,1889.69,1889.39,1889.54,1890.12,1891.12,1892.55,1894.38,1896.63,1899.28,1899.24
