RowID,IASR ID / DLT names,Power Station,Technology Type,Region,Sub-region,REZ Location,REZ ID,Status,Regional build cost zone,Uptake,Fuel type,Fuel cost mapping,Maintenance duration (%),Forced outage rate_Full outage (% of time),Forced outage rate_Partial outage (% of time),Mean time to repair_Full outage,Mean time to repair_Partial outage,Minimum load (MW),Maximum capacity factor (%),FOM ($/kW/annum),VOM ($/MWh sent-out),Heat rate,Pumping efficiency (%),MLF,Auxiliary load (%),Connection cost_Technology,Connection cost_Region,Build limit_Technology,Build limit_Region,Total lead time
655,PV CNSW,Distributed PV CNSW,PVNSG and Rooftop PV,NSW,CNSW,Not Applicable,Not Applicable,Consumer Energy Resources,Not Applicable,CNSW,Solar,Solar,Not Applicable,Not Applicable,Not Applicable,Not Applicable,Not Applicable,PV CNSW,Not Applicable,PVNSG and Rooftop PV,PVNSG and Rooftop PV,PVNSG and Rooftop PV,Not Applicable,Distributed PV CNSW,PVNSG and Rooftop PV,Not Applicable,Not Applicable,Not Applicable,Not Applicable,Not Applicable
656,PV NNSW,Distributed PV NNSW,PVNSG and Rooftop PV,NSW,NNSW,Not Applicable,Not Applicable,Consumer Energy Resources,Not Applicable,NNSW,Solar,Solar,Not Applicable,Not Applicable,Not Applicable,Not Applicable,Not Applicable,PV NNSW,Not Applicable,PVNSG and Rooftop PV,PVNSG and Rooftop PV,PVNSG and Rooftop PV,Not Applicable,Distributed PV NNSW,PVNSG and Rooftop PV,Not Applicable,Not Applicable,Not Applicable,Not Applicable,Not Applicable
657,PV SNSW,Distributed PV SNSW,PVNSG and Rooftop PV,NSW,SNSW,Not Applicable,Not Applicable,Consumer Energy Resources,Not Applicable,SNSW,Solar,Solar,Not Applicable,Not Applicable,Not Applicable,Not Applicable,Not Applicable,PV SNSW,Not Applicable,PVNSG and Rooftop PV,PVNSG and Rooftop PV,PVNSG and Rooftop PV,Not Applicable,Distributed PV SNSW,PVNSG and Rooftop PV,Not Applicable,Not Applicable,Not Applicable,Not Applicable,Not Applicable
658,PV SNW,Distributed PV SNW,PVNSG and Rooftop PV,NSW,SNW,Not Applicable,Not Applicable,Consumer Energy Resources,Not Applicable,SNW,Solar,Solar,Not Applicable,Not Applicable,Not Applicable,Not Applicable,Not Applicable,PV SNW,Not Applicable,PVNSG and Rooftop PV,PVNSG and Rooftop PV,PVNSG and Rooftop PV,Not Applicable,Distributed PV SNW,PVNSG and Rooftop PV,Not Applicable,Not Applicable,Not Applicable,Not Applicable,Not Applicable
659,PV CQ,Distributed PV CQ,PVNSG and Rooftop PV,QLD,CQ,Not Applicable,Not Applicable,Consumer Energy Resources,Not Applicable,CQ,Solar,Solar,Not Applicable,Not Applicable,Not Applicable,Not Applicable,Not Applicable,PV CQ,Not Applicable,PVNSG and Rooftop PV,PVNSG and Rooftop PV,PVNSG and Rooftop PV,Not Applicable,Distributed PV CQ,PVNSG and Rooftop PV,Not Applicable,Not Applicable,Not Applicable,Not Applicable,Not Applicable
660,PV GG,Distributed PV GG,PVNSG and Rooftop PV,QLD,GG,Not Applicable,Not Applicable,Consumer Energy Resources,Not Applicable,GG,Solar,Solar,Not Applicable,Not Applicable,Not Applicable,Not Applicable,Not Applicable,PV GG,Not Applicable,PVNSG and Rooftop PV,PVNSG and Rooftop PV,PVNSG and Rooftop PV,Not Applicable,Distributed PV GG,PVNSG and Rooftop PV,Not Applicable,Not Applicable,Not Applicable,Not Applicable,Not Applicable
661,PV NQ,Distributed PV NQ,PVNSG and Rooftop PV,QLD,NQ,Not Applicable,Not Applicable,Consumer Energy Resources,Not Applicable,NQ,Solar,Solar,Not Applicable,Not Applicable,Not Applicable,Not Applicable,Not Applicable,PV NQ,Not Applicable,PVNSG and Rooftop PV,PVNSG and Rooftop PV,PVNSG and Rooftop PV,Not Applicable,Distributed PV NQ,PVNSG and Rooftop PV,Not Applicable,Not Applicable,Not Applicable,Not Applicable,Not Applicable
662,PV SQ,Distributed PV SQ,PVNSG and Rooftop PV,QLD,SQ,Not Applicable,Not Applicable,Consumer Energy Resources,Not Applicable,SQ,Solar,Solar,Not Applicable,Not Applicable,Not Applicable,Not Applicable,Not Applicable,PV SQ,Not Applicable,PVNSG and Rooftop PV,PVNSG and Rooftop PV,PVNSG and Rooftop PV,Not Applicable,Distributed PV SQ,PVNSG and Rooftop PV,Not Applicable,Not Applicable,Not Applicable,Not Applicable,Not Applicable
663,PV CSA,Distributed PV CSA,PVNSG and Rooftop PV,SA,CSA,Not Applicable,Not Applicable,Consumer Energy Resources,Not Applicable,CSA,Solar,Solar,Not Applicable,Not Applicable,Not Applicable,Not Applicable,Not Applicable,PV CSA,Not Applicable,PVNSG and Rooftop PV,PVNSG and Rooftop PV,PVNSG and Rooftop PV,Not Applicable,Distributed PV CSA,PVNSG and Rooftop PV,Not Applicable,Not Applicable,Not Applicable,Not Applicable,Not Applicable
664,PV NSA,Distributed PV NSA,PVNSG and Rooftop PV,SA,NSA,Not Applicable,Not Applicable,Consumer Energy Resources,Not Applicable,NSA,Solar,Solar,Not Applicable,Not Applicable,Not Applicable,Not Applicable,Not Applicable,PV NSA,Not Applicable,PVNSG and Rooftop PV,PVNSG and Rooftop PV,PVNSG and Rooftop PV,Not Applicable,Distributed PV NSA,PVNSG and Rooftop PV,Not Applicable,Not Applicable,Not Applicable,Not Applicable,Not Applicable
665,PV SESA,Distributed PV SESA,PVNSG and Rooftop PV,SA,SESA,Not Applicable,Not Applicable,Consumer Energy Resources,Not Applicable,SESA,Solar,Solar,Not Applicable,Not Applicable,Not Applicable,Not Applicable,Not Applicable,PV SESA,Not Applicable,PVNSG and Rooftop PV,PVNSG and Rooftop PV,PVNSG and Rooftop PV,Not Applicable,Distributed PV SESA,PVNSG and Rooftop PV,Not Applicable,Not Applicable,Not Applicable,Not Applicable,Not Applicable
666,PV TAS,Distributed PV TAS,PVNSG and Rooftop PV,TAS,TAS,Not Applicable,Not Applicable,Consumer Energy Resources,Not Applicable,TAS,Solar,Solar,Not Applicable,Not Applicable,Not Applicable,Not Applicable,Not Applicable,PV TAS,Not Applicable,PVNSG and Rooftop PV,PVNSG and Rooftop PV,PVNSG and Rooftop PV,Not Applicable,Distributed PV TAS,PVNSG and Rooftop PV,Not Applicable,Not Applicable,Not Applicable,Not Applicable,Not Applicable
667,PV MEL,Distributed PV MEL,PVNSG and Rooftop PV,VIC,MEL,Not Applicable,Not Applicable,Consumer Energy Resources,Not Applicable,MEL,Solar,Solar,Not Applicable,Not Applicable,Not Applicable,Not Applicable,Not Applicable,PV MEL,Not Applicable,PVNSG and Rooftop PV,PVNSG and Rooftop PV,PVNSG and Rooftop PV,Not Applicable,Distributed PV MEL,PVNSG and Rooftop PV,Not Applicable,Not Applicable,Not Applicable,Not Applicable,Not Applicable
668,PV SEV,Distributed PV SEV,PVNSG and Rooftop PV,VIC,SEV,Not Applicable,Not Applicable,Consumer Energy Resources,Not Applicable,SEV,Solar,Solar,Not Applicable,Not Applicable,Not Applicable,Not Applicable,Not Applicable,PV SEV,Not Applicable,PVNSG and Rooftop PV,PVNSG and Rooftop PV,PVNSG and Rooftop PV,Not Applicable,Distributed PV SEV,PVNSG and Rooftop PV,Not Applicable,Not Applicable,Not Applicable,Not Applicable,Not Applicable
669,PV WNV,Distributed PV WNV,PVNSG and Rooftop PV,VIC,WNV,Not Applicable,Not Applicable,Consumer Energy Resources,Not Applicable,WNV,Solar,Solar,Not Applicable,Not Applicable,Not Applicable,Not Applicable,Not Applicable,PV WNV,Not Applicable,PVNSG and Rooftop PV,PVNSG and Rooftop PV,PVNSG and Rooftop PV,Not Applicable,Distributed PV WNV,PVNSG and Rooftop PV,Not Applicable,Not Applicable,Not Applicable,Not Applicable,Not Applicable
670,CNSW Battery - Coordinated CER Storages,CNSW Battery - Coordinated CER Storages,VPP (aggregated ESS) - Coordinated CER,NSW,CNSW,Not Applicable,Not Applicable,Consumer Energy Resources,Not Applicable,CNSW,Battery,Battery,Not Applicable,Not Applicable,Not Applicable,Not Applicable,Not Applicable,CNSW Battery - Coordinated CER Storages,Not Applicable,VPP (aggregated ESS) - Coordinated CER,VPP (aggregated ESS) - Coordinated CER,VPP (aggregated ESS) - Coordinated CER,Not Applicable,CNSW Battery - Coordinated CER Storages,VPP (aggregated ESS) - Coordinated CER,Not Applicable,Not Applicable,Not Applicable,Not Applicable,Not Applicable
671,NNSW Battery - Coordinated CER Storages,NNSW Battery - Coordinated CER Storages,VPP (aggregated ESS) - Coordinated CER,NSW,NNSW,Not Applicable,Not Applicable,Consumer Energy Resources,Not Applicable,NNSW,Battery,Battery,Not Applicable,Not Applicable,Not Applicable,Not Applicable,Not Applicable,NNSW Battery - Coordinated CER Storages,Not Applicable,VPP (aggregated ESS) - Coordinated CER,VPP (aggregated ESS) - Coordinated CER,VPP (aggregated ESS) - Coordinated CER,Not Applicable,NNSW Battery - Coordinated CER Storages,VPP (aggregated ESS) - Coordinated CER,Not Applicable,Not Applicable,Not Applicable,Not Applicable,Not Applicable
672,SNSW Battery - Coordinated CER Storages,SNSW Battery - Coordinated CER Storages,VPP (aggregated ESS) - Coordinated CER,NSW,SNSW,Not Applicable,Not Applicable,Consumer Energy Resources,Not Applicable,SNSW,Battery,Battery,Not Applicable,Not Applicable,Not Applicable,Not Applicable,Not Applicable,SNSW Battery - Coordinated CER Storages,Not Applicable,VPP (aggregated ESS) - Coordinated CER,VPP (aggregated ESS) - Coordinated CER,VPP (aggregated ESS) - Coordinated CER,Not Applicable,SNSW Battery - Coordinated CER Storages,VPP (aggregated ESS) - Coordinated CER,Not Applicable,Not Applicable,Not Applicable,Not Applicable,Not Applicable
673,SNW Battery - Coordinated CER Storages,SNW Battery - Coordinated CER Storages,VPP (aggregated ESS) - Coordinated CER,NSW,SNW,Not Applicable,Not Applicable,Consumer Energy Resources,Not Applicable,SNW,Battery,Battery,Not Applicable,Not Applicable,Not Applicable,Not Applicable,Not Applicable,SNW Battery - Coordinated CER Storages,Not Applicable,VPP (aggregated ESS) - Coordinated CER,VPP (aggregated ESS) - Coordinated CER,VPP (aggregated ESS) - Coordinated CER,Not Applicable,SNW Battery - Coordinated CER Storages,VPP (aggregated ESS) - Coordinated CER,Not Applicable,Not Applicable,Not Applicable,Not Applicable,Not Applicable
674,CQ Battery - Coordinated CER Storages,CQ Battery - Coordinated CER Storages,VPP (aggregated ESS) - Coordinated CER,QLD,CQ,Not Applicable,Not Applicable,Consumer Energy Resources,Not Applicable,CQ,Battery,Battery,Not Applicable,Not Applicable,Not Applicable,Not Applicable,Not Applicable,CQ Battery - Coordinated CER Storages,Not Applicable,VPP (aggregated ESS) - Coordinated CER,VPP (aggregated ESS) - Coordinated CER,VPP (aggregated ESS) - Coordinated CER,Not Applicable,CQ Battery - Coordinated CER Storages,VPP (aggregated ESS) - Coordinated CER,Not Applicable,Not Applicable,Not Applicable,Not Applicable,Not Applicable
675,GG Battery - Coordinated CER Storages,GG Battery - Coordinated CER Storages,VPP (aggregated ESS) - Coordinated CER,QLD,GG,Not Applicable,Not Applicable,Consumer Energy Resources,Not Applicable,GG,Battery,Battery,Not Applicable,Not Applicable,Not Applicable,Not Applicable,Not Applicable,GG Battery - Coordinated CER Storages,Not Applicable,VPP (aggregated ESS) - Coordinated CER,VPP (aggregated ESS) - Coordinated CER,VPP (aggregated ESS) - Coordinated CER,Not Applicable,GG Battery - Coordinated CER Storages,VPP (aggregated ESS) - Coordinated CER,Not Applicable,Not Applicable,Not Applicable,Not Applicable,Not Applicable
676,NQ Battery - Coordinated CER Storages,NQ Battery - Coordinated CER Storages,VPP (aggregated ESS) - Coordinated CER,QLD,NQ,Not Applicable,Not Applicable,Consumer Energy Resources,Not Applicable,NQ,Battery,Battery,Not Applicable,Not Applicable,Not Applicable,Not Applicable,Not Applicable,NQ Battery - Coordinated CER Storages,Not Applicable,VPP (aggregated ESS) - Coordinated CER,VPP (aggregated ESS) - Coordinated CER,VPP (aggregated ESS) - Coordinated CER,Not Applicable,NQ Battery - Coordinated CER Storages,VPP (aggregated ESS) - Coordinated CER,Not Applicable,Not Applicable,Not Applicable,Not Applicable,Not Applicable
677,SQ Battery - Coordinated CER Storages,SQ Battery - Coordinated CER Storages,VPP (aggregated ESS) - Coordinated CER,QLD,SQ,Not Applicable,Not Applicable,Consumer Energy Resources,Not Applicable,SQ,Battery,Battery,Not Applicable,Not Applicable,Not Applicable,Not Applicable,Not Applicable,SQ Battery - Coordinated CER Storages,Not Applicable,VPP (aggregated ESS) - Coordinated CER,VPP (aggregated ESS) - Coordinated CER,VPP (aggregated ESS) - Coordinated CER,Not Applicable,SQ Battery - Coordinated CER Storages,VPP (aggregated ESS) - Coordinated CER,Not Applicable,Not Applicable,Not Applicable,Not Applicable,Not Applicable
678,CSA Battery - Coordinated CER Storages,CSA Battery - Coordinated CER Storages,VPP (aggregated ESS) - Coordinated CER,SA,CSA,Not Applicable,Not Applicable,Consumer Energy Resources,Not Applicable,CSA,Battery,Battery,Not Applicable,Not Applicable,Not Applicable,Not Applicable,Not Applicable,CSA Battery - Coordinated CER Storages,Not Applicable,VPP (aggregated ESS) - Coordinated CER,VPP (aggregated ESS) - Coordinated CER,VPP (aggregated ESS) - Coordinated CER,Not Applicable,CSA Battery - Coordinated CER Storages,VPP (aggregated ESS) - Coordinated CER,Not Applicable,Not Applicable,Not Applicable,Not Applicable,Not Applicable
679,NSA Battery - Coordinated CER Storages,NSA Battery - Coordinated CER Storages,VPP (aggregated ESS) - Coordinated CER,SA,NSA,Not Applicable,Not Applicable,Consumer Energy Resources,Not Applicable,NSA,Battery,Battery,Not Applicable,Not Applicable,Not Applicable,Not Applicable,Not Applicable,NSA Battery - Coordinated CER Storages,Not Applicable,VPP (aggregated ESS) - Coordinated CER,VPP (aggregated ESS) - Coordinated CER,VPP (aggregated ESS) - Coordinated CER,Not Applicable,NSA Battery - Coordinated CER Storages,VPP (aggregated ESS) - Coordinated CER,Not Applicable,Not Applicable,Not Applicable,Not Applicable,Not Applicable
680,SESA Battery - Coordinated CER Storages,SESA Battery - Coordinated CER Storages,VPP (aggregated ESS) - Coordinated CER,SA,SESA,Not Applicable,Not Applicable,Consumer Energy Resources,Not Applicable,SESA,Battery,Battery,Not Applicable,Not Applicable,Not Applicable,Not Applicable,Not Applicable,SESA Battery - Coordinated CER Storages,Not Applicable,VPP (aggregated ESS) - Coordinated CER,VPP (aggregated ESS) - Coordinated CER,VPP (aggregated ESS) - Coordinated CER,Not Applicable,SESA Battery - Coordinated CER Storages,VPP (aggregated ESS) - Coordinated CER,Not Applicable,Not Applicable,Not Applicable,Not Applicable,Not Applicable
681,TAS Battery - Coordinated CER Storages,TAS Battery - Coordinated CER Storages,VPP (aggregated ESS) - Coordinated CER,TAS,TAS,Not Applicable,Not Applicable,Consumer Energy Resources,Not Applicable,TAS,Battery,Battery,Not Applicable,Not Applicable,Not Applicable,Not Applicable,Not Applicable,TAS Battery - Coordinated CER Storages,Not Applicable,VPP (aggregated ESS) - Coordinated CER,VPP (aggregated ESS) - Coordinated CER,VPP (aggregated ESS) - Coordinated CER,Not Applicable,TAS Battery - Coordinated CER Storages,VPP (aggregated ESS) - Coordinated CER,Not Applicable,Not Applicable,Not Applicable,Not Applicable,Not Applicable
682,SEV Battery - Coordinated CER Storages,SEV Battery - Coordinated CER Storages,VPP (aggregated ESS) - Coordinated CER,VIC,SEV,Not Applicable,Not Applicable,Consumer Energy Resources,Not Applicable,SEV,Battery,Battery,Not Applicable,Not Applicable,Not Applicable,Not Applicable,Not Applicable,SEV Battery - Coordinated CER Storages,Not Applicable,VPP (aggregated ESS) - Coordinated CER,VPP (aggregated ESS) - Coordinated CER,VPP (aggregated ESS) - Coordinated CER,Not Applicable,SEV Battery - Coordinated CER Storages,VPP (aggregated ESS) - Coordinated CER,Not Applicable,Not Applicable,Not Applicable,Not Applicable,Not Applicable
683,MEL Battery - Coordinated CER Storages,MEL Battery - Coordinated CER Storages,VPP (aggregated ESS) - Coordinated CER,VIC,MEL,Not Applicable,Not Applicable,Consumer Energy Resources,Not Applicable,MEL,Battery,Battery,Not Applicable,Not Applicable,Not Applicable,Not Applicable,Not Applicable,MEL Battery - Coordinated CER Storages,Not Applicable,VPP (aggregated ESS) - Coordinated CER,VPP (aggregated ESS) - Coordinated CER,VPP (aggregated ESS) - Coordinated CER,Not Applicable,MEL Battery - Coordinated CER Storages,VPP (aggregated ESS) - Coordinated CER,Not Applicable,Not Applicable,Not Applicable,Not Applicable,Not Applicable
684,WNV Battery - Coordinated CER Storages,WNV Battery - Coordinated CER Storages,VPP (aggregated ESS) - Coordinated CER,VIC,WNV,Not Applicable,Not Applicable,Consumer Energy Resources,Not Applicable,WNV,Battery,Battery,Not Applicable,Not Applicable,Not Applicable,Not Applicable,Not Applicable,WNV Battery - Coordinated CER Storages,Not Applicable,VPP (aggregated ESS) - Coordinated CER,VPP (aggregated ESS) - Coordinated CER,VPP (aggregated ESS) - Coordinated CER,Not Applicable,WNV Battery - Coordinated CER Storages,VPP (aggregated ESS) - Coordinated CER,Not Applicable,Not Applicable,Not Applicable,Not Applicable,Not Applicable
685,CNSW V2G,V2G CNSW,VPP (aggregated ESS) - V2G,NSW,CNSW,Not Applicable,Not Applicable,Consumer Energy Resources,Not Applicable,CNSW,Battery,Battery,Not Applicable,Not Applicable,Not Applicable,Not Applicable,Not Applicable,CNSW V2G,Not Applicable,VPP (aggregated ESS) - V2G,VPP (aggregated ESS) - V2G,VPP (aggregated ESS) - V2G,Not Applicable,V2G CNSW,VPP (aggregated ESS) - V2G,Not Applicable,Not Applicable,Not Applicable,Not Applicable,Not Applicable
686,NNSW V2G,V2G NNSW,VPP (aggregated ESS) - V2G,NSW,NNSW,Not Applicable,Not Applicable,Consumer Energy Resources,Not Applicable,NNSW,Battery,Battery,Not Applicable,Not Applicable,Not Applicable,Not Applicable,Not Applicable,NNSW V2G,Not Applicable,VPP (aggregated ESS) - V2G,VPP (aggregated ESS) - V2G,VPP (aggregated ESS) - V2G,Not Applicable,V2G NNSW,VPP (aggregated ESS) - V2G,Not Applicable,Not Applicable,Not Applicable,Not Applicable,Not Applicable
687,SNSW V2G,V2G SNSW,VPP (aggregated ESS) - V2G,NSW,SNSW,Not Applicable,Not Applicable,Consumer Energy Resources,Not Applicable,SNSW,Battery,Battery,Not Applicable,Not Applicable,Not Applicable,Not Applicable,Not Applicable,SNSW V2G,Not Applicable,VPP (aggregated ESS) - V2G,VPP (aggregated ESS) - V2G,VPP (aggregated ESS) - V2G,Not Applicable,V2G SNSW,VPP (aggregated ESS) - V2G,Not Applicable,Not Applicable,Not Applicable,Not Applicable,Not Applicable
688,SNW V2G,V2G SNW,VPP (aggregated ESS) - V2G,NSW,SNW,Not Applicable,Not Applicable,Consumer Energy Resources,Not Applicable,SNW,Battery,Battery,Not Applicable,Not Applicable,Not Applicable,Not Applicable,Not Applicable,SNW V2G,Not Applicable,VPP (aggregated ESS) - V2G,VPP (aggregated ESS) - V2G,VPP (aggregated ESS) - V2G,Not Applicable,V2G SNW,VPP (aggregated ESS) - V2G,Not Applicable,Not Applicable,Not Applicable,Not Applicable,Not Applicable
689,CQ V2G,V2G CQ,VPP (aggregated ESS) - V2G,QLD,CQ,Not Applicable,Not Applicable,Consumer Energy Resources,Not Applicable,CQ,Battery,Battery,Not Applicable,Not Applicable,Not Applicable,Not Applicable,Not Applicable,CQ V2G,Not Applicable,VPP (aggregated ESS) - V2G,VPP (aggregated ESS) - V2G,VPP (aggregated ESS) - V2G,Not Applicable,V2G CQ,VPP (aggregated ESS) - V2G,Not Applicable,Not Applicable,Not Applicable,Not Applicable,Not Applicable
690,GG V2G,V2G GG,VPP (aggregated ESS) - V2G,QLD,GG,Not Applicable,Not Applicable,Consumer Energy Resources,Not Applicable,GG,Battery,Battery,Not Applicable,Not Applicable,Not Applicable,Not Applicable,Not Applicable,GG V2G,Not Applicable,VPP (aggregated ESS) - V2G,VPP (aggregated ESS) - V2G,VPP (aggregated ESS) - V2G,Not Applicable,V2G GG,VPP (aggregated ESS) - V2G,Not Applicable,Not Applicable,Not Applicable,Not Applicable,Not Applicable
691,NQ V2G,V2G NQ,VPP (aggregated ESS) - V2G,QLD,NQ,Not Applicable,Not Applicable,Consumer Energy Resources,Not Applicable,NQ,Battery,Battery,Not Applicable,Not Applicable,Not Applicable,Not Applicable,Not Applicable,NQ V2G,Not Applicable,VPP (aggregated ESS) - V2G,VPP (aggregated ESS) - V2G,VPP (aggregated ESS) - V2G,Not Applicable,V2G NQ,VPP (aggregated ESS) - V2G,Not Applicable,Not Applicable,Not Applicable,Not Applicable,Not Applicable
692,SQ V2G,V2G SQ,VPP (aggregated ESS) - V2G,QLD,SQ,Not Applicable,Not Applicable,Consumer Energy Resources,Not Applicable,SQ,Battery,Battery,Not Applicable,Not Applicable,Not Applicable,Not Applicable,Not Applicable,SQ V2G,Not Applicable,VPP (aggregated ESS) - V2G,VPP (aggregated ESS) - V2G,VPP (aggregated ESS) - V2G,Not Applicable,V2G SQ,VPP (aggregated ESS) - V2G,Not Applicable,Not Applicable,Not Applicable,Not Applicable,Not Applicable
693,CSA V2G,V2G CSA,VPP (aggregated ESS) - V2G,SA,CSA,Not Applicable,Not Applicable,Consumer Energy Resources,Not Applicable,CSA,Battery,Battery,Not Applicable,Not Applicable,Not Applicable,Not Applicable,Not Applicable,CSA V2G,Not Applicable,VPP (aggregated ESS) - V2G,VPP (aggregated ESS) - V2G,VPP (aggregated ESS) - V2G,Not Applicable,V2G CSA,VPP (aggregated ESS) - V2G,Not Applicable,Not Applicable,Not Applicable,Not Applicable,Not Applicable
694,NSA V2G,V2G NSA,VPP (aggregated ESS) - V2G,SA,NSA,Not Applicable,Not Applicable,Consumer Energy Resources,Not Applicable,NSA,Battery,Battery,Not Applicable,Not Applicable,Not Applicable,Not Applicable,Not Applicable,NSA V2G,Not Applicable,VPP (aggregated ESS) - V2G,VPP (aggregated ESS) - V2G,VPP (aggregated ESS) - V2G,Not Applicable,V2G NSA,VPP (aggregated ESS) - V2G,Not Applicable,Not Applicable,Not Applicable,Not Applicable,Not Applicable
695,SESA V2G,V2G SESA,VPP (aggregated ESS) - V2G,SA,SESA,Not Applicable,Not Applicable,Consumer Energy Resources,Not Applicable,SESA,Battery,Battery,Not Applicable,Not Applicable,Not Applicable,Not Applicable,Not Applicable,SESA V2G,Not Applicable,VPP (aggregated ESS) - V2G,VPP (aggregated ESS) - V2G,VPP (aggregated ESS) - V2G,Not Applicable,V2G SESA,VPP (aggregated ESS) - V2G,Not Applicable,Not Applicable,Not Applicable,Not Applicable,Not Applicable
696,TAS V2G,V2G TAS,VPP (aggregated ESS) - V2G,TAS,TAS,Not Applicable,Not Applicable,Consumer Energy Resources,Not Applicable,TAS,Battery,Battery,Not Applicable,Not Applicable,Not Applicable,Not Applicable,Not Applicable,TAS V2G,Not Applicable,VPP (aggregated ESS) - V2G,VPP (aggregated ESS) - V2G,VPP (aggregated ESS) - V2G,Not Applicable,V2G TAS,VPP (aggregated ESS) - V2G,Not Applicable,Not Applicable,Not Applicable,Not Applicable,Not Applicable
697,MEL V2G,V2G MEL,VPP (aggregated ESS) - V2G,VIC,MEL,Not Applicable,Not Applicable,Consumer Energy Resources,Not Applicable,MEL,Battery,Battery,Not Applicable,Not Applicable,Not Applicable,Not Applicable,Not Applicable,MEL V2G,Not Applicable,VPP (aggregated ESS) - V2G,VPP (aggregated ESS) - V2G,VPP (aggregated ESS) - V2G,Not Applicable,V2G MEL,VPP (aggregated ESS) - V2G,Not Applicable,Not Applicable,Not Applicable,Not Applicable,Not Applicable
698,SEV V2G,V2G SEV,VPP (aggregated ESS) - V2G,VIC,SEV,Not Applicable,Not Applicable,Consumer Energy Resources,Not Applicable,SEV,Battery,Battery,Not Applicable,Not Applicable,Not Applicable,Not Applicable,Not Applicable,SEV V2G,Not Applicable,VPP (aggregated ESS) - V2G,VPP (aggregated ESS) - V2G,VPP (aggregated ESS) - V2G,Not Applicable,V2G SEV,VPP (aggregated ESS) - V2G,Not Applicable,Not Applicable,Not Applicable,Not Applicable,Not Applicable
699,WNV V2G,V2G WNV,VPP (aggregated ESS) - V2G,VIC,WNV,Not Applicable,Not Applicable,Consumer Energy Resources,Not Applicable,WNV,Battery,Battery,Not Applicable,Not Applicable,Not Applicable,Not Applicable,Not Applicable,WNV V2G,Not Applicable,VPP (aggregated ESS) - V2G,VPP (aggregated ESS) - V2G,VPP (aggregated ESS) - V2G,Not Applicable,V2G WNV,VPP (aggregated ESS) - V2G,Not Applicable,Not Applicable,Not Applicable,Not Applicable,Not Applicable
700,NSW DSP,NSW DSP,Demand Side Participation,NSW,SNW,Not Applicable,Not Applicable,Consumer Energy Resources,Not Applicable,NSW DSP,Price-responsive load shedding,Price-responsive load shedding,Not Applicable,Not Applicable,Not Applicable,Not Applicable,Not Applicable,NSW DSP,Not Applicable,Demand Side Participation,Demand Side Participation,Demand Side Participation,Not Applicable,NSW DSP,Demand Side Participation,Not Applicable,Not Applicable,Not Applicable,Not Applicable,Not Applicable
701,QLD DSP,QLD DSP,Demand Side Participation,QLD,SQ,Not Applicable,Not Applicable,Consumer Energy Resources,Not Applicable,QLD DSP,Price-responsive load shedding,Price-responsive load shedding,Not Applicable,Not Applicable,Not Applicable,Not Applicable,Not Applicable,QLD DSP,Not Applicable,Demand Side Participation,Demand Side Participation,Demand Side Participation,Not Applicable,QLD DSP,Demand Side Participation,Not Applicable,Not Applicable,Not Applicable,Not Applicable,Not Applicable
702,SA DSP,SA DSP,Demand Side Participation,SA,CSA,Not Applicable,Not Applicable,Consumer Energy Resources,Not Applicable,SA DSP,Price-responsive load shedding,Price-responsive load shedding,Not Applicable,Not Applicable,Not Applicable,Not Applicable,Not Applicable,SA DSP,Not Applicable,Demand Side Participation,Demand Side Participation,Demand Side Participation,Not Applicable,SA DSP,Demand Side Participation,Not Applicable,Not Applicable,Not Applicable,Not Applicable,Not Applicable
703,TAS DSP,TAS DSP,Demand Side Participation,TAS,TAS,Not Applicable,Not Applicable,Consumer Energy Resources,Not Applicable,TAS DSP,Price-responsive load shedding,Price-responsive load shedding,Not Applicable,Not Applicable,Not Applicable,Not Applicable,Not Applicable,TAS DSP,Not Applicable,Demand Side Participation,Demand Side Participation,Demand Side Participation,Not Applicable,TAS DSP,Demand Side Participation,Not Applicable,Not Applicable,Not Applicable,Not Applicable,Not Applicable
704,VIC DSP,VIC DSP,Demand Side Participation,VIC,MEL,Not Applicable,Not Applicable,Consumer Energy Resources,Not Applicable,VIC DSP,Price-responsive load shedding,Price-responsive load shedding,Not Applicable,Not Applicable,Not Applicable,Not Applicable,Not Applicable,VIC DSP,Not Applicable,Demand Side Participation,Demand Side Participation,Demand Side Participation,Not Applicable,VIC DSP,Demand Side Participation,Not Applicable,Not Applicable,Not Applicable,Not Applicable,Not Applicable
