IASR ID,Power Station,Technology,Fixed OPEX ($/kW/year)
BW01,Bayswater,Steam Sub Critical,28.0
BW02,Bayswater,Steam Sub Critical,28.0
BW03,Bayswater,Steam Sub Critical,28.0
BW04,Bayswater,Steam Sub Critical,28.0
CALL_B_1,Callide B,Steam Sub Critical,38.0
CALL_B_2,Callide B,Steam Sub Critical,38.0
CPP_3,Callide C,Steam Super Critical,52.0
CPP_4,Callide C,Steam Super Critical,52.0
ER01,Eraring,Steam Sub Critical,28.0
ER02,Eraring,Steam Sub Critical,28.0
ER03,Eraring,Steam Sub Critical,28.0
ER04,Eraring,Steam Sub Critical,28.0
GSTONE1,Gladstone,Steam Sub Critical,38.0
GSTONE2,Gladstone,Steam Sub Critical,38.0
GSTONE3,Gladstone,Steam Sub Critical,38.0
GSTONE4,Gladstone,Steam Sub Critical,38.0
GSTONE5,Gladstone,Steam Sub Critical,38.0
GSTONE6,Gladstone,Steam Sub Critical,38.0
KPP_1,Kogan Creek,Steam Super Critical,52.0
MPP_1,Millmerran,Steam Super Critical,52.0
MPP_2,Millmerran,Steam Super Critical,52.0
MP1,Mt Piper,Steam Sub Critical,28.0
MP2,Mt Piper,Steam Sub Critical,28.0
STAN-1,Stanwell,Steam Sub Critical,38.0
STAN-2,Stanwell,Steam Sub Critical,38.0
STAN-3,Stanwell,Steam Sub Critical,38.0
STAN-4,Stanwell,Steam Sub Critical,38.0
TARONG#1,Tarong,Steam Sub Critical,38.0
TARONG#2,Tarong,Steam Sub Critical,38.0
TARONG#3,Tarong,Steam Sub Critical,38.0
TARONG#4,Tarong,Steam Sub Critical,38.0
TNPS1,Tarong North,Steam Super Critical,52.0
VP5,Vales Point B,Steam Sub Critical,28.0
VP6,Vales Point B,Steam Sub Critical,28.0
LYA1,Loy Yang A Power Station,Steam Sub Critical,63.0
LYA2,Loy Yang A Power Station,Steam Sub Critical,63.0
LYA3,Loy Yang A Power Station,Steam Sub Critical,63.0
LYA4,Loy Yang A Power Station,Steam Sub Critical,63.0
LOYYB1,Loy Yang B,Steam Sub Critical,63.0
LOYYB2,Loy Yang B,Steam Sub Critical,63.0
YWPS1,Yallourn W,Steam Sub Critical,45.0
YWPS2,Yallourn W,Steam Sub Critical,45.0
YWPS3,Yallourn W,Steam Sub Critical,45.0
YWPS4,Yallourn W,Steam Sub Critical,45.0
ANGAS1,Angaston,Reciprocating engine,36.0
ANGAS2,Angaston,Reciprocating engine,36.0
BDL01,Bairnsdale,OCGT (small GT),27.8416090509113
BDL02,Bairnsdale,OCGT (small GT),27.8416090509113
BARCALDN,Barcaldine Power Station,OCGT (small GT),37.3588342440801
BIPS1_01,Barker Inlet Power Station,Reciprocating engine,36.0
BIPS1_02,Barker Inlet Power Station,Reciprocating engine,36.0
BIPS1_03,Barker Inlet Power Station,Reciprocating engine,36.0
BIPS1_04,Barker Inlet Power Station,Reciprocating engine,36.0
BIPS1_05,Barker Inlet Power Station,Reciprocating engine,36.0
BIPS1_06,Barker Inlet Power Station,Reciprocating engine,36.0
BIPS1_07,Barker Inlet Power Station,Reciprocating engine,36.0
BIPS1_08,Barker Inlet Power Station,Reciprocating engine,36.0
BIPS1_09,Barker Inlet Power Station,Reciprocating engine,36.0
BIPS1_10,Barker Inlet Power Station,Reciprocating engine,36.0
BIPS1_11,Barker Inlet Power Station,Reciprocating engine,36.0
BIPS1_12,Barker Inlet Power Station,Reciprocating engine,36.0
BBTHREE1,Bell Bay Three,OCGT (large GT),27.0
BBTHREE2,Bell Bay Three,OCGT (large GT),27.0
BBTHREE3,Bell Bay Three,OCGT (large GT),27.0
BOLIVPS1_1,Bolivar Power Station,OCGT (small GT),28.0
BOLIVPS1_2,Bolivar Power Station,OCGT (small GT),28.0
BOLIVPS1_3,Bolivar Power Station,OCGT (small GT),28.0
BOLIVPS1_4,Bolivar Power Station,OCGT (small GT),28.0
BRAEMAR1,Braemar,OCGT (large GT),27.0
BRAEMAR2,Braemar,OCGT (large GT),27.0
BRAEMAR3,Braemar,OCGT (large GT),27.0
BRAEMAR5,Braemar 2 Power Station,OCGT (large GT),27.0
BRAEMAR6,Braemar 2 Power Station,OCGT (large GT),27.0
BRAEMAR7,Braemar 2 Power Station,OCGT (large GT),27.0
CG1,Colongra,OCGT (small GT),30.0
CG2,Colongra,OCGT (small GT),30.0
CG3,Colongra,OCGT (small GT),30.0
CG4,Colongra,OCGT (small GT),30.0
CPSA_GT1,Condamine A,CCGT - Gas Turbine,73.0
CPSA_GT2,Condamine A,CCGT - Gas Turbine,73.0
CPSA_ST,Condamine A,CCGT - Steam Turbine,73.0
DDPS1_GT1,Darling Downs,CCGT - Gas Turbine,73.0
DDPS1_GT2,Darling Downs,CCGT - Gas Turbine,73.0
DDPS1_GT3,Darling Downs,CCGT - Gas Turbine,73.0
DDPS1_ST,Darling Downs,CCGT - Steam Turbine,73.0
DRYCGT1,Dry Creek GT,OCGT (small GT),30.0
DRYCGT2,Dry Creek GT,OCGT (small GT),30.0
DRYCGT3,Dry Creek GT,OCGT (small GT),30.0
AGLHAL01,Hallett GT,OCGT (small GT),30.0
AGLHAL02,Hallett GT,OCGT (small GT),30.0
AGLHAL03,Hallett GT,OCGT (small GT),30.0
AGLHAL04,Hallett GT,OCGT (small GT),30.0
AGLHAL05,Hallett GT,OCGT (small GT),30.0
AGLHAL06,Hallett GT,OCGT (small GT),30.0
AGLHAL07,Hallett GT,OCGT (small GT),30.0
AGLHAL08,Hallett GT,OCGT (small GT),30.0
AGLHAL09,Hallett GT,OCGT (small GT),30.0
AGLHAL10,Hallett GT,OCGT (small GT),30.0
AGLHAL11,Hallett GT,OCGT (small GT),30.0
AGLHAL12,Hallett GT,OCGT (small GT),30.0
AGLHALRE,Hallett GT,OCGT (small GT),30.0
HEZ1,Hunter Economic Zone,Reciprocating engine,36.0
JLA01,Jeeralang A,OCGT (small GT),29.8302954116907
JLA02,Jeeralang A,OCGT (small GT),29.8302954116907
JLA03,Jeeralang A,OCGT (small GT),29.8302954116907
JLA04,Jeeralang A,OCGT (small GT),29.8302954116907
JLB01,Jeeralang B,OCGT (small GT),29.8302954116907
JLB02,Jeeralang B,OCGT (small GT),29.8302954116907
JLB03,Jeeralang B,OCGT (small GT),29.8302954116907
LADBROK1,Ladbroke Grove,OCGT (small GT),37.2
LADBROK2,Ladbroke Grove,OCGT (small GT),37.2
LNGS1,Laverton North,OCGT (large GT),27.0
LNGS2,Laverton North,OCGT (large GT),27.0
LONSDALE,Lonsdale,Reciprocating engine,36.0
MINTARO,Mintaro GT,OCGT (small GT),30.0
MORTLK11,Mortlake,OCGT (large GT),27.0
MORTLK12,Mortlake,OCGT (large GT),27.0
MSTUART1,Mt Stuart,OCGT (small GT),34.4990892531876
MSTUART2,Mt Stuart,OCGT (small GT),34.4990892531876
MSTUART3,Mt Stuart,OCGT (small GT),34.4990892531876
NPS,Newport,CCGT - Steam Turbine,27.0
OAKEY1,Oakey Power Station,OCGT (large GT),27.0
OAKEY2,Oakey Power Station,OCGT (large GT),27.0
OsborneGT,Osborne,CCGT - Gas Turbine,73.0
OsborneST,Osborne,CCGT - Steam Turbine,73.0
PPCCGTGT1,Pelican Point,CCGT - Gas Turbine,73.0
PPCCGTGT2,Pelican Point,CCGT - Gas Turbine,73.0
PPCCGTST,Pelican Point,CCGT - Steam Turbine,73.0
POR01-1,Port Lincoln GT,OCGT (small GT),37.36875
POR01-2,Port Lincoln GT,OCGT (small GT),37.36875
POR01-3,Port Lincoln GT,OCGT (small GT),37.36875
PTSTAN1_1,Port Stanvac 1,Reciprocating engine,36.0
PTSTAN1_2,Port Stanvac 1,Reciprocating engine,36.0
QPS1,Quarantine,OCGT (small GT),30.0
QPS2,Quarantine,OCGT (small GT),30.0
QPS3,Quarantine,OCGT (small GT),30.0
QPS4,Quarantine,OCGT (small GT),30.0
QPS5,Quarantine,OCGT (small GT),30.0
ROMA_7,Roma,OCGT (small GT),30.0
ROMA_8,Roma,OCGT (small GT),30.0
SITHE01,Smithfield Energy Facility,OCGT (small GT),30.0
SNAPPER1_1,Snapper Point Power Station,OCGT (small GT),28.0
SNAPPER1_2,Snapper Point Power Station,OCGT (small GT),28.0
SNAPPER1_3,Snapper Point Power Station,OCGT (small GT),28.0
SNAPPER1_4,Snapper Point Power Station,OCGT (small GT),28.0
SNAPPER1_5,Snapper Point Power Station,OCGT (small GT),28.0
SNUG1,Snuggery,OCGT (small GT),37.2
SNUG2,Snuggery,OCGT (small GT),37.2
SNUG3,Snuggery,OCGT (small GT),37.2
AGLSOM01,Somerton,OCGT (small GT),30.0
AGLSOM02,Somerton,OCGT (small GT),30.0
AGLSOM03,Somerton,OCGT (small GT),30.0
AGLSOM04,Somerton,OCGT (small GT),30.0
SWAN_E,Swanbank E GT,CCGT,73.0
TALWA1,Tallawarra,CCGT,73.0
Tallawarra B,Tallawarra B,OCGT (large GT),27.0
TVCC201_GT,Tamar Valley Combined Cycle,CCGT - Gas Turbine,73.0
TVCC201_ST,Tamar Valley Combined Cycle,CCGT - Steam Turbine,73.0
TVPP104,Tamar Valley Peaking,OCGT (large GT),27.0
TORRB1,Torrens Island B,CCGT - Steam Turbine,30.0
TORRB2,Torrens Island B,CCGT - Steam Turbine,30.0
TORRB3,Torrens Island B,CCGT - Steam Turbine,30.0
TORRB4,Torrens Island B,CCGT - Steam Turbine,30.0
YABULU,Townsville Power Station,CCGT - Gas Turbine,83.9477838494231
YABULU2,Townsville Power Station,CCGT - Steam Turbine,83.9477838494231
URANQ11,Uranquinty,OCGT (large GT),27.1667696108709
URANQ12,Uranquinty,OCGT (large GT),27.1667696108709
URANQ13,Uranquinty,OCGT (large GT),27.1667696108709
URANQ14,Uranquinty,OCGT (large GT),27.1667696108709
VPGS1,Valley Power,OCGT (small GT),27.8416090509113
VPGS2,Valley Power,OCGT (small GT),27.8416090509113
VPGS3,Valley Power,OCGT (small GT),27.8416090509113
VPGS4,Valley Power,OCGT (small GT),27.8416090509113
VPGS5,Valley Power,OCGT (small GT),27.8416090509113
VPGS6,Valley Power,OCGT (small GT),27.8416090509113
YARWUN_1,Yarwun Cogen,CCGT,87.5379477838492
BARRON-1,Barron Gorge,Hydro,122.956479052823
BARRON-2,Barron Gorge,Hydro,122.956479052823
BASTYAN,Bastyan,Hydro,106.9215
BLOWERNG,Blowering,Hydro,107.581916924027
BOGONG1,Bogong / Mackay,Hydro,106.9215
BOGONG2,Bogong / Mackay,Hydro,106.9215
MCKAY11,Bogong / Mackay,Hydro,106.9215
MCKAY12,Bogong / Mackay,Hydro,106.9215
MCKAY13,Bogong / Mackay,Hydro,106.9215
MCKAY14,Bogong / Mackay,Hydro,106.9215
MCKAY15,Bogong / Mackay,Hydro,106.9215
MCKAY16,Bogong / Mackay,Hydro,106.9215
LI111-1,Catagunya / Liapootah / Wayatinah,Hydro,106.9215
LI112-2,Catagunya / Liapootah / Wayatinah,Hydro,106.9215
LI113-3,Catagunya / Liapootah / Wayatinah,Hydro,106.9215
CA111-1,Catagunya / Liapootah / Wayatinah,Hydro,106.9215
CA112-2,Catagunya / Liapootah / Wayatinah,Hydro,106.9215
WY111-1,Catagunya / Liapootah / Wayatinah,Hydro,106.9215
WY111-2,Catagunya / Liapootah / Wayatinah,Hydro,106.9215
WY111-3,Catagunya / Liapootah / Wayatinah,Hydro,106.9215
CETHANA,Cethana,Hydro,106.9215
DARTM1,Dartmouth,Hydro,106.9215
DEVILS_G,Devils Gate,Hydro,106.9215
EILDON1,Eildon,Hydro,106.9215
EILDON2,Eildon,Hydro,106.9215
FISHER,Fisher,Hydro,106.9215
GO181-1,Gordon,Hydro,106.9215
GO182-2,Gordon,Hydro,106.9215
GO183-3,Gordon,Hydro,106.9215
GUTHEGA1,Guthega,Hydro,107.581916924027
GUTHEGA2,Guthega,Hydro,107.581916924027
HUMENSW,Hume Dam NSW,Hydro,107.581916924027
HUMEV,Hume Dam VIC,Hydro,106.9215
JBUTTERS,John Butters,Hydro,106.9215
KAREEYA1,Kareeya,Hydro,122.956479052823
KAREEYA2,Kareeya,Hydro,122.956479052823
KAREEYA3,Kareeya,Hydro,122.956479052823
KAREEYA4,Kareeya,Hydro,122.956479052823
LK_ECHO,Lake Echo,Hydro,106.9215
LM111-1,Lemonthyme / Wilmot,Hydro,106.9215
WI111-1,Lemonthyme / Wilmot,Hydro,106.9215
MACKNTSH,Mackintosh,Hydro,106.9215
MEADOWBK,Meadowbank,Hydro,106.9215
MURRAY01,Murray 1,Hydro,106.9215
MURRAY02,Murray 1,Hydro,106.9215
MURRAY03,Murray 1,Hydro,106.9215
MURRAY04,Murray 1,Hydro,106.9215
MURRAY05,Murray 1,Hydro,106.9215
MURRAY06,Murray 1,Hydro,106.9215
MURRAY07,Murray 1,Hydro,106.9215
MURRAY08,Murray 1,Hydro,106.9215
MURRAY09,Murray 1,Hydro,106.9215
MURRAY10,Murray 1,Hydro,106.9215
MURRAY11,Murray 2,Hydro,106.9215
MURRAY12,Murray 2,Hydro,106.9215
MURRAY13,Murray 2,Hydro,106.9215
MURRAY14,Murray 2,Hydro,106.9215
PO161-1,Poatina,Hydro,106.9215
PO162-2,Poatina,Hydro,106.9215
PO163-3,Poatina,Hydro,106.9215
PO164-4,Poatina,Hydro,106.9215
PO165-5,Poatina,Hydro,106.9215
PO166-6,Poatina,Hydro,106.9215
REECE1,Reece,Hydro,106.9215
REECE2,Reece,Hydro,106.9215
SHGEN01,Shoalhaven,Hydro,94.4660368042356
SHGEN02,Shoalhaven,Hydro,94.4660368042356
SHGEN03,Shoalhaven,Hydro,94.4660368042356
SHGEN04,Shoalhaven,Hydro,94.4660368042356
TA111-1,Tarraleah,Hydro,106.9215
TA111-2,Tarraleah,Hydro,106.9215
TA111-3,Tarraleah,Hydro,106.9215
TA112-4,Tarraleah,Hydro,106.9215
TA112-5,Tarraleah,Hydro,106.9215
TA112-6,Tarraleah,Hydro,106.9215
TR111-1,Trevallyn,Hydro,106.9215
TR111-2,Trevallyn,Hydro,106.9215
TR112-3,Trevallyn,Hydro,106.9215
TR112-4,Trevallyn,Hydro,106.9215
TRIBUTE,Tribute,Hydro,106.9215
TUMUT3_01,Tumut 3,Hydro,107.581916924027
TUMUT3_02,Tumut 3,Hydro,107.581916924027
TUMUT3_03,Tumut 3,Hydro,107.581916924027
TUMUT3_04,Tumut 3,Hydro,107.581916924027
TUMUT3_05,Tumut 3,Hydro,107.581916924027
TUMUT3_06,Tumut 3,Hydro,107.581916924027
TU111-1,Tungatinah,Hydro,106.9215
TU112-2,Tungatinah,Hydro,106.9215
TU113-3,Tungatinah,Hydro,106.9215
TU114-4,Tungatinah,Hydro,106.9215
TU115-5,Tungatinah,Hydro,106.9215
TUMUT1_01,Upper Tumut,Hydro,107.581916924027
TUMUT1_02,Upper Tumut,Hydro,107.581916924027
TUMUT1_03,Upper Tumut,Hydro,107.581916924027
TUMUT1_04,Upper Tumut,Hydro,107.581916924027
TUMUT2_01,Upper Tumut,Hydro,107.581916924027
TUMUT2_02,Upper Tumut,Hydro,107.581916924027
TUMUT2_03,Upper Tumut,Hydro,107.581916924027
TUMUT2_04,Upper Tumut,Hydro,107.581916924027
WKIEWA1_1,West Kiewa,Hydro,106.9215
WKIEWA1_2,West Kiewa,Hydro,106.9215
WKIEWA2_1,West Kiewa,Hydro,106.9215
WKIEWA2_2,West Kiewa,Hydro,106.9215
W/HOE#1,Wivenhoe,Hydro,96.7385
W/HOE#2,Wivenhoe,Hydro,96.7385
BANN1,Bannerton Solar Park,Large scale Solar PV,12.2196
BERYLSF1,Beryl Solar Farm,Large scale Solar PV,13.495148116121
BOWWPV1,Bolivar Waste Water Treatment Solar Farm,Large scale Solar PV,12.2196
BOMENSF1,Bomen Solar Farm,Large scale Solar PV,12.2950762198888
BROKENH1,Broken Hill Solar Farm,Large scale Solar PV,12.2950762198888
BNGSF1,Bungala One Solar Farm,Large scale Solar PV,15.2210392499999
BNGSF2,Bungala Two Solar Farm,Large scale Solar PV,15.2210392499999
CHILDSF1,Childers Solar Farm,Large scale Solar PV,12.2196
CLARESF1,Clare Solar Farm,Large scale Solar PV,14.0521690346083
CLERMSF1,Clermont Solar Farm,Large scale Solar PV,15.2170003642987
COLEASF1,Coleambally Solar Farm,Large scale Solar PV,12.2950762198888
CSPVPS1,Collinsville Solar Farm,Large scale Solar PV,15.2170003642987
DDSF1,Darling Downs Solar Farm,Large scale Solar PV,12.2196
DARLSF1,Darlington Point Solar Farm,Large scale Solar PV,12.2950762198888
DAYDSF1,Daydream Solar Farm,Large scale Solar PV,15.2170003642987
EMERASF1,Emerald Solar Farm,Large scale Solar PV,14.0521690346083
FINLYSF1,Finley Solar Farm,Large scale Solar PV,12.2950762198888
GANNSF1,Gannawarra Solar Farm,Large scale Solar PV,12.2196
GLENSF1,Glenrowan Solar Farm,Large scale Solar PV,12.2196
GLRWNSF1,Glenrowan West Solar Farm,Large scale Solar PV,12.2196
GOONSF1,Goonumbla Solar Farm,Large scale Solar PV,13.495148116121
GULLRSF1,Gullen Range Solar Farm,Large scale Solar PV,12.2950762198888
GNNDHSF1,Gunnedah Solar Farm,Large scale Solar PV,13.8498863495985
HAMISF1,Hamilton Solar Farm,Large scale Solar PV,14.0521690346083
HVWWPV1,Happy Valley Reservoir,Large scale Solar PV,12.2196
HAUGHT11,Haughton Solar Farm,Large scale Solar PV,14.0521690346083
HAYMSF1,Hayman Solar Farm,Large scale Solar PV,14.0521690346083
HILLSTN1,Hillston Sun Farm,Large scale Solar PV,12.2950762198888
HUGSF1,Hughenden Solar Farm,Large scale Solar PV,14.0521690346083
JEMALNG1,Jemalong Solar,Large scale Solar PV,13.495148116121
JUNEESF1,Junee Solar Farm,Large scale Solar PV,12.2950762198888
KARSF1,Karadoc Solar Farm,Large scale Solar PV,12.2196
KIAMSF1,Kiamal Solar Farm stage 1,Large scale Solar PV,12.2196
KSP1,Kidston Solar Farm,Large scale Solar PV,14.0521690346083
LILYSF1,Lilyvale Solar Farm,Large scale Solar PV,15.2170003642987
LIMOSF11,Limondale Solar Farm 1,Large scale Solar PV,12.2950762198888
LIMOSF21,Limondale Solar Farm 2,Large scale Solar PV,12.2950762198888
LRSF1,Longreach Solar Farm,Large scale Solar PV,15.2170003642987
MANSLR1,Manildra Solar Farm,Large scale Solar PV,13.495148116121
MAPS2PV1,Mannum Adelaide Pumping Station No 2 - MAPL2 (Palmer),Large scale Solar PV,12.2196
MAPS3PV1,Mannum Adelaide Pumping Station No 3 - MAPL3 (Tungkillo),Large scale Solar PV,12.2196
MARYRSF1,Maryrorough Solar Farm,Large scale Solar PV,12.2196
MIDDLSF1,Middlemount Solar Farm,Large scale Solar PV,15.2170003642987
MOLNGSF1,Molong Solar Farm,Large scale Solar PV,13.495148116121
MOREESF1,Moree Solar Farm,Large scale Solar PV,13.8498863495985
MWPS1PV1,Morgan To Whyalla Pipeline No 1 PS And Water Filtration Plant,Large scale Solar PV,12.2196
MWPS2PV1,Morgan To Whyalla Pipeline No 2 PS,Large scale Solar PV,12.2196
MWPS3PV1,Morgan To Whyalla Pipeline No 3 PS,Large scale Solar PV,12.2196
MWPS4PV1,Morgan To Whyalla Pipeline No 4 PS,Large scale Solar PV,12.2196
MOUSF1,Moura Solar Farm,Large scale Solar PV,15.2170003642987
MBPS2PV1,Murray Bridge - Onkaparinga Pipeline Pump 2,Large scale Solar PV,12.2196
NEVERSF1,Nevertire Solar Farm,Large scale Solar PV,13.495148116121
NEWENSF1,New England Solar Farm,Large scale Solar PV,13.8498863495985
NEWENSF2,New England Solar Farm,Large scale Solar PV,13.8498863495985
NUMURSF1,Numurkah Solar Farm,Large scale Solar PV,12.2196
NYNGAN1,Nyngan Solar Plant,Large scale Solar PV,13.495148116121
OAKEY1SF,Oakey 1 Solar Farm,Large scale Solar PV,12.2196
OAKEY2SF,Oakey 2 Solar Farm,Large scale Solar PV,12.2196
PARSF1,Parkes Solar Farm,Large scale Solar PV,13.495148116121
PAREPS1,Port Augusta Renewable Energy Park - Solar,Large scale Solar PV,15.2210392499999
RRSF1,Ross River Solar Farm,Large scale Solar PV,14.0521690346083
RUGBYR1,Rugby Run Solar Farm,Large scale Solar PV,14.0521690346083
SMCSF1,Sun Metals Corporation Solar Farm,Large scale Solar PV,14.0521690346083
SUNRSF1,Sunraysia Solar Farm,Large scale Solar PV,12.2950762198888
SUNTPSF1,Suntop Solar Farm,Large scale Solar PV,13.495148116121
SRSF1,Susan River Solar Farm,Large scale Solar PV,12.2196
TBSF1,Tailem Bend Solar Farm,Large scale Solar PV,15.1523039999999
WARWSF1,Warwick Solar Farm - stage 1,Large scale Solar PV,12.2196
WARWSF2,Warwick Solar Farm - stage 2,Large scale Solar PV,12.2196
WELLSF1,Wellington Solar Farm,Large scale Solar PV,13.495148116121
WEMENSF1,Wemen Solar Farm,Large scale Solar PV,12.2196
WSTWYSF1,West Wyalong Solar Farm,Large scale Solar PV,12.2950762198888
WDGPH1,Western Downs Green Power Hub,Large scale Solar PV,12.2196
WRSF1,White Rock Solar Farm,Large scale Solar PV,13.8498863495985
WHITSF1,Whitsunday Solar Farm,Large scale Solar PV,14.0521690346083
WINTSF1,Winton Solar Farm,Large scale Solar PV,12.2196
WOOLGSF1,Woolooga Solar Farm,Large scale Solar PV,12.2196
YARANSF1,Yarranlea Solar Farm,Large scale Solar PV,12.2196
YATSF1,Yatpool Solar Farm,Large scale Solar PV,12.2196
ARWF1,Ararat Wind Farm,Wind,28.5124
BALDHWF1,Bald Hills Wind Farm,Wind,28.351110496543
BANGOWF1,Bango 973 Wind Farm,Wind,28.6885111797406
BANGOWF2,Bango 999 Wind Farm,Wind,28.6885111797406
BRYB1WF1,Berrybank Wind Farm,Wind,28.5124
BRYB2WF2,Berrybank Wind Farm,Wind,28.5124
BOCORWF1,Boco Rock Wind Farm,Wind,28.6885111797406
BODWF1,Bodangora Wind Farm,Wind,31.4886789376158
BULGANA1,Bulgana Green Power Hub - Wind Farm,Wind,28.5124
CNUNDAWF,Canunda Wind Farm,Wind,35.355376
CAPTL_WF,Capital Wind Farm,Wind,28.6885111797406
CATHROCK,Cathedral Rocks Wind Farm,Wind,35.51575825
CTHLWF1,Cattle Hill Wind Farm,Wind,28.5124
CHALLHWF,Challicum Hills Wind Farm,Wind,28.5124
CHYTWF1,Cherry Tree Wind Farm,Wind,28.5124
CLEMGPWF,Clements Gap Wind Farm,Wind,28.5124
COLWF01,Collector Wind Farm,Wind,28.6885111797406
COOPGWF1,Coopers Gap Wind Farm,Wind,28.5124
CROOKWF2,Crookwell 2 Wind Farm,Wind,28.6885111797406
CROWLWF1,Crowlands Wind Farm,Wind,28.5124
CRURWF1,Crudine Ridge Wind Farm,Wind,31.4886789376158
CULLRGWF,Cullerin Range Wind Farm,Wind,28.6885111797406
DULAWF1,Dulacca Wind Farm,Wind,28.5124
DUNDWF1,Dundonnell Wind Farm,Wind,28.5124
DUNDWF2,Dundonnell Wind Farm,Wind,28.5124
DUNDWF3,Dundonnell Wind Farm,Wind,28.5124
ELAINWF1,Elaine Wind Farm,Wind,28.5124
GRANWF1,Granville Harbour Wind Farm,Wind,28.5124
GULLRWF1,Gullen Range Wind Farm,Wind,28.6885111797406
GULLRWF2,Gullen Range Wind Farm 2,Wind,28.6885111797406
GUNNING1,Gunning Wind Farm,Wind,28.6885111797406
NBHWF1,Hallett 4 North Brown Hill Wind Farm,Wind,28.5124
BLUFF1,Hallett 5 The Bluff Wind Farm,Wind,28.5124
HALLWF1,Hallett Stage 1 Brown Hill Wind Farm,Wind,28.5124
HALLWF2,Hallett Stage 2 Hallett Hill Wind Farm,Wind,28.5124
HDWF1,Hornsdale Wind Farm Stage 1,Wind,28.5124
HDWF2,Hornsdale Wind Farm Stage 2,Wind,28.5124
HDWF3,Hornsdale Wind Farm Stage 3,Wind,28.5124
KIATAWF1,Kiata Wind Farm,Wind,28.5124
LKBONNY1,Lake Bonney 1 Wind Farm,Wind,35.355376
LKBONNY2,Lake Bonney 2 Wind Farm,Wind,35.355376
LKBONNY3,Lake Bonney 3 Wind Farm,Wind,35.355376
LGAPWF1,Lincoln Gap Wind Farm - stage 1,Wind,35.51575825
LGAPWF2,Lincoln Gap Wind Farm - stage 2,Wind,35.51575825
MACARTH1,Macarthur Wind Farm,Wind,28.5124
MOORAWF1,Moorabool Wind Farm,Wind,28.5124
MRTLSWF1,Mortlake South Wind Farm,Wind,28.5124
MLWF1,Mortons Lane Wind Farm,Wind,28.5124
MEWF1,Mount Emerald Wind Farm,Wind,32.7883944140862
MTMILLAR,Mount Millar Wind Farm,Wind,35.51575825
MERCER01,Mt Mercer Wind Farm,Wind,28.5124
MUWAWF1,Murra Warra Wind Farm - stage 1,Wind,28.5124
MUWAWF2,Murra Warra Wind Farm - stage 2,Wind,28.5124
MUSSELR1,Musselroe Wind Farm,Wind,28.5124
OAKLAND1,Oaklands Hill Wind Farm,Wind,28.5124
PAREPW1,Port Augusta Renewable Energy Park - Wind,Wind,35.51575825
PORTWF,Portland Wind Farm,Wind,28.5124
SALTCRK1,Salt Creek Wind Farm,Wind,28.5124
SAPHWF1,Sapphire Wind Farm,Wind,32.3164014823966
STWF1,Silverton Wind Farm,Wind,28.6885111797406
SNOWNTH1,Snowtown S2 Wind Farm,Wind,28.5124
SNOWSTH1,Snowtown S2 Wind Farm,Wind,28.5124
SNOWTWN1,Snowtown Wind Farm,Wind,28.5124
STARHLWF,Starfish Hill Wind Farm,Wind,28.5124
STOCKYD1,Stockyard Hill Wind Farm,Wind,28.5124
TARALGA1,Taralga Wind Farm,Wind,31.4886789376158
WATERLWF,Waterloo Wind Farm,Wind,28.5124
WPWF,Wattle Point Wind Farm,Wind,35.51575825
WAUBRAWF,Waubra Wind Farm,Wind,28.5124
WRWF1,White Rock Wind Farm - Stage 1,Wind,32.3164014823966
WGWF1,Willogoleche Wind Farm,Wind,28.5124
WOODLWN1,Woodlawn Wind Farm,Wind,28.6885111797406
WOOLNTH1,Woolnorth Wind Farm,Wind,28.5124
YSWF1,Yaloak South Wind Farm,Wind,28.5124
YAMBUKWF,Yambuk Wind Farm,Wind,28.5124
YENDWF1,Yendon Wind Farm,Wind,28.5124
Tully Sugar Mill Biomass,Tully Sugar Mill Biomass,Biomass,215.566133236186
HUNTER1,Hunter Power Station,OCGT (large GT),27.0
HUNTER2,Hunter Power Station,OCGT (large GT),27.0
Kidston Pumped Storage Hydro 1,Kidston,Pumped Hydro (10hrs storage),111.246338212617
Kidston Pumped Storage Hydro 2,Kidston,Pumped Hydro (10hrs storage),111.246338212617
SNO2PH01,Snowy 2.0,Pumped Hydro (1wk storage),86.0655335174544
SNO2PH02,Snowy 2.0,Pumped Hydro (1wk storage),86.0655335174544
SNO2PH03,Snowy 2.0,Pumped Hydro (1wk storage),86.0655335174544
SNO2PH04,Snowy 2.0,Pumped Hydro (1wk storage),86.0655335174544
SNO2PH05,Snowy 2.0,Pumped Hydro (1wk storage),86.0655335174544
SNO2PH06,Snowy 2.0,Pumped Hydro (1wk storage),86.0655335174544
ADPPV1,Adelaide Desalination Plant Solar Farm,Large scale Solar PV,12.2196
AVLSF1,Avonlie Solar Farm,Large scale Solar PV,12.2950762198888
BLUEGSF1,Bluegrass Solar Farm,Large scale Solar PV,12.2196
Broadsound Solar Farm,Broadsound Solar Farm,Large scale Solar PV,15.2170003642987
Bundaberg Solar Farm,Bundaberg Solar Farm,Large scale Solar PV,14.0521690346083
COHUNSF1,Cohuna Solar Farm,Large scale Solar PV,12.2196
COLUMSF1,Columboola Solar Farm,Large scale Solar PV,12.2196
CRWASF1,Corowa Solar Farm,Large scale Solar PV,12.2950762198888
Culcairn Solar Farm,Culcairn Solar Farm,Large scale Solar PV,12.2950762198888
EDENVSF1,Edenvale Solar Park,Large scale Solar PV,12.2196
GANGARR1,Gangarri Solar Farm,Large scale Solar PV,12.2196
GIRGSF,Girgarre Solar Farm,Large scale Solar PV,12.2196
Goorambat East Solar Farm,Goorambat East Solar Farm,Large scale Solar PV,12.2196
KEPSF1,Kennedy Energy Park Solar Farm,Large scale Solar PV,14.0521690346083
KINGASF1,Kingaroy Solar Farm,Large scale Solar PV,12.2196
Lockhart Hybrid Facility - Solar,Lockhart Hybrid Facility - Solar,Large scale Solar PV,12.2950762198888
MANSF2,Mannum Solar Farm 2,Large scale Solar PV,12.2196
METZSF1,Metz Solar Farm,Large scale Solar PV,13.8498863495985
QPSF,Quorn Park Solar Farm,Large scale Solar PV,13.495148116121
Riverina Solar Farm,Riverina Solar Farm,Large scale Solar PV,12.2950762198888
SEBSF1,Sebastopol Solar Farm,Large scale Solar PV,12.2950762198888
Stubbo Solar Farm,Stubbo Solar Farm,Large scale Solar PV,13.495148116121
TB2SF1,Tailem Bend Solar Farm - stage 2,Large scale Solar PV,15.1523039999999
Tilbuster Solar Farm,Tilbuster Solar Farm,Large scale Solar PV,13.8498863495985
WAGGNSF1,Wagga North Solar Farm,Large scale Solar PV,12.2950762198888
WLWLSF1,Walla Walla Solar Farm,Large scale Solar PV,12.2950762198888
WLWLSF2,Walla Walla Solar Farm,Large scale Solar PV,12.2950762198888
WANDSF1,Wandoan South Solar Farm - stage 1,Large scale Solar PV,12.2196
WELNSF1,Wellington North Solar Farm (Lightsource),Large scale Solar PV,13.495148116121
WOLARSF1,Wollar Solar Farm,Large scale Solar PV,13.495148116121
WUNUSF1,Wunghnu Solar Farm,Large scale Solar PV,12.2196
WYASF1,Wyalong Solar Farm,Large scale Solar PV,12.2950762198888
CLRKCWF1,Clarke Creek Wind Farm,Wind,35.5063341833636
CLRKCWF2,Clarke Creek Wind Farm,Wind,35.5063341833636
CROOKWF3,Crookwell 3 Wind Farm,Wind,28.6885111797406
FLYCRKWF,Flyers Creek Wind Farm,Wind,31.4886789376158
GPWFEST1,Golden Plains Wind Farm East,Wind,28.5124
GPWFEST2,Golden Plains Wind Farm East,Wind,28.5124
GPWFEST3,Golden Plains Wind Farm East,Wind,28.5124
GSWF1A,Goyder South Wind Farm 1A,Wind,28.5124
GSWF1B,Goyder South Wind Farm 1B,Wind,28.5124
HD1WF1,Hawkesdale Wind Farm,Wind,28.5124
KABANWF1,Kaban Green Power Hub - Wind Farm,Wind,32.7883944140862
KEPWF1,Kennedy Energy Park Wind Farm,Wind,32.7883944140862
MacIntyre Wind Farm,MacIntyre Wind Farm,Wind,28.5124
MTGELWF1,Mt Gellibrand Wind Farm,Wind,28.5124
RYANCWF1,Ryan Corner Wind Farm,Wind,28.5124
Rye Park Wind Farm,Rye Park Wind Farm,Wind,28.6885111797406
Wambo Wind Farm,Wambo Wind Farm,Wind,28.5124
Aldoga Solar Farm,Aldoga Solar Farm,Large scale Solar PV,14.6531329690345
Aramara Solar Farm,Aramara Solar Farm,Large scale Solar PV,12.2196
Banksia Solar Farm,Banksia Solar Farm,Large scale Solar PV,12.2196
Derby Solar Farm,Derby Solar Farm,Large scale Solar PV,12.2196
Frasers Solar Farm,Frasers Solar Farm,Large scale Solar PV,12.1504759270898
Goulburn River Solar Farm,Goulburn River Solar Farm,Large scale Solar PV,13.495148116121
Horsham Solar Farm,Horsham Solar Farm,Large scale Solar PV,12.2196
Maryvale Solar Farm,Maryvale Solar Farm,Large scale Solar PV,13.495148116121
Mortlake Energy Hub Solar Farm,Mortlake Energy Hub Solar Farm,Large scale Solar PV,12.2196
Munna Creek Solar Farm,Munna Creek Solar Farm,Large scale Solar PV,12.2196
New England Solar Farm 2,New England Solar Farm - Stage 2,Large scale Solar PV,13.8498863495985
Punch's Creek Renewable Energy Solar Farm,Punch's Creek Renewable Energy Solar Farm,Large scale Solar PV,12.2196
GBWF1,Gawara Baya Wind Farm,Wind,32.7883944140862
Uungula Wind Farm,Uungula Wind Farm,Wind,31.4886789376158
Woolsthorpe Wind Farm,Woolsthorpe Wind Farm,Wind,28.5124
BALB1,Ballarat Energy Storage System,Battery storage (1hr storage),9.1647
BOWWBA1,Bolivar Waste Water Treatment BESS,Battery storage (2hrs storage),13.54339
BBATTERY,Bouldercombe Battery project,Battery storage (2hrs storage),16.8655087370977
BULBES1,Bulgana Green Power Hub BESS,Battery storage (2hrs storage),13.54339
DALNTH1,Dalrymple BESS,Battery storage (1hr storage),9.1647
DPNTB1,Darlington Point Energy Storage System,Battery storage (2hrs storage),13.6270428103768
GANNB1,Gannawarra Energy Storage System,Battery storage (2hrs storage),13.54339
HVWWBA1,Happy Valley Reservoir BESS,Battery storage (2hrs storage),13.54339
HPR1,Hornsdale Power Reserve Unit 1,Battery storage (1hr storage),9.1647
LBBG1,Lake Bonney BESS,Battery storage (2hrs storage),16.7938036
PIBESS1,Philip Island BESS,Battery storage (2hrs storage),13.4667774858579
QBYNB1,Queanbeyan BESS,Battery storage (2hrs storage),13.6270428103768
RANGEB1,Rangebank BESS,Battery storage (2hrs storage),13.54339
RESS1G,Riverina Energy Storage System 1,Battery storage (2hrs storage),13.6270428103768
RIVNB2,Riverina Energy Storage System 2,Battery storage (2hrs storage),13.6270428103768
VBB1,Victorian Big Battery,Battery storage (2hrs storage),13.54339
WALGRV1,Wallgrove Grid Battery project,Battery storage (2hrs storage),13.54339
WANDB1,Wandoan South BESS,Battery storage (2hrs storage),13.54339
ADPBA1,Adelaide Desalination Plant BESS,Battery storage (2hrs storage),13.54339
BLYTHB1,Blyth BESS,Battery storage (2hrs storage),13.54339
BHBG1,Broken Hill BESS,Battery storage (1hr storage),9.22130716491663
CAPBES1,Capital Battery,Battery storage (2hrs storage),13.6270428103768
CHBESSG1,Chinchilla BESS,Battery storage (2hrs storage),13.54339
CBWWBA1,Christies Beach Wastewater Treatment Plant BESS,Battery storage (2hrs storage),13.54339
Clements Gap BESS,Clements Gap BESS,Battery storage (2hrs storage),13.54339
Eraring Big Battery,Eraring Big Battery,Battery storage (2hrs storage),13.54339
GREENB1,Greenbank BESS,Battery storage (2hrs storage),13.54339
HBESS1,Hazelwood BESS,Battery storage (1hr storage),9.11285694531741
Koorangie Energy Storage System,Koorangie Energy Storage System,Battery storage (2hrs storage),13.54339
LaTrobe Valley BESS,LaTrobe Valley BESS,Battery storage (2hrs storage),13.4667774858579
Liddell BESS,Liddell BESS,Battery storage (4hrs storage),23.8414283384805
Lockhart Hybrid Facility - Battery,Lockhart Hybrid Facility - Battery,Battery storage (2hrs storage),13.6270428103768
Melbourne Renewable Energy Hub - Side A,Melbourne Renewable Energy Hub - Side A,Battery storage (2hrs storage),13.54339
QPBESS,Quorn Park BESS,Battery storage (2hrs storage),10.1213610870908
TB2BG1,Tailem Bend Battery Project,Battery storage (2hrs storage),16.7938036
Tarong BESS,Tarong BESS,Battery storage (1hr storage),9.1647
Templers BESS,Templers BESS,Battery storage (2hrs storage),13.54339
TIB1,Torrens Island BESS,Battery storage (1hr storage),9.1647
ULBESS,Ulinda Park BESS,Battery storage (2hrs storage),13.54339
WTAHB1,Waratah Super Battery,Battery storage (2hrs storage),13.54339
WDBESS1,Western Downs Battery,Battery storage (1hr storage),13.54339
Aldoga BESS Stage 1,Aldoga BESS Stage 1,Battery storage (1hr storage),10.9898497267759
Brendale BESS,Brendale BESS,Battery storage (2hrs storage),13.54339
Bungama Solar BESS,Bungama Solar BESS,Battery storage (2hrs storage),13.54339
Eraring Big Battery 2,Eraring Big Battery 2,Battery storage (2hrs storage),13.54339
GBBATT1,Gawara Baya Wind Farm BESS,Battery storage (2hrs storage),15.5744873466909
Gnarwarre BESS,Gnarwarre BESS,Battery storage (2hrs storage),13.54339
Limondale BESS,Limondale BESS,Battery storage (8hrs storage),38.2171952501544
LGAPBS1,Lincoln Gap Wind Farm BESS,Battery storage (1hr storage),11.4157794375
Mannum BESS,Mannum BESS,Battery storage (2hrs storage),13.54339
Maryvale Solar Farm BESS,Maryvale Solar Farm BESS,Battery storage (2hrs storage),14.9571224953675
Mortlake Battery,Mortlake Battery,Battery storage (2hrs storage),13.54339
Mortlake Energy Hub BESS,Mortlake Energy Hub BESS,Battery storage (2hrs storage),13.54339
Mt Fox BESS,Mt Fox BESS,Battery storage (2hrs storage),15.5744873466909
New England Solar Farm BESS,New England Solar Farm BESS,Battery storage (1hr storage),10.3874147621989
ORANA,Orana BESS,Battery storage (4hrs storage),23.8414283384805
Richmond Valley BESS,Richmond Valley BESS,Battery storage (8hrs storage),43.0500634033355
Silver City Energy Storage,Silver City Energy Storage,Battery storage (8hrs storage),37.4692437739345
Smithfield BESS,Smithfield BESS,Battery storage (2hrs storage),13.54339
Stanwell BESS,Stanwell BESS,Battery storage (2hrs storage),16.8655087370977
Swanbank BESS,Swanbank BESS,Battery storage (2hrs storage),13.54339
TRGBESS,Terang BESS,Battery storage (2hrs storage),13.54339
Wooreen Energy Storage System,Wooreen Energy Storage System,Battery storage (4hrs storage),21.4658408045254
Kogan Gas,Brigalow GT,OCGT (large GT),27.0
Fulham Solar Farm,Fulham Solar Farm,Large scale Solar PV,12.1504759270898
Solar River Solar Farm,Solar River Solar Farm,Large scale Solar PV,12.2196
Coppabella Wind Farm,Coppabella Wind Farm,Wind,28.6885111797406
Derby Solar Project BESS,Derby Solar Project BESS,Battery storage (2hrs storage),9.1647
Fulham Solar Farm BESS,Fulham Solar Farm BESS,Battery storage (1hr storage),9.11285694531741
Goulburn River BESS,Goulburn River BESS,Battery storage (8hrs storage),41.9474187276096
Hallett BESS,Hallett BESS,Battery storage (4hrs storage),13.54339
Horsham Solar Farm BESS,Horsham Solar Farm BESS,Battery storage (2hrs storage),13.54339
Limestone Coast West BESS,Limestone Coast West BESS,Battery storage (2hrs storage),16.7938036
Solar River Solar Farm BESS,Solar River Solar Farm BESS,Battery storage (4hrs storage),21.58796
Springvale Energy Hub BESS,Springvale Energy Hub BESS,Battery storage (2hrs storage),13.54339
Mornington BESS,Mornington BESS,Battery storage (2hrs storage),13.4667774858579
Tamworth BESS,Tamworth BESS,Battery storage (2hrs storage),15.3502907041384
Tamworth BESS 2,Tamworth BESS,Battery storage (2hrs storage),15.3502907041384
QEJP - Borumba,QEJP - Borumba,Pumped Hydro (24hrs storage),74.84505
Broadsound BESS,Broadsound BESS,Battery storage (2hrs storage),16.8655087370977
Calala BESS 1,Calala BESS 1,Battery storage (2hrs storage),15.3502907041384
Calala BESS 2,Calala BESS 2,Battery storage (2hrs storage),15.3502907041384
Glanmire Solar Farm BESS,Glanmire Solar Farm BESS,Battery storage (2hrs storage),14.9571224953675
Ravenswood BESS,Ravenswood BESS,Battery storage (4hrs storage),21.58796
Bullyard Solar Farm,Bullyard Solar Farm,Large scale Solar PV,15.2170003642987
Glanmire Solar Farm,Glanmire Solar Farm,Large scale Solar PV,13.495148116121
Ravenswood Solar Farm,Ravenswood Solar Farm,Large scale Solar PV,12.2196
Lockyer Valley GT,Lockyer Valley GT,OCGT (small GT),30.0
Boulder Creek Wind Farm,Boulder Creek Wind Farm,Wind,35.5063341833636
Inverleigh Wind Farm,Inverleigh Wind Farm,Wind,28.5124
Port Latta Wind Farm,Port Latta Wind Farm,Wind,28.5124
Valley of the Winds Wind Farm,Valley of the Winds,Wind,31.4886789376158
Woolooga BESS,Woolooga BESS,Battery storage (2hrs storage),13.54339
Supernode BESS 1,Supernode BESS 1,Battery storage (4hrs storage),21.58796
Supernode BESS 2,Supernode BESS 2,Battery storage (4hrs storage),21.58796
Golden Plains West Wind Farm,Golden Plains West Wind Farm,Wind,28.5124
Lotus Creek Wind Farm,Lotus Creek Wind Farm,Wind,35.5063341833636
Barnawartha Solar Farm BESS,Barnawartha Solar Farm BESS,Battery storage (2hrs storage),13.54339
Barwon Solar Farm BESS,Barwon Solar Farm BESS,Battery storage (2hrs storage),13.54339
Bungama BESS,Bungama BESS,Battery storage (2hrs storage),13.54339
Elaine Solar Farm BESS,Elaine Solar Farm BESS,Battery storage (2hrs storage),13.54339
Ganymirra Solar Power Station BESS,Ganymirra Solar Power Station BESS,Battery storage (2hrs storage),15.5744873466909
Junction Rivers Wind Farm BESS,Junction Rivers Wind Farm BESS,Battery storage (4hrs storage),21.7213013218036
Majors Creek Solar Power Station BESS,Majors Creek Power Station BESS,Battery storage (4hrs storage),24.8254986278081
West Mokoan Solar Farm BESS,West Mokoan Solar Farm BESS,Battery storage (4hrs storage),21.58796
Griffith BESS,Griffith BESS,Battery storage (8hrs storage),38.2171952501544
Stoney Creek BESS,Stoney Creek BESS,Battery storage (8hrs storage),43.0500634033355
Barnawartha Solar Farm,Barnawartha Solar Farm,Large scale Solar PV,12.2196
Barwon Solar Farm,Barwon Solar Farm,Large scale Solar PV,12.2196
Campbells Forest Solar Farm,Campbells Forest Solar Farm,Large scale Solar PV,12.2196
Elaine Solar Farm,Elaine Solar Farm,Large scale Solar PV,12.2196
Ganymirra Solar Power Station,Ganymirra Solar Power Station,Large scale Solar PV,14.0521690346083
Hopeland Solar Farm,Hopeland Solar Farm,Large scale Solar PV,12.2196
Majors Creek Solar Power Station,Majors Creek Power Station,Large scale Solar PV,14.0521690346083
Sandy Creek Solar Farm,Sandy Creek Solar Farm,Large scale Solar PV,13.495148116121
West Mokoan Solar Farm,West Mokoan Solar Farm,Large scale Solar PV,12.2196
Phoenix Pumped Hydro Project,Phoenix Pumped Hydro Project,Pumped Hydro (10hrs storage),106.836589242885
Goyder North Wind Farm,Goyder North Wind Farm,Wind,28.5124
Junction Rivers Wind Farm,Junction Rivers Wind Farm,Wind,28.6885111797406
Kentbruck Green Power Hub Wind Farm,Kentbruck Green Power Hub Wind Farm,Wind,28.5124
Palmer Wind Farm,Palmer Wind Farm,Wind,28.5124
Spicers Creek Wind Farm,Spicers Creek Wind Farm,Wind,31.4886789376158
Thunderbolt Wind Farm,Thunderbolt Wind Farm,Wind,32.3164014823966
Haughton Solar Farm Stage 2,Haughton Solar Farm Stage 2,Large scale Solar PV,14.0521690346083
Lancaster Solar Farm,Lancaster Solar Farm,Large scale Solar PV,12.2196
Bennetts Creek BESS,Bennetts Creek BESS,Battery storage (2hrs storage),13.4667774858579
Northern Midlands Solar Farm,Northern Midlands Solar Farm,Large scale Solar PV,12.2196
Hay Sun Farm,Hay Sun Farm,Large scale Solar PV,12.2950762198888
MOKOSF1,Mokoan Solar Farm,Large scale Solar PV,12.2196
Kiamal BESS,Kiamal BESS,Battery storage (4hrs storage),13.54339
Pine Lodge BESS,Pine Lodge BESS,Battery storage (2hrs storage),13.54339
