Generator,DUID,Region,Summer Peak_2023-24,Summer Peak_2024-25,Summer Peak_2025-26,Summer Peak_2026-27,Summer Peak_2027-28,Summer Peak_2028-29,Summer Peak_2029-30,Summer Peak_2030-31,Summer Peak_2031-32,Summer Peak_2032-33,Summer Typical_2023-24,Summer Typical_2024-25,Summer Typical_2025-26,Summer Typical_2026-27,Summer Typical_2027-28,Summer Typical_2028-29,Summer Typical_2029-30,Summer Typical_2030-31,Summer Typical_2031-32,Summer Typical_2032-33,Winter_2023,Winter_2024,Winter_2025,Winter_2026,Winter_2027,Winter_2028,Winter_2029,Winter_2030,Winter_2031,Winter_2032
Bayswater,BW01,NSW,630.0,630.0,630.0,630.0,630.0,630.0,630.0,630.0,630.0,630.0,660.0,660.0,660.0,660.0,660.0,660.0,660.0,660.0,660.0,660.0,660.0,660.0,660.0,660.0,660.0,660.0,660.0,660.0,660.0,660.0
Bayswater,BW02,NSW,655.0,655.0,655.0,655.0,655.0,655.0,655.0,655.0,655.0,655.0,685.0,685.0,685.0,685.0,685.0,685.0,685.0,685.0,685.0,685.0,685.0,685.0,685.0,685.0,685.0,685.0,685.0,685.0,685.0,685.0
Bayswater,BW03,NSW,655.0,655.0,655.0,655.0,655.0,655.0,655.0,655.0,655.0,655.0,685.0,685.0,685.0,685.0,685.0,685.0,685.0,685.0,685.0,685.0,685.0,685.0,685.0,685.0,685.0,685.0,685.0,685.0,685.0,685.0
Bayswater,BW04,NSW,655.0,655.0,655.0,655.0,655.0,655.0,655.0,655.0,655.0,655.0,685.0,685.0,685.0,685.0,685.0,685.0,685.0,685.0,685.0,685.0,685.0,685.0,685.0,685.0,685.0,685.0,685.0,685.0,685.0,685.0
Callide B,CALL_B_1,QLD,325.0,325.0,325.0,325.0,325.0,325.0,0.0,0.0,0.0,0.0,325.0,325.0,325.0,325.0,325.0,325.0,0.0,0.0,0.0,0.0,350.0,350.0,350.0,350.0,350.0,350.0,0.0,0.0,0.0,0.0
Callide B,CALL_B_2,QLD,325.0,325.0,325.0,325.0,325.0,325.0,0.0,0.0,0.0,0.0,325.0,325.0,325.0,325.0,325.0,325.0,0.0,0.0,0.0,0.0,350.0,350.0,350.0,350.0,350.0,350.0,0.0,0.0,0.0,0.0
Callide C,CPP_3,QLD,0.0,434.0,434.0,434.0,434.0,434.0,434.0,434.0,434.0,434.0,0.0,466.0,466.0,466.0,466.0,466.0,466.0,466.0,466.0,466.0,0.0,466.0,466.0,466.0,466.0,466.0,466.0,466.0,466.0,466.0
Callide C,CPP_4,QLD,0.0,420.0,420.0,420.0,420.0,420.0,420.0,420.0,420.0,420.0,0.0,420.0,420.0,420.0,420.0,420.0,420.0,420.0,420.0,420.0,0.0,0.0,420.0,420.0,420.0,420.0,420.0,420.0,420.0,420.0
Eraring,ER01,NSW,680.0,680.0,0.0,0.0,0.0,0.0,0.0,0.0,0.0,0.0,680.0,672.0,0.0,0.0,0.0,0.0,0.0,0.0,0.0,0.0,720.0,720.0,720.0,0.0,0.0,0.0,0.0,0.0,0.0,0.0
Eraring,ER02,NSW,680.0,680.0,0.0,0.0,0.0,0.0,0.0,0.0,0.0,0.0,680.0,680.0,0.0,0.0,0.0,0.0,0.0,0.0,0.0,0.0,720.0,720.0,720.0,0.0,0.0,0.0,0.0,0.0,0.0,0.0
Eraring,ER03,NSW,660.0,670.0,0.0,0.0,0.0,0.0,0.0,0.0,0.0,0.0,660.0,670.0,0.0,0.0,0.0,0.0,0.0,0.0,0.0,0.0,700.0,680.0,690.0,0.0,0.0,0.0,0.0,0.0,0.0,0.0
Eraring,ER04,NSW,660.0,660.0,0.0,0.0,0.0,0.0,0.0,0.0,0.0,0.0,660.0,660.0,0.0,0.0,0.0,0.0,0.0,0.0,0.0,0.0,680.0,680.0,680.0,0.0,0.0,0.0,0.0,0.0,0.0,0.0
Gladstone,GSTONE1,QLD,280.0,280.0,280.0,280.0,280.0,280.0,280.0,280.0,280.0,280.0,280.0,280.0,280.0,280.0,280.0,280.0,280.0,280.0,280.0,280.0,280.0,280.0,280.0,280.0,280.0,280.0,280.0,280.0,280.0,280.0
Gladstone,GSTONE2,QLD,280.0,280.0,280.0,280.0,280.0,280.0,280.0,280.0,280.0,280.0,280.0,280.0,280.0,280.0,280.0,280.0,280.0,280.0,280.0,280.0,280.0,280.0,280.0,280.0,280.0,280.0,280.0,280.0,280.0,280.0
Gladstone,GSTONE3,QLD,280.0,280.0,280.0,280.0,280.0,280.0,280.0,280.0,280.0,280.0,280.0,280.0,280.0,280.0,280.0,280.0,280.0,280.0,280.0,280.0,280.0,280.0,280.0,280.0,280.0,280.0,280.0,280.0,280.0,280.0
Gladstone,GSTONE4,QLD,280.0,280.0,280.0,280.0,280.0,280.0,280.0,280.0,280.0,280.0,280.0,280.0,280.0,280.0,280.0,280.0,280.0,280.0,280.0,280.0,280.0,280.0,280.0,280.0,280.0,280.0,280.0,280.0,280.0,280.0
Gladstone,GSTONE5,QLD,280.0,280.0,280.0,280.0,280.0,280.0,280.0,280.0,280.0,280.0,280.0,280.0,280.0,280.0,280.0,280.0,280.0,280.0,280.0,280.0,280.0,280.0,280.0,280.0,280.0,280.0,280.0,280.0,280.0,280.0
Gladstone,GSTONE6,QLD,280.0,280.0,280.0,280.0,280.0,280.0,280.0,280.0,280.0,280.0,280.0,280.0,280.0,280.0,280.0,280.0,280.0,280.0,280.0,280.0,280.0,280.0,280.0,280.0,280.0,280.0,280.0,280.0,280.0,280.0
Kogan Creek,KPP_1,QLD,710.0,710.0,710.0,710.0,710.0,710.0,710.0,710.0,710.0,710.0,730.0,730.0,730.0,730.0,730.0,730.0,730.0,730.0,730.0,730.0,750.0,750.0,750.0,750.0,750.0,750.0,750.0,750.0,750.0,750.0
Millmerran,MPP_1,QLD,335.0,335.0,335.0,335.0,335.0,335.0,335.0,335.0,335.0,335.0,400.0,400.0,400.0,400.0,400.0,400.0,400.0,400.0,400.0,400.0,426.0,426.0,426.0,426.0,426.0,426.0,426.0,426.0,426.0,426.0
Millmerran,MPP_2,QLD,335.0,335.0,335.0,335.0,335.0,335.0,335.0,335.0,335.0,335.0,400.0,400.0,400.0,400.0,400.0,400.0,400.0,400.0,400.0,400.0,426.0,426.0,426.0,426.0,426.0,426.0,426.0,426.0,426.0,426.0
Mt Piper,MP1,NSW,705.0,705.0,705.0,705.0,705.0,705.0,705.0,705.0,705.0,705.0,710.0,710.0,710.0,710.0,710.0,710.0,710.0,710.0,710.0,710.0,730.0,730.0,730.0,730.0,730.0,730.0,730.0,730.0,730.0,730.0
Mt Piper,MP2,NSW,675.0,675.0,675.0,675.0,675.0,675.0,675.0,675.0,675.0,675.0,680.0,680.0,680.0,680.0,680.0,680.0,680.0,680.0,680.0,680.0,700.0,700.0,700.0,700.0,700.0,700.0,700.0,700.0,700.0,700.0
Stanwell,STAN-1,QLD,365.0,365.0,365.0,365.0,365.0,365.0,365.0,365.0,365.0,365.0,365.0,365.0,365.0,365.0,365.0,365.0,365.0,365.0,365.0,365.0,365.0,365.0,365.0,365.0,365.0,365.0,365.0,365.0,365.0,365.0
Stanwell,STAN-2,QLD,365.0,365.0,365.0,365.0,365.0,365.0,365.0,365.0,365.0,365.0,365.0,365.0,365.0,365.0,365.0,365.0,365.0,365.0,365.0,365.0,365.0,365.0,365.0,365.0,365.0,365.0,365.0,365.0,365.0,365.0
Stanwell,STAN-3,QLD,365.0,365.0,365.0,365.0,365.0,365.0,365.0,365.0,365.0,365.0,365.0,365.0,365.0,365.0,365.0,365.0,365.0,365.0,365.0,365.0,365.0,365.0,365.0,365.0,365.0,365.0,365.0,365.0,365.0,365.0
Stanwell,STAN-4,QLD,365.0,365.0,365.0,365.0,365.0,365.0,365.0,365.0,365.0,365.0,365.0,365.0,365.0,365.0,365.0,365.0,365.0,365.0,365.0,365.0,365.0,365.0,365.0,365.0,365.0,365.0,365.0,365.0,365.0,365.0
Tarong,TARONG#1,QLD,350.0,350.0,350.0,350.0,350.0,350.0,350.0,350.0,350.0,350.0,350.0,350.0,350.0,350.0,350.0,350.0,350.0,350.0,350.0,350.0,350.0,350.0,350.0,350.0,350.0,350.0,350.0,350.0,350.0,350.0
Tarong,TARONG#2,QLD,350.0,350.0,350.0,350.0,350.0,350.0,350.0,350.0,350.0,350.0,350.0,350.0,350.0,350.0,350.0,350.0,350.0,350.0,350.0,350.0,350.0,350.0,350.0,350.0,350.0,350.0,350.0,350.0,350.0,350.0
Tarong,TARONG#3,QLD,350.0,350.0,350.0,350.0,350.0,350.0,350.0,350.0,350.0,350.0,350.0,350.0,350.0,350.0,350.0,350.0,350.0,350.0,350.0,350.0,350.0,350.0,350.0,350.0,350.0,350.0,350.0,350.0,350.0,350.0
Tarong,TARONG#4,QLD,350.0,350.0,350.0,350.0,350.0,350.0,350.0,350.0,350.0,350.0,350.0,350.0,350.0,350.0,350.0,350.0,350.0,350.0,350.0,350.0,350.0,350.0,350.0,350.0,350.0,350.0,350.0,350.0,350.0,350.0
Tarong North,TNPS1,QLD,443.0,443.0,443.0,443.0,443.0,443.0,443.0,443.0,443.0,443.0,443.0,443.0,443.0,443.0,443.0,443.0,443.0,443.0,443.0,443.0,443.0,443.0,443.0,443.0,443.0,443.0,443.0,443.0,443.0,443.0
Vales Point B,VP5,NSW,660.0,660.0,660.0,660.0,660.0,660.0,660.0,660.0,660.0,660.0,660.0,660.0,660.0,660.0,660.0,660.0,660.0,660.0,660.0,660.0,660.0,660.0,660.0,660.0,660.0,660.0,660.0,660.0,660.0,660.0
Vales Point B,VP6,NSW,660.0,660.0,660.0,660.0,660.0,660.0,660.0,660.0,660.0,660.0,660.0,660.0,660.0,660.0,660.0,660.0,660.0,660.0,660.0,660.0,660.0,660.0,660.0,660.0,660.0,660.0,660.0,660.0,660.0,660.0
Loy Yang A Power Station,LYA1,VIC,540.0,540.0,540.0,540.0,540.0,540.0,540.0,540.0,540.0,540.0,560.0,560.0,560.0,560.0,560.0,560.0,560.0,560.0,560.0,560.0,560.0,560.0,560.0,560.0,560.0,560.0,560.0,560.0,560.0,560.0
Loy Yang A Power Station,LYA2,VIC,500.0,500.0,500.0,500.0,500.0,500.0,500.0,500.0,500.0,500.0,530.0,530.0,530.0,530.0,530.0,530.0,530.0,530.0,530.0,530.0,530.0,530.0,530.0,530.0,530.0,530.0,530.0,530.0,530.0,530.0
Loy Yang A Power Station,LYA3,VIC,510.0,510.0,510.0,510.0,510.0,510.0,510.0,510.0,510.0,510.0,560.0,560.0,560.0,560.0,560.0,560.0,560.0,560.0,560.0,560.0,560.0,560.0,560.0,560.0,560.0,560.0,560.0,560.0,560.0,560.0
Loy Yang A Power Station,LYA4,VIC,530.0,530.0,530.0,530.0,530.0,530.0,530.0,530.0,530.0,530.0,540.0,540.0,540.0,540.0,540.0,540.0,540.0,540.0,540.0,540.0,560.0,560.0,560.0,560.0,560.0,560.0,560.0,560.0,560.0,560.0
Loy Yang B,LOYYB1,VIC,540.0,540.0,540.0,540.0,540.0,540.0,540.0,540.0,540.0,540.0,555.0,555.0,555.0,555.0,555.0,555.0,555.0,555.0,555.0,555.0,580.0,580.0,580.0,580.0,580.0,580.0,580.0,580.0,580.0,580.0
Loy Yang B,LOYYB2,VIC,550.0,550.0,550.0,550.0,550.0,550.0,550.0,550.0,550.0,550.0,560.0,560.0,560.0,560.0,560.0,560.0,560.0,560.0,560.0,560.0,580.0,580.0,580.0,580.0,580.0,580.0,580.0,580.0,580.0,580.0
Yallourn W,YWPS1,VIC,335.0,350.0,350.0,350.0,350.0,0.0,0.0,0.0,0.0,0.0,360.0,360.0,360.0,360.0,360.0,0.0,0.0,0.0,0.0,0.0,365.0,380.0,380.0,380.0,380.0,380.0,0.0,0.0,0.0,0.0
Yallourn W,YWPS2,VIC,330.0,330.0,330.0,330.0,330.0,0.0,0.0,0.0,0.0,0.0,350.0,350.0,350.0,350.0,350.0,0.0,0.0,0.0,0.0,0.0,360.0,360.0,360.0,360.0,360.0,360.0,0.0,0.0,0.0,0.0
Yallourn W,YWPS3,VIC,360.0,360.0,360.0,360.0,360.0,0.0,0.0,0.0,0.0,0.0,370.0,370.0,370.0,370.0,370.0,0.0,0.0,0.0,0.0,0.0,395.0,395.0,395.0,395.0,395.0,395.0,0.0,0.0,0.0,0.0
Yallourn W,YWPS4,VIC,360.0,360.0,360.0,360.0,360.0,0.0,0.0,0.0,0.0,0.0,370.0,370.0,370.0,370.0,370.0,0.0,0.0,0.0,0.0,0.0,395.0,395.0,395.0,395.0,395.0,395.0,0.0,0.0,0.0,0.0
Angaston,ANGAS1,SA,21.6,21.6,21.6,21.6,21.6,21.6,21.6,21.6,21.6,21.6,21.6,21.6,21.6,21.6,21.6,21.6,21.6,21.6,21.6,21.6,21.6,21.6,21.6,21.6,21.6,21.6,21.6,21.6,21.6,21.6
Angaston,ANGAS2,SA,14.4,14.4,14.4,14.4,14.4,14.4,14.4,14.4,14.4,14.4,14.4,14.4,14.4,14.4,14.4,14.4,14.4,14.4,14.4,14.4,14.4,14.4,14.4,14.4,14.4,14.4,14.4,14.4,14.4,14.4
Bairnsdale,BDL01,VIC,27.0,27.0,27.0,27.0,27.0,27.0,27.0,27.0,27.0,27.0,36.0,36.0,36.0,36.0,36.0,36.0,36.0,36.0,36.0,36.0,44.0,44.0,44.0,44.0,44.0,44.0,44.0,44.0,44.0,44.0
Bairnsdale,BDL02,VIC,30.0,30.0,30.0,30.0,30.0,30.0,30.0,30.0,30.0,30.0,37.0,37.0,37.0,37.0,37.0,37.0,37.0,37.0,37.0,37.0,44.0,44.0,44.0,44.0,44.0,44.0,44.0,44.0,44.0,44.0
Barcaldine Power Station,BARCALDN,QLD,32.0,32.0,32.0,32.0,32.0,32.0,32.0,32.0,32.0,32.0,36.0,36.0,36.0,36.0,36.0,36.0,36.0,36.0,36.0,36.0,37.0,37.0,37.0,37.0,37.0,37.0,37.0,37.0,37.0,37.0
Barker Inlet Power Station,BIPS1_01,SA,17.1,17.1,17.1,17.1,17.1,17.1,17.1,17.1,17.1,17.1,17.5,17.5,17.5,17.5,17.5,17.5,17.5,17.5,17.5,17.5,17.5,17.5,17.5,17.5,17.5,17.5,17.5,17.5,17.5,17.5
Barker Inlet Power Station,BIPS1_02,SA,17.1,17.1,17.1,17.1,17.1,17.1,17.1,17.1,17.1,17.1,17.5,17.5,17.5,17.5,17.5,17.5,17.5,17.5,17.5,17.5,17.5,17.5,17.5,17.5,17.5,17.5,17.5,17.5,17.5,17.5
Barker Inlet Power Station,BIPS1_03,SA,17.1,17.1,17.1,17.1,17.1,17.1,17.1,17.1,17.1,17.1,17.5,17.5,17.5,17.5,17.5,17.5,17.5,17.5,17.5,17.5,17.5,17.5,17.5,17.5,17.5,17.5,17.5,17.5,17.5,17.5
Barker Inlet Power Station,BIPS1_04,SA,17.1,17.1,17.1,17.1,17.1,17.1,17.1,17.1,17.1,17.1,17.5,17.5,17.5,17.5,17.5,17.5,17.5,17.5,17.5,17.5,17.5,17.5,17.5,17.5,17.5,17.5,17.5,17.5,17.5,17.5
Barker Inlet Power Station,BIPS1_05,SA,17.1,17.1,17.1,17.1,17.1,17.1,17.1,17.1,17.1,17.1,17.5,17.5,17.5,17.5,17.5,17.5,17.5,17.5,17.5,17.5,17.5,17.5,17.5,17.5,17.5,17.5,17.5,17.5,17.5,17.5
Barker Inlet Power Station,BIPS1_06,SA,17.1,17.1,17.1,17.1,17.1,17.1,17.1,17.1,17.1,17.1,17.5,17.5,17.5,17.5,17.5,17.5,17.5,17.5,17.5,17.5,17.5,17.5,17.5,17.5,17.5,17.5,17.5,17.5,17.5,17.5
Barker Inlet Power Station,BIPS1_07,SA,17.1,17.1,17.1,17.1,17.1,17.1,17.1,17.1,17.1,17.1,17.5,17.5,17.5,17.5,17.5,17.5,17.5,17.5,17.5,17.5,17.5,17.5,17.5,17.5,17.5,17.5,17.5,17.5,17.5,17.5
Barker Inlet Power Station,BIPS1_08,SA,17.1,17.1,17.1,17.1,17.1,17.1,17.1,17.1,17.1,17.1,17.5,17.5,17.5,17.5,17.5,17.5,17.5,17.5,17.5,17.5,17.5,17.5,17.5,17.5,17.5,17.5,17.5,17.5,17.5,17.5
Barker Inlet Power Station,BIPS1_09,SA,17.1,17.1,17.1,17.1,17.1,17.1,17.1,17.1,17.1,17.1,17.5,17.5,17.5,17.5,17.5,17.5,17.5,17.5,17.5,17.5,17.5,17.5,17.5,17.5,17.5,17.5,17.5,17.5,17.5,17.5
Barker Inlet Power Station,BIPS1_10,SA,17.1,17.1,17.1,17.1,17.1,17.1,17.1,17.1,17.1,17.1,17.5,17.5,17.5,17.5,17.5,17.5,17.5,17.5,17.5,17.5,17.5,17.5,17.5,17.5,17.5,17.5,17.5,17.5,17.5,17.5
Barker Inlet Power Station,BIPS1_11,SA,17.1,17.1,17.1,17.1,17.1,17.1,17.1,17.1,17.1,17.1,17.5,17.5,17.5,17.5,17.5,17.5,17.5,17.5,17.5,17.5,17.5,17.5,17.5,17.5,17.5,17.5,17.5,17.5,17.5,17.5
Barker Inlet Power Station,BIPS1_12,SA,17.1,17.1,17.1,17.1,17.1,17.1,17.1,17.1,17.1,17.1,17.5,17.5,17.5,17.5,17.5,17.5,17.5,17.5,17.5,17.5,17.5,17.5,17.5,17.5,17.5,17.5,17.5,17.5,17.5,17.5
Bell Bay Three,BBTHREE1,TAS,40.0,40.0,40.0,40.0,40.0,40.0,40.0,40.0,40.0,40.0,40.0,40.0,40.0,40.0,40.0,40.0,40.0,40.0,40.0,40.0,40.0,40.0,40.0,40.0,40.0,40.0,40.0,40.0,40.0,40.0
Bell Bay Three,BBTHREE2,TAS,40.0,40.0,40.0,40.0,40.0,40.0,40.0,40.0,40.0,40.0,40.0,40.0,40.0,40.0,40.0,40.0,40.0,40.0,40.0,40.0,40.0,40.0,40.0,40.0,40.0,40.0,40.0,40.0,40.0,40.0
Bell Bay Three,BBTHREE3,TAS,25.0,25.0,25.0,25.0,25.0,25.0,25.0,25.0,25.0,25.0,25.0,25.0,25.0,25.0,25.0,25.0,25.0,25.0,25.0,25.0,25.0,25.0,25.0,25.0,25.0,25.0,25.0,25.0,25.0,25.0
Bolivar Power Station,BOLIVPS1_1,SA,23.8,23.8,23.8,23.8,23.8,23.8,23.8,23.8,23.8,23.8,27.1,27.1,27.1,27.1,27.1,27.1,27.1,27.1,27.1,27.1,31.4,31.4,31.4,31.4,31.4,31.4,31.4,31.4,31.4,31.4
Bolivar Power Station,BOLIVPS1_2,SA,23.8,23.8,23.8,23.8,23.8,23.8,23.8,23.8,23.8,23.8,27.1,27.1,27.1,27.1,27.1,27.1,27.1,27.1,27.1,27.1,31.4,31.4,31.4,31.4,31.4,31.4,31.4,31.4,31.4,31.4
Bolivar Power Station,BOLIVPS1_3,SA,23.8,23.8,23.8,23.8,23.8,23.8,23.8,23.8,23.8,23.8,27.1,27.1,27.1,27.1,27.1,27.1,27.1,27.1,27.1,27.1,31.4,31.4,31.4,31.4,31.4,31.4,31.4,31.4,31.4,31.4
Bolivar Power Station,BOLIVPS1_4,SA,23.8,23.8,23.8,23.8,23.8,23.8,23.8,23.8,23.8,23.8,27.1,27.1,27.1,27.1,27.1,27.1,27.1,27.1,27.1,27.1,31.4,31.4,31.4,31.4,31.4,31.4,31.4,31.4,31.4,31.4
Braemar,BRAEMAR1,QLD,167.0,167.0,167.0,167.0,167.0,167.0,167.0,167.0,167.0,167.0,173.0,173.0,173.0,173.0,173.0,173.0,173.0,173.0,173.0,173.0,181.0,181.0,181.0,181.0,181.0,181.0,181.0,181.0,181.0,181.0
Braemar,BRAEMAR2,QLD,167.0,167.0,167.0,167.0,167.0,167.0,167.0,167.0,167.0,167.0,173.0,173.0,173.0,173.0,173.0,173.0,173.0,173.0,173.0,173.0,181.0,181.0,181.0,181.0,181.0,181.0,181.0,181.0,181.0,181.0
Braemar,BRAEMAR3,QLD,167.0,167.0,167.0,167.0,167.0,167.0,167.0,167.0,167.0,167.0,173.0,173.0,173.0,173.0,173.0,173.0,173.0,173.0,173.0,173.0,181.0,181.0,181.0,181.0,181.0,181.0,181.0,181.0,181.0,181.0
Braemar 2 Power Station,BRAEMAR5,QLD,155.0,165.0,165.0,165.0,165.0,165.0,165.0,165.0,165.0,165.0,155.0,165.0,165.0,165.0,165.0,165.0,165.0,165.0,165.0,165.0,173.0,173.0,173.0,173.0,173.0,173.0,173.0,173.0,173.0,173.0
Braemar 2 Power Station,BRAEMAR6,QLD,155.0,165.0,165.0,165.0,165.0,165.0,165.0,165.0,165.0,165.0,155.0,165.0,165.0,165.0,165.0,165.0,165.0,165.0,165.0,165.0,173.0,173.0,173.0,173.0,173.0,173.0,173.0,173.0,173.0,173.0
Braemar 2 Power Station,BRAEMAR7,QLD,155.0,165.0,165.0,165.0,165.0,165.0,165.0,165.0,165.0,165.0,155.0,165.0,165.0,165.0,165.0,165.0,165.0,165.0,165.0,165.0,173.0,173.0,173.0,173.0,173.0,173.0,173.0,173.0,173.0,173.0
Colongra,CG1,NSW,160.0,160.0,160.0,160.0,160.0,160.0,160.0,160.0,160.0,160.0,170.0,170.0,170.0,170.0,170.0,170.0,170.0,170.0,170.0,170.0,181.0,181.0,181.0,181.0,181.0,181.0,181.0,181.0,181.0,181.0
Colongra,CG2,NSW,160.0,160.0,160.0,160.0,160.0,160.0,160.0,160.0,160.0,160.0,170.0,170.0,170.0,170.0,170.0,170.0,170.0,170.0,170.0,170.0,181.0,181.0,181.0,181.0,181.0,181.0,181.0,181.0,181.0,181.0
Colongra,CG3,NSW,160.0,160.0,160.0,160.0,160.0,160.0,160.0,160.0,160.0,160.0,170.0,170.0,170.0,170.0,170.0,170.0,170.0,170.0,170.0,170.0,181.0,181.0,181.0,181.0,181.0,181.0,181.0,181.0,181.0,181.0
Colongra,CG4,NSW,160.0,160.0,160.0,160.0,160.0,160.0,160.0,160.0,160.0,160.0,170.0,170.0,170.0,170.0,170.0,170.0,170.0,170.0,170.0,170.0,181.0,181.0,181.0,181.0,181.0,181.0,181.0,181.0,181.0,181.0
Condamine A,CPSA_GT1,QLD,41.78,41.78,41.78,41.78,41.78,41.78,41.78,41.78,41.78,41.78,41.89,41.89,41.89,41.89,41.89,41.89,41.89,41.89,41.89,41.89,43.9,43.9,43.9,43.9,43.9,43.9,43.9,43.9,43.9,43.9
Condamine A,CPSA_GT2,QLD,41.78,41.78,41.78,41.78,41.78,41.78,41.78,41.78,41.78,41.78,41.89,41.89,41.89,41.89,41.89,41.89,41.89,41.89,41.89,41.89,43.9,43.9,43.9,43.9,43.9,43.9,43.9,43.9,43.9,43.9
Condamine A,CPSA_ST,QLD,54.97,54.97,54.97,54.97,54.97,54.97,54.97,54.97,54.97,54.97,55.32,55.32,55.32,55.32,55.32,55.32,55.32,55.32,55.32,55.32,56.43,56.43,56.43,56.43,56.43,56.43,56.43,56.43,56.43,56.43
Darling Downs,DDPS1_ST,QLD,245.0,245.0,245.0,245.0,245.0,245.0,245.0,245.0,245.0,245.0,252.0,252.0,252.0,252.0,252.0,252.0,252.0,252.0,252.0,252.0,273.0,273.0,273.0,273.0,273.0,273.0,273.0,273.0,273.0,273.0
Darling Downs,DDPS1_GT1,QLD,106.0,106.0,106.0,106.0,106.0,106.0,106.0,106.0,106.0,106.0,109.0,109.0,109.0,109.0,109.0,109.0,109.0,109.0,109.0,109.0,119.0,119.0,119.0,119.0,119.0,119.0,119.0,119.0,119.0,119.0
Darling Downs,DDPS1_GT2,QLD,106.0,106.0,106.0,106.0,106.0,106.0,106.0,106.0,106.0,106.0,109.0,109.0,109.0,109.0,109.0,109.0,109.0,109.0,109.0,109.0,119.0,119.0,119.0,119.0,119.0,119.0,119.0,119.0,119.0,119.0
Darling Downs,DDPS1_GT3,QLD,106.0,106.0,106.0,106.0,106.0,106.0,106.0,106.0,106.0,106.0,109.0,109.0,109.0,109.0,109.0,109.0,109.0,109.0,109.0,109.0,119.0,119.0,119.0,119.0,119.0,119.0,119.0,119.0,119.0,119.0
Dry Creek GT,DRYCGT1,SA,37.0,37.0,37.0,37.0,37.0,37.0,37.0,37.0,0.0,0.0,39.0,39.0,39.0,39.0,39.0,39.0,39.0,39.0,0.0,0.0,47.0,47.0,47.0,47.0,47.0,47.0,47.0,47.0,0.0,0.0
Dry Creek GT,DRYCGT2,SA,38.0,38.0,38.0,38.0,38.0,38.0,38.0,38.0,0.0,0.0,40.0,40.0,40.0,40.0,40.0,40.0,40.0,40.0,0.0,0.0,47.0,47.0,47.0,47.0,47.0,47.0,47.0,47.0,0.0,0.0
Dry Creek GT,DRYCGT3,SA,42.0,42.0,42.0,42.0,42.0,42.0,42.0,42.0,0.0,0.0,43.0,43.0,43.0,43.0,43.0,43.0,43.0,43.0,0.0,0.0,49.0,49.0,49.0,49.0,49.0,49.0,49.0,49.0,0.0,0.0
Hallett GT,AGLHAL01,SA,15.0,15.0,15.0,15.0,15.0,15.0,15.0,15.0,15.0,15.0,15.5,15.5,15.5,15.5,15.5,15.5,15.5,15.5,15.5,15.5,0.0,16.5,16.5,16.5,16.5,16.5,16.5,16.5,16.5,16.5
Hallett GT,AGLHAL02,SA,15.0,15.0,15.0,15.0,15.0,15.0,15.0,15.0,15.0,15.0,15.5,15.5,15.5,15.5,15.5,15.5,15.5,15.5,15.5,15.5,0.0,16.5,16.5,16.5,16.5,16.5,16.5,16.5,16.5,16.5
Hallett GT,AGLHAL03,SA,17.0,17.0,17.0,17.0,17.0,17.0,17.0,17.0,17.0,17.0,17.0,17.0,17.0,17.0,17.0,17.0,17.0,17.0,17.0,17.0,17.0,17.0,17.0,17.0,17.0,17.0,17.0,17.0,17.0,17.0
Hallett GT,AGLHAL04,SA,0.0,15.0,15.0,15.0,15.0,15.0,15.0,15.0,15.0,15.0,0.0,15.0,15.0,15.0,15.0,15.0,15.0,15.0,15.0,15.0,0.0,16.0,16.0,16.0,16.0,16.0,16.0,16.0,16.0,16.0
Hallett GT,AGLHAL05,SA,15.0,15.0,15.0,15.0,15.0,15.0,15.0,15.0,15.0,15.0,15.5,15.5,15.5,15.5,15.5,15.5,15.5,15.5,15.5,15.5,16.0,16.0,16.0,16.0,16.0,16.0,16.0,16.0,16.0,16.0
Hallett GT,AGLHAL06,SA,12.0,12.0,12.0,12.0,12.0,12.0,12.0,12.0,12.0,12.0,13.5,13.5,13.5,13.5,13.5,13.5,13.5,13.5,13.5,13.5,15.0,15.0,15.0,15.0,15.0,15.0,15.0,15.0,15.0,15.0
Hallett GT,AGLHAL07,SA,20.0,20.0,20.0,20.0,20.0,20.0,20.0,20.0,20.0,20.0,21.5,21.5,21.5,21.5,21.5,21.5,21.5,21.5,21.5,21.5,23.0,23.0,23.0,23.0,23.0,23.0,23.0,23.0,23.0,23.0
Hallett GT,AGLHAL08,SA,22.0,22.0,22.0,22.0,22.0,22.0,22.0,22.0,22.0,22.0,23.0,23.0,23.0,23.0,23.0,23.0,23.0,23.0,23.0,23.0,25.0,25.0,25.0,25.0,25.0,25.0,25.0,25.0,25.0,25.0
Hallett GT,AGLHAL09,SA,0.0,0.0,20.0,20.0,20.0,20.0,20.0,20.0,20.0,20.0,0.0,0.0,21.5,21.5,21.5,21.5,21.5,21.5,21.5,21.5,0.0,0.0,0.0,23.0,23.0,23.0,23.0,23.0,23.0,23.0
Hallett GT,AGLHAL10,SA,14.0,14.0,14.0,14.0,14.0,14.0,14.0,14.0,14.0,14.0,15.0,15.0,15.0,15.0,15.0,15.0,15.0,15.0,15.0,15.0,16.0,16.0,16.0,16.0,16.0,16.0,16.0,16.0,16.0,16.0
Hallett GT,AGLHAL11,SA,14.0,14.0,14.0,14.0,14.0,14.0,14.0,14.0,14.0,14.0,15.0,15.0,15.0,15.0,15.0,15.0,15.0,15.0,15.0,15.0,16.0,16.0,16.0,16.0,16.0,16.0,16.0,16.0,16.0,16.0
Hallett GT,AGLHAL12,SA,14.0,14.0,14.0,14.0,14.0,14.0,14.0,14.0,14.0,14.0,15.0,15.0,15.0,15.0,15.0,15.0,15.0,15.0,15.0,15.0,16.0,16.0,16.0,16.0,16.0,16.0,16.0,16.0,16.0,16.0
Hallett GT,AGLHALRE,SA,30.0,30.0,30.0,30.0,30.0,30.0,30.0,30.0,30.0,30.0,32.0,32.0,32.0,32.0,32.0,32.0,32.0,32.0,32.0,32.0,33.0,33.0,33.0,33.0,33.0,33.0,33.0,33.0,33.0,33.0
Jeeralang A,JLA01,VIC,46.6,46.6,46.6,46.6,46.6,46.6,46.6,46.6,46.6,46.6,50.0,50.0,50.0,50.0,50.0,50.0,50.0,50.0,50.0,50.0,56.0,56.0,56.0,56.0,56.0,56.0,56.0,56.0,56.0,56.0
Jeeralang A,JLA02,VIC,46.6,46.6,46.6,46.6,46.6,46.6,46.6,46.6,46.6,46.6,50.0,50.0,50.0,50.0,50.0,50.0,50.0,50.0,50.0,50.0,56.0,56.0,56.0,56.0,56.0,56.0,56.0,56.0,56.0,56.0
Jeeralang A,JLA03,VIC,46.6,46.6,46.6,46.6,46.6,46.6,46.6,46.6,46.6,46.6,50.0,50.0,50.0,50.0,50.0,50.0,50.0,50.0,50.0,50.0,55.0,55.0,55.0,55.0,55.0,55.0,55.0,55.0,55.0,55.0
Jeeralang A,JLA04,VIC,46.6,46.6,46.6,46.6,46.6,46.6,46.6,46.6,46.6,46.6,50.0,50.0,50.0,50.0,50.0,50.0,50.0,50.0,50.0,50.0,55.0,55.0,55.0,55.0,55.0,55.0,55.0,55.0,55.0,55.0
Jeeralang B,JLB01,VIC,0.0,70.3,70.3,70.3,70.3,70.3,70.3,70.3,70.3,70.3,0.0,76.0,76.0,76.0,76.0,76.0,76.0,76.0,76.0,76.0,0.0,85.0,85.0,85.0,85.0,85.0,85.0,85.0,85.0,85.0
Jeeralang B,JLB02,VIC,68.3,68.3,68.3,68.3,70.3,70.3,70.3,70.3,70.3,70.3,74.0,74.0,74.0,74.0,76.0,76.0,76.0,76.0,76.0,76.0,83.0,83.0,83.0,83.0,85.0,85.0,85.0,85.0,85.0,85.0
Jeeralang B,JLB03,VIC,72.3,72.3,72.3,72.3,72.3,72.3,72.3,72.3,72.3,72.3,78.0,78.0,78.0,78.0,78.0,78.0,78.0,78.0,78.0,78.0,87.0,87.0,87.0,87.0,87.0,87.0,87.0,87.0,87.0,87.0
Ladbroke Grove,LADBROK1,SA,35.0,35.0,35.0,35.0,35.0,35.0,35.0,35.0,35.0,35.0,37.0,37.0,37.0,37.0,37.0,37.0,37.0,37.0,37.0,37.0,42.0,42.0,42.0,42.0,42.0,42.0,42.0,42.0,42.0,42.0
Ladbroke Grove,LADBROK2,SA,35.0,35.0,35.0,35.0,35.0,35.0,35.0,35.0,35.0,35.0,37.0,37.0,37.0,37.0,37.0,37.0,37.0,37.0,37.0,37.0,42.0,42.0,42.0,42.0,42.0,42.0,42.0,42.0,42.0,42.0
Laverton North,LNGS1,VIC,168.0,168.0,168.0,168.0,168.0,168.0,168.0,168.0,168.0,168.0,172.0,172.0,172.0,172.0,172.0,172.0,172.0,172.0,172.0,172.0,172.0,172.0,172.0,172.0,172.0,172.0,172.0,172.0,172.0,172.0
Laverton North,LNGS2,VIC,168.0,168.0,168.0,168.0,168.0,168.0,168.0,168.0,168.0,168.0,172.0,172.0,172.0,172.0,172.0,172.0,172.0,172.0,172.0,172.0,172.0,172.0,172.0,172.0,172.0,172.0,172.0,172.0,172.0,172.0
Lonsdale,LONSDALE,SA,21.06,21.06,21.06,21.06,21.06,21.06,21.06,21.06,21.06,21.06,21.06,21.06,21.06,21.06,21.06,21.06,21.06,21.06,21.06,21.06,21.06,21.06,21.06,21.06,21.06,21.06,21.06,21.06,21.06,21.06
Mintaro GT,MINTARO,SA,68.0,68.0,68.0,68.0,68.0,68.0,68.0,68.0,0.0,0.0,73.0,73.0,73.0,73.0,73.0,73.0,73.0,73.0,0.0,0.0,90.0,90.0,90.0,90.0,90.0,90.0,90.0,90.0,0.0,0.0
Mortlake,MORTLK11,VIC,257.0,257.0,257.0,257.0,257.0,257.0,257.0,257.0,257.0,257.0,266.0,266.0,266.0,266.0,266.0,266.0,266.0,266.0,266.0,266.0,292.0,292.0,292.0,292.0,292.0,292.0,292.0,292.0,292.0,292.0
Mortlake,MORTLK12,VIC,257.0,257.0,257.0,257.0,257.0,257.0,257.0,257.0,257.0,257.0,266.0,266.0,266.0,266.0,266.0,266.0,266.0,266.0,266.0,266.0,292.0,292.0,292.0,292.0,292.0,292.0,292.0,292.0,292.0,292.0
Mt Stuart,MSTUART1,QLD,135.0,135.0,135.0,135.0,135.0,135.0,135.0,135.0,135.0,135.0,139.0,139.0,139.0,139.0,139.0,139.0,139.0,139.0,139.0,139.0,140.0,140.0,140.0,140.0,140.0,140.0,140.0,140.0,140.0,140.0
Mt Stuart,MSTUART2,QLD,135.0,135.0,135.0,135.0,135.0,135.0,135.0,135.0,135.0,135.0,139.0,139.0,139.0,139.0,139.0,139.0,139.0,139.0,139.0,139.0,140.0,140.0,140.0,140.0,140.0,140.0,140.0,140.0,140.0,140.0
Mt Stuart,MSTUART3,QLD,117.0,117.0,117.0,117.0,117.0,117.0,117.0,117.0,117.0,117.0,118.0,118.0,118.0,118.0,118.0,118.0,118.0,118.0,118.0,118.0,120.0,120.0,120.0,120.0,120.0,120.0,120.0,120.0,120.0,120.0
Newport,NPS,VIC,475.0,475.0,475.0,475.0,475.0,475.0,475.0,475.0,475.0,475.0,510.0,510.0,510.0,510.0,510.0,510.0,510.0,510.0,510.0,510.0,510.0,510.0,510.0,510.0,510.0,510.0,510.0,510.0,510.0,510.0
Oakey Power Station,OAKEY1,QLD,144.0,144.0,144.0,144.0,144.0,144.0,144.0,144.0,144.0,144.0,150.0,150.0,150.0,150.0,150.0,150.0,150.0,150.0,150.0,150.0,173.0,173.0,173.0,173.0,173.0,173.0,173.0,173.0,173.0,173.0
Oakey Power Station,OAKEY2,QLD,144.0,144.0,144.0,144.0,144.0,144.0,144.0,144.0,144.0,144.0,150.0,150.0,150.0,150.0,150.0,150.0,150.0,150.0,150.0,150.0,173.0,173.0,173.0,173.0,173.0,173.0,173.0,173.0,173.0,173.0
Osborne,OsborneGT,SA,110.0,110.0,110.0,110.0,0.0,0.0,0.0,0.0,0.0,0.0,112.0,112.0,112.0,112.0,0.0,0.0,0.0,0.0,0.0,0.0,121.0,121.0,121.0,121.0,0.0,0.0,0.0,0.0,0.0,0.0
Osborne,OsborneST,SA,62.0,62.0,62.0,62.0,0.0,0.0,0.0,0.0,0.0,0.0,63.0,63.0,63.0,63.0,0.0,0.0,0.0,0.0,0.0,0.0,65.0,65.0,65.0,65.0,0.0,0.0,0.0,0.0,0.0,0.0
Pelican Point,PPCCGTGT1,SA,138.0,138.0,138.0,138.0,138.0,138.0,138.0,138.0,138.0,138.0,156.0,156.0,156.0,156.0,156.0,156.0,156.0,156.0,156.0,156.0,167.0,167.0,167.0,167.0,167.0,167.0,167.0,167.0,167.0,167.0
Pelican Point,PPCCGTGT2,SA,143.0,143.0,143.0,143.0,143.0,143.0,143.0,143.0,143.0,143.0,163.0,163.0,163.0,163.0,163.0,163.0,163.0,163.0,163.0,163.0,174.0,174.0,174.0,174.0,174.0,174.0,174.0,174.0,174.0,174.0
Pelican Point,PPCCGTST,SA,135.0,135.0,135.0,135.0,135.0,135.0,135.0,135.0,135.0,135.0,149.0,149.0,149.0,149.0,149.0,149.0,149.0,149.0,149.0,149.0,157.0,157.0,157.0,157.0,157.0,157.0,157.0,157.0,157.0,157.0
Port Lincoln GT,POR01-1,SA,20.0,20.0,20.0,20.0,20.0,20.0,20.0,20.0,0.0,0.0,21.0,21.0,21.0,21.0,21.0,21.0,21.0,21.0,0.0,0.0,25.0,25.0,25.0,25.0,25.0,25.0,25.0,25.0,0.0,0.0
Port Lincoln GT,POR01-2,SA,18.0,18.0,18.0,18.0,18.0,18.0,18.0,18.0,0.0,0.0,21.0,21.0,21.0,21.0,21.0,21.0,21.0,21.0,0.0,0.0,25.0,25.0,25.0,25.0,25.0,25.0,25.0,25.0,0.0,0.0
Port Lincoln GT,POR01-3,SA,19.0,19.0,19.0,19.0,19.0,19.0,19.0,19.0,0.0,0.0,20.0,20.0,20.0,20.0,20.0,20.0,20.0,20.0,0.0,0.0,23.5,23.5,23.5,23.5,23.5,23.5,23.5,23.5,0.0,0.0
Port Stanvac 1,PTSTAN1_1,SA,23.4,23.4,23.4,23.4,23.4,23.4,23.4,23.4,23.4,23.4,23.4,23.4,23.4,23.4,23.4,23.4,23.4,23.4,23.4,23.4,23.4,23.4,23.4,23.4,23.4,23.4,23.4,23.4,23.4,23.4
Port Stanvac 1,PTSTAN1_2,SA,23.4,23.4,23.4,23.4,23.4,23.4,23.4,23.4,23.4,23.4,23.4,23.4,23.4,23.4,23.4,23.4,23.4,23.4,23.4,23.4,23.4,23.4,23.4,23.4,23.4,23.4,23.4,23.4,23.4,23.4
Quarantine,QPS1,SA,21.0,21.0,21.0,21.0,21.0,21.0,21.0,21.0,21.0,21.0,23.0,23.0,23.0,23.0,23.0,23.0,23.0,23.0,23.0,23.0,29.0,29.0,29.0,29.0,29.0,29.0,29.0,29.0,29.0,29.0
Quarantine,QPS2,SA,18.0,18.0,18.0,18.0,18.0,18.0,18.0,18.0,18.0,18.0,20.0,20.0,20.0,20.0,20.0,20.0,20.0,20.0,20.0,20.0,23.0,23.0,23.0,23.0,23.0,23.0,23.0,23.0,23.0,23.0
Quarantine,QPS3,SA,21.0,21.0,21.0,21.0,21.0,21.0,21.0,21.0,21.0,21.0,23.0,23.0,23.0,23.0,23.0,23.0,23.0,23.0,23.0,23.0,29.0,29.0,29.0,29.0,29.0,29.0,29.0,29.0,29.0,29.0
Quarantine,QPS4,SA,18.0,18.0,18.0,18.0,18.0,18.0,18.0,18.0,18.0,18.0,20.0,20.0,20.0,20.0,20.0,20.0,20.0,20.0,20.0,20.0,23.0,23.0,23.0,23.0,23.0,23.0,23.0,23.0,23.0,23.0
Quarantine,QPS5,SA,111.0,111.0,111.0,111.0,111.0,111.0,111.0,111.0,111.0,111.0,114.0,114.0,114.0,114.0,114.0,114.0,114.0,114.0,114.0,114.0,120.0,120.0,120.0,120.0,120.0,120.0,120.0,120.0,120.0,120.0
Roma,ROMA_7,QLD,27.0,27.0,27.0,27.0,27.0,27.0,27.0,27.0,27.0,27.0,30.0,30.0,30.0,30.0,30.0,30.0,30.0,30.0,30.0,30.0,34.0,34.0,34.0,34.0,34.0,34.0,34.0,34.0,34.0,34.0
Roma,ROMA_8,QLD,27.0,27.0,27.0,27.0,27.0,27.0,27.0,27.0,27.0,27.0,30.0,30.0,30.0,30.0,30.0,30.0,30.0,30.0,30.0,30.0,34.0,34.0,34.0,34.0,34.0,34.0,34.0,34.0,34.0,34.0
Smithfield Energy Facility,SITHE01,NSW,36.0,36.0,36.0,36.0,36.0,36.0,36.0,36.0,36.0,36.0,36.0,36.0,36.0,36.0,36.0,36.0,36.0,36.0,36.0,36.0,41.9,41.9,41.9,41.9,41.9,41.9,41.9,41.9,41.9,41.9
Smithfield Energy Facility,SITHE02,NSW,36.0,36.0,36.0,36.0,36.0,36.0,36.0,36.0,36.0,36.0,36.0,36.0,36.0,36.0,36.0,36.0,36.0,36.0,36.0,36.0,41.9,41.9,41.9,41.9,41.9,41.9,41.9,41.9,41.9,41.9
Smithfield Energy Facility,SITHE03,NSW,36.0,36.0,36.0,36.0,36.0,36.0,36.0,36.0,36.0,36.0,36.0,36.0,36.0,36.0,36.0,36.0,36.0,36.0,36.0,36.0,41.9,41.9,41.9,41.9,41.9,41.9,41.9,41.9,41.9,41.9
Smithfield Energy Facility,SITHE04,NSW,0.0,0.0,0.0,0.0,0.0,0.0,0.0,0.0,0.0,0.0,0.0,0.0,0.0,0.0,0.0,0.0,0.0,0.0,0.0,0.0,0.0,0.0,0.0,0.0,0.0,0.0,0.0,0.0,0.0,0.0
Snapper Point Power Station,SNAPPER1_1,SA,24.6,24.6,24.6,24.6,24.6,24.6,24.6,24.6,24.6,24.6,27.62,27.62,27.62,27.62,27.62,27.62,27.62,27.62,27.62,27.62,31.38,31.38,31.38,31.38,31.38,31.38,31.38,31.38,31.38,31.38
Snapper Point Power Station,SNAPPER1_2,SA,24.6,24.6,24.6,24.6,24.6,24.6,24.6,24.6,24.6,24.6,27.62,27.62,27.62,27.62,27.62,27.62,27.62,27.62,27.62,27.62,31.38,31.38,31.38,31.38,31.38,31.38,31.38,31.38,31.38,31.38
Snapper Point Power Station,SNAPPER1_3,SA,24.6,24.6,24.6,24.6,24.6,24.6,24.6,24.6,24.6,24.6,27.62,27.62,27.62,27.62,27.62,27.62,27.62,27.62,27.62,27.62,31.38,31.38,31.38,31.38,31.38,31.38,31.38,31.38,31.38,31.38
Snapper Point Power Station,SNAPPER1_4,SA,24.6,24.6,24.6,24.6,24.6,24.6,24.6,24.6,24.6,24.6,27.62,27.62,27.62,27.62,27.62,27.62,27.62,27.62,27.62,27.62,31.38,31.38,31.38,31.38,31.38,31.38,31.38,31.38,31.38,31.38
Snapper Point Power Station,SNAPPER1_5,SA,24.6,24.6,24.6,24.6,24.6,24.6,24.6,24.6,24.6,24.6,27.62,27.62,27.62,27.62,27.62,27.62,27.62,27.62,27.62,27.62,31.38,31.38,31.38,31.38,31.38,31.38,31.38,31.38,31.38,31.38
Snuggery,SNUG1,SA,18.0,18.0,18.0,18.0,18.0,18.0,18.0,18.0,0.0,0.0,19.0,19.0,19.0,19.0,19.0,19.0,19.0,19.0,0.0,0.0,21.0,21.0,21.0,21.0,21.0,21.0,21.0,21.0,0.0,0.0
Snuggery,SNUG2,SA,18.0,18.0,18.0,18.0,18.0,18.0,18.0,18.0,0.0,0.0,19.0,19.0,19.0,19.0,19.0,19.0,19.0,19.0,0.0,0.0,21.0,21.0,21.0,21.0,21.0,21.0,21.0,21.0,0.0,0.0
Snuggery,SNUG3,SA,18.0,18.0,18.0,18.0,18.0,18.0,18.0,18.0,0.0,0.0,19.0,19.0,19.0,19.0,19.0,19.0,19.0,19.0,0.0,0.0,21.0,21.0,21.0,21.0,21.0,21.0,21.0,21.0,0.0,0.0
Somerton,AGLSOM01,VIC,35.0,35.0,35.0,35.0,35.0,35.0,35.0,35.0,35.0,35.0,37.5,37.5,37.5,37.5,37.5,37.5,37.5,42.5,42.5,42.5,42.5,42.5,42.5,42.5,42.5,42.5,42.5,42.5,42.5,42.5
Somerton,AGLSOM02,VIC,35.0,35.0,35.0,35.0,35.0,35.0,35.0,35.0,35.0,35.0,37.5,37.5,37.5,37.5,37.5,37.5,37.5,42.5,42.5,42.5,42.5,42.5,42.5,42.5,42.5,42.5,42.5,42.5,42.5,42.5
Somerton,AGLSOM03,VIC,35.0,35.0,35.0,35.0,35.0,35.0,35.0,35.0,35.0,35.0,37.5,37.5,37.5,37.5,37.5,37.5,37.5,42.5,42.5,42.5,42.5,42.5,42.5,42.5,42.5,42.5,42.5,42.5,42.5,42.5
Somerton,AGLSOM04,VIC,35.0,35.0,35.0,35.0,35.0,35.0,35.0,35.0,35.0,35.0,37.5,37.5,37.5,37.5,37.5,37.5,37.5,42.5,42.5,42.5,42.5,42.5,42.5,42.5,42.5,42.5,42.5,42.5,42.5,42.5
Swanbank E GT,SWAN_E,QLD,350.0,350.0,350.0,350.0,350.0,350.0,350.0,350.0,350.0,350.0,355.0,355.0,355.0,355.0,355.0,355.0,355.0,355.0,355.0,355.0,365.0,365.0,365.0,365.0,365.0,365.0,365.0,365.0,365.0,365.0
Tallawarra,TALWA1,NSW,385.0,405.0,405.0,405.0,405.0,405.0,405.0,405.0,405.0,405.0,395.0,415.0,415.0,415.0,415.0,415.0,415.0,415.0,415.0,415.0,425.0,425.0,425.0,425.0,425.0,425.0,425.0,425.0,425.0,425.0
Tamar Valley Combined Cycle,TVCC201_GT,TAS,0.0,0.0,0.0,0.0,0.0,0.0,0.0,0.0,0.0,0.0,0.0,0.0,0.0,0.0,0.0,0.0,0.0,0.0,0.0,0.0,0.0,0.0,0.0,0.0,0.0,0.0,0.0,0.0,0.0,0.0
Tamar Valley Combined Cycle,TVCC201_ST,TAS,0.0,0.0,0.0,0.0,0.0,0.0,0.0,0.0,0.0,0.0,0.0,0.0,0.0,0.0,0.0,0.0,0.0,0.0,0.0,0.0,0.0,0.0,0.0,0.0,0.0,0.0,0.0,0.0,0.0,0.0
Tamar Valley Peaking,TVPP104,TAS,58.0,58.0,58.0,58.0,58.0,58.0,58.0,58.0,58.0,58.0,58.0,58.0,58.0,58.0,58.0,58.0,58.0,58.0,58.0,58.0,58.0,58.0,58.0,58.0,58.0,58.0,58.0,58.0,58.0,58.0
Torrens Island B,TORRB1,SA,0.0,0.0,0.0,0.0,0.0,0.0,0.0,0.0,0.0,0.0,0.0,0.0,0.0,0.0,0.0,0.0,0.0,0.0,0.0,0.0,0.0,0.0,0.0,0.0,0.0,0.0,0.0,0.0,0.0,0.0
Torrens Island B,TORRB2,SA,195.0,195.0,195.0,0.0,0.0,0.0,0.0,0.0,0.0,0.0,200.0,200.0,200.0,0.0,0.0,0.0,0.0,0.0,0.0,0.0,200.0,200.0,200.0,0.0,0.0,0.0,0.0,0.0,0.0,0.0
Torrens Island B,TORRB3,SA,195.0,195.0,195.0,0.0,0.0,0.0,0.0,0.0,0.0,0.0,200.0,200.0,200.0,0.0,0.0,0.0,0.0,0.0,0.0,0.0,200.0,200.0,200.0,0.0,0.0,0.0,0.0,0.0,0.0,0.0
Torrens Island B,TORRB4,SA,195.0,195.0,195.0,0.0,0.0,0.0,0.0,0.0,0.0,0.0,200.0,200.0,200.0,0.0,0.0,0.0,0.0,0.0,0.0,0.0,200.0,200.0,200.0,0.0,0.0,0.0,0.0,0.0,0.0,0.0
Townsville Power Station.,YABULU,QLD,150.0,150.0,150.0,150.0,150.0,150.0,150.0,150.0,150.0,150.0,155.0,155.0,155.0,155.0,155.0,155.0,155.0,155.0,155.0,155.0,165.0,165.0,165.0,165.0,165.0,165.0,165.0,165.0,165.0,165.0
Townsville Power Station.,YABULU2,QLD,78.0,78.0,77.0,77.0,77.0,77.0,77.0,77.0,77.0,77.0,78.0,78.0,77.0,77.0,77.0,77.0,77.0,77.0,77.0,77.0,82.0,82.0,81.0,81.0,81.0,81.0,81.0,81.0,81.0,81.0
Uranquinty,URANQ11,NSW,160.0,160.0,160.0,160.0,160.0,160.0,160.0,160.0,160.0,160.0,164.0,164.0,164.0,164.0,164.0,164.0,164.0,164.0,164.0,164.0,173.0,173.0,173.0,173.0,173.0,173.0,173.0,173.0,173.0,173.0
Uranquinty,URANQ12,NSW,160.0,160.0,160.0,160.0,160.0,160.0,160.0,160.0,160.0,160.0,164.0,164.0,164.0,164.0,164.0,164.0,164.0,164.0,164.0,164.0,173.0,173.0,173.0,173.0,173.0,173.0,173.0,173.0,173.0,173.0
Uranquinty,URANQ13,NSW,160.0,160.0,160.0,160.0,160.0,160.0,160.0,160.0,160.0,160.0,164.0,164.0,164.0,164.0,164.0,164.0,164.0,164.0,164.0,164.0,173.0,173.0,173.0,173.0,173.0,173.0,173.0,173.0,173.0,173.0
Uranquinty,URANQ14,NSW,160.0,160.0,160.0,160.0,160.0,160.0,160.0,160.0,160.0,160.0,164.0,164.0,164.0,164.0,164.0,164.0,164.0,164.0,164.0,164.0,173.0,173.0,173.0,173.0,173.0,173.0,173.0,173.0,173.0,173.0
Valley Power,VPGS1,VIC,47.5,47.5,47.5,47.5,47.5,47.5,47.5,47.5,47.5,47.5,50.0,50.0,50.0,50.0,50.0,50.0,50.0,50.0,50.0,50.0,56.0,56.0,56.0,56.0,56.0,56.0,56.0,56.0,56.0,56.0
Valley Power,VPGS2,VIC,47.5,47.5,47.5,47.5,47.5,47.5,47.5,47.5,47.5,47.5,50.0,50.0,50.0,50.0,50.0,50.0,50.0,50.0,50.0,50.0,56.0,56.0,56.0,56.0,56.0,56.0,56.0,56.0,56.0,56.0
Valley Power,VPGS3,VIC,47.5,47.5,47.5,47.5,47.5,47.5,47.5,47.5,47.5,47.5,50.0,50.0,50.0,50.0,50.0,50.0,50.0,50.0,50.0,50.0,56.0,56.0,56.0,56.0,56.0,56.0,56.0,56.0,56.0,56.0
Valley Power,VPGS4,VIC,47.5,47.5,47.5,47.5,47.5,47.5,47.5,47.5,47.5,47.5,50.0,50.0,50.0,50.0,50.0,50.0,50.0,50.0,50.0,50.0,56.0,56.0,56.0,56.0,56.0,56.0,56.0,56.0,56.0,56.0
Valley Power,VPGS5,VIC,47.5,47.5,47.5,47.5,47.5,47.5,47.5,47.5,47.5,47.5,50.0,50.0,50.0,50.0,50.0,50.0,50.0,50.0,50.0,50.0,56.0,56.0,56.0,56.0,56.0,56.0,56.0,56.0,56.0,56.0
Valley Power,VPGS6,VIC,47.5,47.5,47.5,47.5,47.5,47.5,47.5,47.5,47.5,47.5,50.0,50.0,50.0,50.0,50.0,50.0,50.0,50.0,50.0,50.0,56.0,56.0,56.0,56.0,56.0,56.0,56.0,56.0,56.0,56.0
Yarwun Cogen,YARWUN_1,QLD,180.0,180.0,180.0,180.0,180.0,180.0,180.0,180.0,180.0,180.0,180.0,180.0,180.0,180.0,180.0,180.0,180.0,180.0,180.0,180.0,180.0,180.0,180.0,180.0,180.0,180.0,180.0,180.0,180.0,180.0
Barron Gorge,BARRON-1,QLD,33.0,33.0,33.0,33.0,33.0,33.0,33.0,33.0,33.0,33.0,33.0,33.0,33.0,33.0,33.0,33.0,33.0,33.0,33.0,33.0,33.0,33.0,33.0,33.0,33.0,33.0,33.0,33.0,33.0,33.0
Barron Gorge,BARRON-2,QLD,33.0,33.0,33.0,33.0,33.0,33.0,33.0,33.0,33.0,33.0,33.0,33.0,33.0,33.0,33.0,33.0,33.0,33.0,33.0,33.0,33.0,33.0,33.0,33.0,33.0,33.0,33.0,33.0,33.0,33.0
Bastyan,BASTYAN,TAS,81.0,81.0,81.0,81.0,0.0,84.0,84.0,84.0,84.0,84.0,81.0,81.0,81.0,81.0,0.0,84.0,84.0,84.0,84.0,84.0,81.0,81.0,81.0,81.0,81.0,0.0,84.0,84.0,84.0,84.0
Blowering,BLOWERNG,NSW,70.0,70.0,70.0,70.0,70.0,70.0,70.0,70.0,70.0,70.0,70.0,70.0,70.0,70.0,70.0,70.0,70.0,70.0,70.0,70.0,70.0,70.0,70.0,70.0,70.0,70.0,70.0,70.0,70.0,70.0
Bogong / Mackay,BOGONG1,VIC,70.0,70.0,70.0,70.0,70.0,70.0,70.0,70.0,70.0,70.0,70.0,70.0,70.0,70.0,70.0,70.0,70.0,70.0,70.0,70.0,70.0,70.0,70.0,70.0,70.0,70.0,70.0,70.0,70.0,70.0
Bogong / Mackay,BOGONG2,VIC,70.0,70.0,70.0,70.0,70.0,70.0,70.0,70.0,70.0,70.0,70.0,70.0,70.0,70.0,70.0,70.0,70.0,70.0,70.0,70.0,70.0,70.0,70.0,70.0,70.0,70.0,70.0,70.0,70.0,70.0
Bogong / Mackay,MCKAY11,VIC,26.67,26.67,26.67,26.67,26.67,26.67,26.67,26.67,26.67,26.67,26.67,26.67,26.67,26.67,26.67,26.67,26.67,26.67,26.67,26.67,26.67,26.67,26.67,26.67,26.67,26.67,26.67,26.67,26.67,26.67
Bogong / Mackay,MCKAY12,VIC,26.67,26.67,26.67,26.67,26.67,26.67,26.67,26.67,26.67,26.67,26.67,26.67,26.67,26.67,26.67,26.67,26.67,26.67,26.67,26.67,26.67,26.67,26.67,26.67,26.67,26.67,26.67,26.67,26.67,26.67
Bogong / Mackay,MCKAY13,VIC,26.67,26.67,26.67,26.67,26.67,26.67,26.67,26.67,26.67,26.67,26.67,26.67,26.67,26.67,26.67,26.67,26.67,26.67,26.67,26.67,26.67,26.67,26.67,26.67,26.67,26.67,26.67,26.67,26.67,26.67
Bogong / Mackay,MCKAY14,VIC,26.67,26.67,26.67,26.67,26.67,26.67,26.67,26.67,26.67,26.67,26.67,26.67,26.67,26.67,26.67,26.67,26.67,26.67,26.67,26.67,26.67,26.67,26.67,26.67,26.67,26.67,26.67,26.67,26.67,26.67
Bogong / Mackay,MCKAY15,VIC,26.67,26.67,26.67,26.67,26.67,26.67,26.67,26.67,26.67,26.67,26.67,26.67,26.67,26.67,26.67,26.67,26.67,26.67,26.67,26.67,26.67,26.67,26.67,26.67,26.67,26.67,26.67,26.67,26.67,26.67
Bogong / Mackay,MCKAY16,VIC,26.67,26.67,26.67,26.67,26.67,26.67,26.67,26.67,26.67,26.67,26.67,26.67,26.67,26.67,26.67,26.67,26.67,26.67,26.67,26.67,26.67,26.67,26.67,26.67,26.67,26.67,26.67,26.67,26.67,26.67
Catagunya / Liapootah / Wayatinah,CA111-1,TAS,24.0,24.0,24.0,24.0,24.0,24.0,24.0,24.0,24.0,24.0,24.0,24.0,24.0,24.0,24.0,24.0,24.0,24.0,24.0,24.0,24.0,24.0,24.0,24.0,24.0,24.0,24.0,24.0,24.0,24.0
Catagunya / Liapootah / Wayatinah,CA112-2,TAS,24.0,24.0,24.0,24.0,24.0,24.0,24.0,24.0,24.0,24.0,24.0,24.0,24.0,24.0,24.0,24.0,24.0,24.0,24.0,24.0,24.0,24.0,24.0,24.0,24.0,24.0,24.0,0.0,24.0,24.0
Catagunya / Liapootah / Wayatinah,LI111-1,TAS,29.0,29.0,29.0,29.0,29.0,29.0,29.0,29.0,29.0,29.0,29.0,29.0,29.0,29.0,29.0,29.0,29.0,29.0,29.0,29.0,29.0,29.0,29.0,29.0,29.0,29.0,29.0,29.0,29.0,29.0
Catagunya / Liapootah / Wayatinah,LI112-2,TAS,29.0,29.0,29.0,29.0,29.0,29.0,29.0,29.0,29.0,29.0,29.0,29.0,29.0,29.0,29.0,29.0,29.0,29.0,29.0,29.0,29.0,29.0,29.0,29.0,29.0,29.0,29.0,29.0,29.0,29.0
Catagunya / Liapootah / Wayatinah,LI113-3,TAS,29.0,29.0,29.0,29.0,29.0,29.0,29.0,29.0,29.0,29.0,29.0,29.0,29.0,29.0,29.0,29.0,29.0,29.0,29.0,29.0,29.0,29.0,29.0,29.0,29.0,29.0,29.0,29.0,29.0,29.0
Catagunya / Liapootah / Wayatinah,WY111-1,TAS,13.0,13.0,13.0,13.0,13.0,13.0,13.0,13.0,13.0,13.0,13.0,13.0,13.0,13.0,13.0,13.0,13.0,13.0,13.0,13.0,13.0,13.0,13.0,13.0,13.0,13.0,13.0,13.0,13.0,13.0
Catagunya / Liapootah / Wayatinah,WY111-2,TAS,13.0,13.0,0.0,13.0,13.0,13.0,13.0,13.0,13.0,13.0,13.0,13.0,0.0,13.0,13.0,13.0,13.0,13.0,13.0,13.0,13.0,13.0,13.0,13.0,13.0,13.0,13.0,13.0,13.0,13.0
Catagunya / Liapootah / Wayatinah,WY111-3,TAS,13.0,13.0,13.0,13.0,13.0,13.0,13.0,13.0,13.0,13.0,13.0,13.0,13.0,13.0,13.0,13.0,13.0,13.0,13.0,13.0,13.0,13.0,13.0,13.0,13.0,13.0,13.0,13.0,13.0,13.0
Cethana,CETHANA,TAS,95.0,0.0,95.0,95.0,95.0,95.0,95.0,95.0,95.0,95.0,95.0,0.0,95.0,95.0,95.0,95.0,95.0,95.0,95.0,95.0,95.0,95.0,95.0,95.0,95.0,95.0,95.0,95.0,95.0,95.0
Dartmouth,DARTM1,VIC,170.0,170.0,170.0,170.0,170.0,170.0,170.0,170.0,170.0,170.0,170.0,170.0,170.0,170.0,170.0,170.0,170.0,170.0,170.0,170.0,170.0,170.0,170.0,170.0,170.0,170.0,170.0,170.0,170.0,170.0
Devils Gate,DEVILS_G,TAS,63.0,63.0,63.0,63.0,63.0,63.0,63.0,63.0,63.0,63.0,63.0,63.0,63.0,63.0,63.0,63.0,63.0,63.0,63.0,63.0,63.0,63.0,63.0,63.0,63.0,63.0,63.0,63.0,63.0,63.0
Eildon,EILDON1,VIC,60.0,60.0,60.0,60.0,60.0,60.0,60.0,60.0,60.0,60.0,60.0,60.0,60.0,60.0,60.0,60.0,60.0,60.0,60.0,60.0,60.0,60.0,60.0,60.0,60.0,60.0,60.0,60.0,60.0,60.0
Eildon,EILDON2,VIC,60.0,60.0,60.0,60.0,60.0,60.0,60.0,60.0,60.0,60.0,60.0,60.0,60.0,60.0,60.0,60.0,60.0,60.0,60.0,60.0,60.0,60.0,60.0,60.0,60.0,60.0,60.0,60.0,60.0,60.0
Fisher,FISHER,TAS,46.0,0.0,46.0,46.0,0.0,46.0,46.0,46.0,46.0,46.0,46.0,0.0,46.0,46.0,0.0,46.0,46.0,46.0,46.0,46.0,46.0,46.0,46.0,46.0,46.0,0.0,46.0,46.0,46.0,46.0
Gordon,GO181-1,TAS,126.0,126.0,0.0,126.0,126.0,126.0,126.0,126.0,126.0,126.0,126.0,126.0,0.0,126.0,126.0,126.0,126.0,126.0,126.0,126.0,126.0,126.0,0.0,126.0,126.0,126.0,126.0,126.0,126.0,126.0
Gordon,GO182-2,TAS,0.0,126.0,126.0,126.0,126.0,126.0,126.0,126.0,126.0,126.0,0.0,126.0,126.0,126.0,126.0,126.0,126.0,126.0,126.0,126.0,126.0,0.0,126.0,126.0,126.0,126.0,126.0,126.0,126.0,126.0
Gordon,GO183-3,TAS,126.0,126.0,126.0,126.0,126.0,0.0,126.0,126.0,126.0,126.0,126.0,126.0,126.0,126.0,126.0,0.0,126.0,126.0,126.0,126.0,126.0,126.0,126.0,126.0,126.0,126.0,0.0,126.0,126.0,126.0
Guthega,GUTHEGA1,NSW,34.0,34.0,34.0,34.0,34.0,34.0,34.0,34.0,34.0,34.0,34.0,34.0,34.0,34.0,34.0,34.0,34.0,34.0,34.0,34.0,34.0,34.0,34.0,34.0,34.0,34.0,34.0,34.0,34.0,34.0
Guthega,GUTHEGA2,NSW,34.0,34.0,34.0,34.0,34.0,34.0,34.0,34.0,34.0,34.0,34.0,34.0,34.0,34.0,34.0,34.0,34.0,34.0,34.0,34.0,34.0,34.0,34.0,34.0,34.0,34.0,34.0,34.0,34.0,34.0
Hume Dam NSW,HUMENSW,NSW,29.0,29.0,29.0,29.0,29.0,29.0,29.0,29.0,29.0,29.0,29.0,29.0,29.0,29.0,29.0,29.0,29.0,29.0,29.0,29.0,0.0,0.0,0.0,0.0,0.0,0.0,0.0,0.0,0.0,0.0
Hume Dam VIC,HUMEV,VIC,29.0,29.0,29.0,29.0,29.0,29.0,29.0,29.0,29.0,29.0,29.0,29.0,29.0,29.0,29.0,29.0,29.0,29.0,29.0,29.0,0.0,0.0,0.0,0.0,0.0,0.0,0.0,0.0,0.0,0.0
John Butters,JBUTTERS,TAS,140.0,140.0,140.0,140.0,0.0,144.0,144.0,144.0,144.0,144.0,140.0,140.0,140.0,140.0,0.0,144.0,144.0,144.0,144.0,144.0,140.0,140.0,140.0,140.0,140.0,144.0,144.0,144.0,144.0,144.0
Kareeya,KAREEYA1,QLD,21.6,21.6,21.6,21.6,21.6,21.6,21.6,21.6,21.6,21.6,21.6,21.6,21.6,21.6,21.6,21.6,21.6,21.6,21.6,21.6,21.6,21.6,21.6,21.6,21.6,21.6,21.6,21.6,21.6,21.6
Kareeya,KAREEYA2,QLD,21.6,21.6,21.6,21.6,21.6,21.6,21.6,21.6,21.6,21.6,21.6,21.6,21.6,21.6,21.6,21.6,21.6,21.6,21.6,21.6,21.6,21.6,21.6,21.6,21.6,21.6,21.6,21.6,21.6,21.6
Kareeya,KAREEYA3,QLD,21.6,21.6,21.6,21.6,21.6,21.6,21.6,21.6,21.6,21.6,21.6,21.6,21.6,21.6,21.6,21.6,21.6,21.6,21.6,21.6,21.6,21.6,21.6,21.6,21.6,21.6,21.6,21.6,21.6,21.6
Kareeya,KAREEYA4,QLD,21.6,21.6,21.6,21.6,21.6,21.6,21.6,21.6,21.6,21.6,21.6,21.6,21.6,21.6,21.6,21.6,21.6,21.6,21.6,21.6,21.6,21.6,21.6,21.6,21.6,21.6,21.6,21.6,21.6,21.6
Lake Echo,LK_ECHO,TAS,30.0,30.0,30.0,30.0,30.0,30.0,30.0,30.0,30.0,30.0,30.0,30.0,30.0,30.0,30.0,30.0,30.0,30.0,30.0,30.0,30.0,30.0,30.0,30.0,30.0,30.0,30.0,30.0,30.0,30.0
Lemonthyme / Wilmot,LM111-1,TAS,0.0,0.0,55.0,55.0,55.0,0.0,55.0,55.0,55.0,55.0,0.0,0.0,55.0,55.0,55.0,0.0,55.0,55.0,55.0,55.0,54.0,55.0,0.0,55.0,55.0,55.0,55.0,55.0,55.0,55.0
Lemonthyme / Wilmot,WI111-1,TAS,33.0,33.0,33.0,33.0,0.0,33.0,33.0,33.0,33.0,33.0,33.0,33.0,33.0,33.0,0.0,33.0,33.0,33.0,33.0,33.0,33.0,33.0,33.0,33.0,33.0,33.0,33.0,33.0,33.0,33.0
Mackintosh,MACKNTSH,TAS,81.0,81.0,81.0,0.0,84.0,84.0,84.0,84.0,84.0,84.0,81.0,81.0,81.0,0.0,84.0,84.0,84.0,84.0,84.0,84.0,81.0,81.0,81.0,81.0,0.0,84.0,84.0,84.0,84.0,84.0
Meadowbank,MEADOWBK,TAS,44.0,44.0,44.0,0.0,44.0,44.0,44.0,44.0,44.0,44.0,44.0,44.0,44.0,0.0,44.0,44.0,44.0,44.0,44.0,44.0,44.0,44.0,44.0,44.0,44.0,44.0,44.0,44.0,44.0,44.0
Murray 1,MURRAY01,VIC,95.0,95.0,95.0,95.0,95.0,95.0,95.0,95.0,95.0,95.0,95.0,95.0,95.0,95.0,95.0,95.0,95.0,95.0,95.0,95.0,95.0,95.0,0.0,95.0,95.0,95.0,95.0,95.0,95.0,95.0
Murray 1,MURRAY02,VIC,95.0,95.0,95.0,95.0,95.0,95.0,95.0,95.0,95.0,95.0,95.0,95.0,95.0,95.0,95.0,95.0,95.0,95.0,95.0,95.0,95.0,95.0,95.0,95.0,95.0,95.0,95.0,95.0,95.0,95.0
Murray 1,MURRAY03,VIC,95.0,95.0,95.0,95.0,95.0,95.0,95.0,95.0,95.0,95.0,95.0,95.0,95.0,95.0,95.0,95.0,95.0,95.0,95.0,95.0,95.0,0.0,95.0,95.0,95.0,95.0,95.0,95.0,95.0,95.0
Murray 1,MURRAY04,VIC,95.0,95.0,95.0,95.0,95.0,95.0,95.0,95.0,95.0,95.0,95.0,95.0,95.0,95.0,95.0,95.0,95.0,95.0,95.0,95.0,95.0,95.0,95.0,0.0,95.0,95.0,95.0,95.0,95.0,95.0
Murray 1,MURRAY05,VIC,95.0,95.0,95.0,95.0,95.0,95.0,95.0,95.0,95.0,95.0,95.0,95.0,95.0,95.0,95.0,95.0,95.0,95.0,95.0,95.0,0.0,95.0,95.0,95.0,95.0,95.0,95.0,95.0,95.0,95.0
Murray 1,MURRAY06,VIC,95.0,95.0,95.0,95.0,95.0,95.0,95.0,95.0,95.0,95.0,95.0,95.0,95.0,95.0,95.0,95.0,95.0,95.0,95.0,95.0,95.0,95.0,95.0,95.0,0.0,95.0,95.0,95.0,95.0,95.0
Murray 1,MURRAY07,VIC,0.0,95.0,95.0,95.0,95.0,95.0,95.0,95.0,95.0,95.0,0.0,95.0,95.0,95.0,95.0,95.0,95.0,95.0,95.0,95.0,95.0,95.0,95.0,95.0,95.0,95.0,95.0,95.0,95.0,95.0
Murray 1,MURRAY08,VIC,0.0,95.0,95.0,95.0,95.0,95.0,95.0,95.0,95.0,95.0,0.0,95.0,95.0,95.0,95.0,95.0,95.0,95.0,95.0,95.0,0.0,95.0,95.0,95.0,95.0,95.0,95.0,95.0,95.0,95.0
Murray 1,MURRAY09,VIC,95.0,95.0,95.0,95.0,95.0,95.0,95.0,95.0,95.0,95.0,95.0,95.0,95.0,95.0,95.0,95.0,95.0,95.0,95.0,95.0,95.0,95.0,0.0,95.0,95.0,0.0,95.0,95.0,95.0,95.0
Murray 1,MURRAY10,VIC,95.0,95.0,95.0,95.0,95.0,95.0,95.0,95.0,95.0,95.0,95.0,95.0,95.0,95.0,95.0,95.0,95.0,95.0,95.0,95.0,95.0,0.0,95.0,95.0,95.0,95.0,95.0,95.0,95.0,95.0
Murray 2,MURRAY11,VIC,137.5,150.0,150.0,150.0,150.0,150.0,150.0,150.0,150.0,150.0,137.5,150.0,150.0,150.0,150.0,150.0,150.0,150.0,150.0,150.0,137.5,0.0,150.0,150.0,150.0,150.0,150.0,150.0,150.0,150.0
Murray 2,MURRAY12,VIC,0.0,150.0,150.0,150.0,150.0,150.0,150.0,150.0,150.0,150.0,0.0,150.0,150.0,150.0,150.0,150.0,150.0,150.0,150.0,150.0,0.0,150.0,150.0,150.0,150.0,150.0,150.0,150.0,150.0,150.0
Murray 2,MURRAY13,VIC,150.0,150.0,150.0,150.0,150.0,150.0,150.0,150.0,150.0,150.0,150.0,150.0,150.0,150.0,150.0,150.0,150.0,150.0,150.0,150.0,150.0,150.0,150.0,0.0,150.0,150.0,150.0,150.0,150.0,150.0
Murray 2,MURRAY14,VIC,150.0,150.0,150.0,150.0,150.0,150.0,150.0,150.0,150.0,150.0,150.0,150.0,150.0,150.0,150.0,150.0,150.0,150.0,150.0,150.0,150.0,150.0,0.0,150.0,150.0,150.0,150.0,150.0,150.0,150.0
Poatina,PO161-1,TAS,57.0,57.0,0.0,57.0,57.0,57.0,0.0,57.0,57.0,57.0,57.0,57.0,0.0,57.0,57.0,57.0,0.0,57.0,57.0,57.0,57.0,57.0,57.0,0.0,57.0,57.0,57.0,57.0,57.0,57.0
Poatina,PO162-2,TAS,57.0,57.0,57.0,57.0,57.0,0.0,57.0,0.0,57.0,57.0,57.0,57.0,57.0,57.0,57.0,0.0,57.0,0.0,57.0,57.0,57.0,57.0,57.0,0.0,57.0,0.0,57.0,57.0,57.0,57.0
Poatina,PO163-3,TAS,57.0,57.0,57.0,57.0,57.0,57.0,57.0,57.0,57.0,57.0,57.0,57.0,57.0,57.0,57.0,57.0,57.0,57.0,57.0,57.0,57.0,57.0,0.0,0.0,57.0,57.0,57.0,0.0,57.0,57.0
Poatina,PO164-4,TAS,57.0,57.0,57.0,57.0,0.0,57.0,57.0,57.0,57.0,0.0,57.0,57.0,57.0,57.0,0.0,57.0,57.0,57.0,57.0,0.0,57.0,57.0,57.0,0.0,57.0,57.0,57.0,57.0,57.0,57.0
Poatina,PO165-5,TAS,57.0,0.0,57.0,57.0,57.0,57.0,57.0,57.0,57.0,57.0,57.0,0.0,57.0,57.0,57.0,57.0,57.0,57.0,57.0,57.0,57.0,0.0,57.0,0.0,57.0,57.0,57.0,57.0,57.0,57.0
Poatina,PO166-6,TAS,57.0,57.0,57.0,0.0,57.0,57.0,57.0,57.0,0.0,57.0,57.0,57.0,57.0,0.0,57.0,57.0,57.0,57.0,0.0,57.0,57.0,57.0,57.0,0.0,0.0,57.0,57.0,0.0,57.0,57.0
Reece,REECE1,TAS,116.0,116.0,116.0,116.0,116.0,0.0,120.0,120.0,120.0,120.0,116.0,116.0,116.0,116.0,116.0,0.0,120.0,120.0,120.0,120.0,116.0,116.0,116.0,116.0,116.0,116.0,0.0,120.0,120.0,120.0
Reece,REECE2,TAS,116.0,116.0,116.0,116.0,116.0,116.0,0.0,120.0,120.0,120.0,116.0,116.0,116.0,116.0,116.0,116.0,0.0,120.0,120.0,120.0,116.0,116.0,116.0,116.0,116.0,116.0,116.0,0.0,120.0,120.0
Shoalhaven,SHGEN01,NSW,40.0,41.0,41.0,41.0,41.0,41.0,41.0,41.0,41.0,41.0,40.0,41.0,41.0,41.0,41.0,41.0,41.0,41.0,41.0,41.0,40.0,41.0,41.0,41.0,41.0,41.0,41.0,41.0,41.0,41.0
Shoalhaven,SHGEN02,NSW,41.0,41.0,41.0,41.0,41.0,41.0,41.0,41.0,41.0,41.0,41.0,41.0,41.0,41.0,41.0,41.0,41.0,41.0,41.0,41.0,41.0,41.0,41.0,41.0,41.0,41.0,41.0,41.0,41.0,41.0
Shoalhaven,SHGEN03,NSW,80.0,80.0,82.5,82.5,82.5,82.5,82.5,82.5,82.5,82.5,80.0,80.0,82.5,82.5,82.5,82.5,82.5,82.5,82.5,82.5,80.0,80.0,82.5,82.5,82.5,82.5,82.5,82.5,82.5,82.5
Shoalhaven,SHGEN04,NSW,82.5,82.5,82.5,82.5,82.5,82.5,82.5,82.5,82.5,82.5,82.5,82.5,82.5,82.5,82.5,82.5,82.5,82.5,82.5,82.5,82.5,82.5,82.5,82.5,82.5,82.5,82.5,82.5,82.5,82.5
Tarraleah,TA111-1,TAS,12.0,12.0,14.0,14.0,12.0,12.0,12.0,12.0,12.0,12.0,12.0,12.0,14.0,14.0,12.0,12.0,12.0,12.0,12.0,12.0,14.0,0.0,12.0,14.0,14.0,12.0,12.0,12.0,12.0,12.0
Tarraleah,TA111-2,TAS,12.0,12.0,14.0,0.0,12.0,12.0,12.0,12.0,12.0,12.0,12.0,12.0,14.0,0.0,12.0,12.0,12.0,12.0,12.0,12.0,14.0,12.0,12.0,14.0,14.0,12.0,12.0,12.0,12.0,12.0
Tarraleah,TA111-3,TAS,0.0,12.0,0.0,14.0,12.0,12.0,12.0,12.0,12.0,12.0,0.0,12.0,0.0,14.0,12.0,12.0,12.0,12.0,12.0,12.0,12.0,12.0,12.0,0.0,14.0,12.0,12.0,12.0,12.0,12.0
Tarraleah,TA112-4,TAS,12.0,12.0,14.0,14.0,12.0,12.0,12.0,12.0,12.0,12.0,12.0,12.0,14.0,14.0,12.0,12.0,12.0,12.0,12.0,12.0,14.0,12.0,12.0,14.0,14.0,12.0,12.0,12.0,12.0,12.0
Tarraleah,TA112-5,TAS,12.0,12.0,14.0,14.0,12.0,12.0,12.0,12.0,12.0,12.0,12.0,12.0,14.0,14.0,12.0,12.0,12.0,12.0,12.0,12.0,14.0,12.0,12.0,14.0,14.0,12.0,12.0,12.0,12.0,12.0
Tarraleah,TA112-6,TAS,12.0,12.0,14.0,14.0,12.0,12.0,12.0,12.0,12.0,12.0,12.0,12.0,14.0,14.0,12.0,12.0,12.0,12.0,12.0,12.0,0.0,12.0,12.0,14.0,14.0,12.0,12.0,12.0,12.0,12.0
Trevallyn,TR111-1,TAS,20.0,20.0,20.0,20.0,20.0,20.0,20.0,20.0,20.0,20.0,20.0,20.0,20.0,20.0,20.0,20.0,20.0,20.0,20.0,20.0,20.0,20.0,20.0,20.0,20.0,20.0,20.0,20.0,20.0,20.0
Trevallyn,TR111-2,TAS,20.0,20.0,20.0,20.0,20.0,20.0,20.0,20.0,20.0,20.0,20.0,20.0,20.0,20.0,20.0,20.0,20.0,20.0,20.0,20.0,20.0,20.0,20.0,20.0,20.0,20.0,20.0,20.0,20.0,20.0
Trevallyn,TR112-3,TAS,30.0,30.0,30.0,0.0,30.0,30.0,30.0,30.0,30.0,30.0,30.0,30.0,30.0,0.0,30.0,30.0,30.0,30.0,30.0,30.0,30.0,30.0,30.0,30.0,30.0,30.0,30.0,30.0,30.0,30.0
Trevallyn,TR112-4,TAS,30.0,30.0,30.0,30.0,0.0,30.0,30.0,30.0,30.0,30.0,30.0,30.0,30.0,30.0,0.0,30.0,30.0,30.0,30.0,30.0,30.0,30.0,30.0,30.0,30.0,0.0,30.0,30.0,30.0,30.0
Tribute,TRIBUTE,TAS,88.0,88.0,88.0,88.0,88.0,88.0,88.0,0.0,88.0,88.0,88.0,88.0,88.0,88.0,88.0,88.0,88.0,0.0,88.0,88.0,88.0,88.0,88.0,88.0,88.0,88.0,88.0,88.0,0.0,88.0
Tumut 3,TUMUT3_01,NSW,300.0,300.0,300.0,300.0,300.0,300.0,300.0,300.0,300.0,300.0,300.0,300.0,300.0,300.0,300.0,300.0,300.0,300.0,300.0,300.0,300.0,300.0,300.0,300.0,300.0,300.0,300.0,300.0,300.0,300.0
Tumut 3,TUMUT3_02,NSW,300.0,300.0,300.0,300.0,300.0,300.0,300.0,300.0,300.0,300.0,300.0,300.0,300.0,300.0,300.0,300.0,300.0,300.0,300.0,300.0,300.0,300.0,300.0,300.0,300.0,300.0,300.0,300.0,300.0,300.0
Tumut 3,TUMUT3_03,NSW,300.0,300.0,300.0,300.0,300.0,300.0,300.0,300.0,300.0,300.0,300.0,300.0,300.0,300.0,300.0,300.0,300.0,300.0,300.0,300.0,300.0,300.0,300.0,300.0,300.0,300.0,300.0,300.0,300.0,300.0
Tumut 3,TUMUT3_04,NSW,300.0,300.0,300.0,300.0,300.0,300.0,300.0,300.0,300.0,300.0,300.0,300.0,300.0,300.0,300.0,300.0,300.0,300.0,300.0,300.0,300.0,300.0,300.0,300.0,300.0,300.0,300.0,300.0,300.0,300.0
Tumut 3,TUMUT3_05,NSW,300.0,300.0,300.0,300.0,300.0,300.0,300.0,300.0,300.0,300.0,300.0,300.0,300.0,300.0,300.0,300.0,300.0,300.0,300.0,300.0,300.0,300.0,300.0,300.0,300.0,300.0,300.0,300.0,300.0,300.0
Tumut 3,TUMUT3_06,NSW,300.0,300.0,300.0,300.0,300.0,300.0,300.0,300.0,300.0,300.0,300.0,300.0,300.0,300.0,300.0,300.0,300.0,300.0,300.0,300.0,300.0,300.0,300.0,300.0,300.0,300.0,300.0,300.0,300.0,300.0
Tungatinah,TU111-1,TAS,26.0,26.0,26.0,26.0,26.0,26.0,26.0,26.0,26.0,26.0,26.0,26.0,26.0,26.0,26.0,26.0,26.0,26.0,26.0,26.0,26.0,26.0,26.0,26.0,26.0,26.0,26.0,26.0,26.0,26.0
Tungatinah,TU112-2,TAS,26.0,26.0,26.0,26.0,26.0,26.0,0.0,26.0,26.0,26.0,26.0,26.0,26.0,26.0,26.0,26.0,0.0,26.0,26.0,26.0,26.0,26.0,26.0,26.0,26.0,26.0,26.0,26.0,26.0,26.0
Tungatinah,TU113-3,TAS,26.0,26.0,26.0,26.0,26.0,26.0,0.0,26.0,26.0,26.0,26.0,26.0,26.0,26.0,26.0,26.0,0.0,26.0,26.0,26.0,26.0,26.0,26.0,26.0,26.0,26.0,26.0,26.0,26.0,26.0
Tungatinah,TU114-4,TAS,26.0,26.0,0.0,26.0,26.0,26.0,26.0,26.0,26.0,26.0,26.0,26.0,0.0,26.0,26.0,26.0,26.0,26.0,26.0,26.0,26.0,26.0,26.0,26.0,26.0,26.0,26.0,26.0,26.0,26.0
Tungatinah,TU115-5,TAS,26.0,26.0,26.0,26.0,26.0,26.0,26.0,26.0,26.0,26.0,26.0,26.0,26.0,26.0,26.0,26.0,26.0,26.0,26.0,26.0,26.0,26.0,26.0,26.0,26.0,26.0,26.0,26.0,26.0,26.0
Upper Tumut,TUMUT1_01,NSW,93.0,93.0,93.0,103.0,103.0,103.0,103.0,103.0,103.0,103.0,93.0,93.0,93.0,103.0,103.0,103.0,103.0,103.0,103.0,103.0,93.0,93.0,93.0,0.0,103.0,103.0,103.0,103.0,103.0,103.0
Upper Tumut,TUMUT1_02,NSW,93.0,93.0,93.0,93.0,103.0,103.0,103.0,103.0,103.0,103.0,93.0,93.0,93.0,93.0,103.0,103.0,103.0,103.0,103.0,103.0,93.0,93.0,93.0,93.0,0.0,103.0,103.0,103.0,103.0,103.0
Upper Tumut,TUMUT1_03,NSW,93.0,93.0,93.0,93.0,93.0,103.0,103.0,103.0,103.0,103.0,93.0,93.0,93.0,93.0,93.0,103.0,103.0,103.0,103.0,103.0,93.0,93.0,93.0,93.0,93.0,0.0,103.0,103.0,103.0,103.0
Upper Tumut,TUMUT1_04,NSW,103.0,103.0,103.0,103.0,103.0,103.0,103.0,103.0,103.0,103.0,103.0,103.0,103.0,103.0,103.0,103.0,103.0,103.0,103.0,103.0,103.0,103.0,103.0,103.0,103.0,103.0,0.0,103.0,103.0,103.0
Upper Tumut,TUMUT2_01,NSW,73.0,73.0,73.0,78.0,78.0,78.0,78.0,78.0,78.0,78.0,73.0,73.0,73.0,78.0,78.0,78.0,78.0,78.0,78.0,78.0,73.0,73.0,73.0,0.0,78.0,78.0,78.0,78.0,78.0,78.0
Upper Tumut,TUMUT2_02,NSW,73.0,73.0,73.0,73.0,78.0,78.0,78.0,78.0,78.0,78.0,73.0,73.0,73.0,73.0,78.0,78.0,78.0,78.0,78.0,78.0,73.0,73.0,73.0,73.0,0.0,78.0,78.0,78.0,78.0,78.0
Upper Tumut,TUMUT2_03,NSW,73.0,73.0,73.0,73.0,73.0,78.0,78.0,78.0,78.0,78.0,73.0,73.0,73.0,73.0,73.0,78.0,78.0,78.0,78.0,78.0,73.0,73.0,73.0,73.0,73.0,0.0,78.0,78.0,78.0,78.0
Upper Tumut,TUMUT2_04,NSW,73.0,73.0,73.0,73.0,73.0,73.0,78.0,78.0,78.0,78.0,73.0,73.0,73.0,73.0,73.0,73.0,78.0,78.0,78.0,78.0,73.0,73.0,73.0,73.0,73.0,73.0,0.0,78.0,78.0,78.0
West Kiewa,WKIEWA1_1,VIC,17.0,17.0,17.0,17.0,17.0,17.0,17.0,17.0,17.0,17.0,17.0,17.0,17.0,17.0,17.0,17.0,17.0,17.0,17.0,17.0,17.0,17.0,17.0,17.0,17.0,17.0,17.0,17.0,17.0,17.0
West Kiewa,WKIEWA1_2,VIC,17.0,17.0,17.0,17.0,17.0,17.0,17.0,17.0,17.0,17.0,17.0,17.0,17.0,17.0,17.0,17.0,17.0,17.0,17.0,17.0,17.0,17.0,17.0,17.0,17.0,17.0,17.0,17.0,17.0,17.0
West Kiewa,WKIEWA2_1,VIC,17.0,17.0,17.0,17.0,17.0,17.0,17.0,17.0,17.0,17.0,17.0,17.0,17.0,17.0,17.0,17.0,17.0,17.0,17.0,17.0,17.0,17.0,17.0,17.0,17.0,17.0,17.0,17.0,17.0,17.0
West Kiewa,WKIEWA2_2,VIC,17.0,17.0,17.0,17.0,17.0,17.0,17.0,17.0,17.0,17.0,17.0,17.0,17.0,17.0,17.0,17.0,17.0,17.0,17.0,17.0,17.0,17.0,17.0,17.0,17.0,17.0,17.0,17.0,17.0,17.0
Wivenhoe,W/HOE#1,QLD,285.0,285.0,285.0,285.0,285.0,285.0,285.0,285.0,285.0,285.0,285.0,285.0,285.0,285.0,285.0,285.0,285.0,285.0,285.0,285.0,285.0,285.0,285.0,285.0,285.0,285.0,285.0,285.0,285.0,285.0
Wivenhoe,W/HOE#2,QLD,285.0,285.0,285.0,285.0,285.0,285.0,285.0,285.0,285.0,285.0,285.0,285.0,285.0,285.0,285.0,285.0,285.0,285.0,285.0,285.0,285.0,285.0,285.0,285.0,285.0,285.0,285.0,285.0,285.0,285.0
Adelaide Desalination Plant Solar Farm,ADPPV1,SA,10.34,10.34,10.34,10.34,10.34,10.34,10.34,10.34,10.34,10.34,10.56,10.56,10.56,10.56,10.56,10.56,10.56,10.56,10.56,10.56,11.0,11.0,11.0,11.0,11.0,11.0,11.0,11.0,11.0,11.0
Avonlie Solar Farm,AVLSF1,NSW,189.98,189.98,189.98,189.98,189.98,189.98,189.98,189.98,189.98,189.98,189.98,189.98,189.98,189.98,189.98,189.98,189.98,189.98,189.98,189.98,189.98,189.98,189.98,189.98,189.98,189.98,189.98,189.98,189.98,189.98
Bannerton Solar Park,BANN1,VIC,84.0,84.0,84.0,84.0,84.0,84.0,84.0,84.0,84.0,84.0,84.0,84.0,84.0,84.0,84.0,84.0,84.0,84.0,84.0,84.0,88.0,88.0,88.0,88.0,88.0,88.0,88.0,88.0,88.0,88.0
Beryl Solar Farm,BERYLSF1,NSW,77.4,77.4,77.4,77.4,77.4,77.4,77.4,77.4,77.4,77.4,82.8,82.8,82.8,82.8,82.8,82.8,82.8,82.8,82.8,82.8,87.0,87.0,87.0,87.0,87.0,87.0,87.0,87.0,87.0,87.0
Bluegrass Solar Farm,BLUEGSF1,QLD,144.87,144.25,143.62,142.99,142.37,141.74,141.11,140.47,139.84,139.22,144.87,144.25,143.62,142.99,142.37,141.74,141.11,140.47,139.84,139.22,148.0,147.44,146.88,146.32,145.78,145.22,144.67,144.1,143.54,142.98
Bolivar Waste Water Treatment Solar Farm,BOWWPV1,SA,10.57,10.57,10.57,10.57,10.57,10.57,10.57,10.57,10.57,10.57,10.8,10.8,10.8,10.8,10.8,10.8,10.8,10.8,10.8,10.8,11.25,11.25,11.25,11.25,11.25,11.25,11.25,11.25,11.25,11.25
Bomen Solar Farm,BOMENSF1,NSW,97.68,97.68,97.68,97.68,97.68,97.68,97.68,97.68,97.68,97.68,99.0,99.0,99.0,99.0,99.0,99.0,99.0,99.0,99.0,99.0,99.88,99.88,99.88,99.88,99.88,99.88,99.88,99.88,99.88,99.88
Broken Hill Solar Farm,BROKENH1,NSW,53.0,53.0,53.0,53.0,53.0,53.0,53.0,53.0,53.0,53.0,53.0,53.0,53.0,53.0,53.0,53.0,53.0,53.0,53.0,53.0,53.0,53.0,53.0,53.0,53.0,53.0,53.0,53.0,53.0,53.0
Bungala One Solar Farm,BNGSF1,SA,104.76,104.76,104.76,104.76,104.76,104.76,104.76,104.76,104.76,104.76,109.62,109.62,109.62,109.62,109.62,109.62,109.62,109.62,0.0,0.0,109.62,109.62,109.62,109.62,109.62,109.62,109.62,109.62,109.62,109.62
Bungala Two Solar Farm,BNGSF2,SA,104.76,104.76,104.76,104.76,104.76,104.76,104.76,104.76,104.76,105.0,109.62,109.62,109.62,109.62,109.62,109.62,109.62,109.62,109.62,109.62,109.62,109.62,109.62,109.62,109.62,109.62,109.62,109.62,109.62,109.62
Childers Solar Farm,CHILDSF1,QLD,55.87,55.87,55.87,55.87,55.87,55.87,55.87,55.87,55.87,55.87,55.87,55.87,55.87,55.87,55.87,55.87,55.87,55.87,55.87,55.87,55.87,55.87,55.87,55.87,55.87,55.87,55.87,55.87,55.87,55.87
Clare Solar Farm,CLARESF1,QLD,95.22,95.22,95.22,95.22,95.22,95.22,95.22,95.22,95.22,95.22,96.6,96.6,96.6,96.6,96.6,96.6,96.6,96.6,96.6,96.6,99.98,99.98,99.98,99.98,99.98,99.98,99.98,99.98,99.98,99.98
Clermont Solar Farm,CLERMSF1,QLD,71.41,71.41,71.41,71.41,71.41,71.41,71.41,71.41,71.41,71.41,72.89,72.89,72.89,72.89,72.89,72.89,72.89,72.89,72.89,72.89,74.99,74.99,74.99,74.99,74.99,74.99,74.99,74.99,74.99,74.99
Cohuna Solar Farm,COHUNSF1,VIC,24.51,24.51,24.51,24.51,24.51,24.51,24.51,24.51,24.51,24.51,27.17,27.17,27.17,27.17,27.17,27.17,27.17,27.17,27.17,27.17,27.17,27.17,27.17,27.17,27.17,27.17,27.17,27.17,27.17,27.17
Coleambally Solar Farm,COLEASF1,NSW,150.03,150.03,150.03,150.03,150.03,150.03,150.93,150.03,150.03,150.03,150.03,150.03,150.03,150.03,150.03,150.03,150.93,150.03,150.03,150.03,150.03,150.03,150.03,150.03,150.03,150.03,150.03,150.03,150.03,150.03
Collinsville Solar Farm,CSPVPS1,QLD,39.95,39.95,39.95,39.95,39.95,39.95,39.95,39.95,39.95,39.95,41.31,41.31,41.31,41.31,41.31,41.31,41.31,41.31,41.31,41.31,42.5,42.5,42.5,42.5,42.5,42.5,42.5,42.5,42.5,42.5
Columboola Solar Farm,COLUMSF1,QLD,161.95,161.95,161.95,161.95,161.95,161.95,161.95,161.95,161.95,161.95,161.95,161.95,161.95,161.95,161.95,161.95,161.95,161.95,161.95,161.95,161.95,161.95,161.95,161.95,161.95,161.95,161.95,161.95,161.95,161.95
Corowa Solar Farm,CRWASF1,NSW,30.0,30.0,30.0,30.0,30.0,30.0,30.0,30.0,30.0,30.0,30.0,30.0,30.0,30.0,30.0,30.0,30.0,30.0,30.0,30.0,30.0,30.0,30.0,30.0,30.0,30.0,30.0,30.0,30.0,30.0
Darling Downs Solar Farm,DDSF1,QLD,108.5,108.5,108.5,108.5,108.5,108.5,108.5,108.5,108.5,108.5,108.5,108.5,108.5,108.5,108.5,108.5,108.5,108.5,108.5,108.5,110.0,110.0,110.0,110.0,110.0,110.0,110.0,110.0,110.0,110.0
Darlington Point Solar Farm,DARLSF1,NSW,263.3,263.3,263.3,263.3,263.3,263.3,263.3,263.3,263.3,263.3,266.0,266.0,266.0,266.0,266.0,266.0,266.0,266.0,266.0,266.0,274.96,274.96,274.96,274.96,274.96,274.96,274.96,274.96,274.96,274.96
Daydream Solar Farm,DAYDSF1,QLD,145.79,145.79,145.79,145.79,145.79,145.79,145.79,145.79,145.79,145.79,147.07,147.07,147.07,147.07,147.07,147.07,147.07,147.07,147.07,147.07,149.99,149.99,149.99,149.99,149.99,149.99,149.99,149.99,149.99,149.99
Edenvale Solar Park,EDENVSF1,QLD,146.0,146.0,146.0,146.0,146.0,146.0,146.0,146.0,146.0,146.0,146.0,146.0,146.0,146.0,146.0,146.0,146.0,146.0,146.0,146.0,146.0,146.0,146.0,146.0,146.0,146.0,146.0,146.0,146.0,146.0
Emerald Solar Farm,EMERASF1,QLD,67.68,67.68,67.68,67.68,67.68,67.68,67.68,67.68,67.68,67.68,69.12,69.12,69.12,69.12,69.12,69.12,69.12,69.12,69.12,69.12,72.0,72.0,72.0,72.0,72.0,72.0,72.0,72.0,72.0,72.0
Finley Solar Farm,FINLYSF1,NSW,116.72,116.72,116.72,116.72,116.72,116.72,116.72,116.72,116.72,116.72,129.98,129.98,129.98,129.98,129.98,129.98,129.98,129.98,129.98,129.98,132.66,132.66,132.66,132.66,132.66,132.66,132.66,132.66,132.66,132.66
Gangarri Solar Farm,GANGARR1,QLD,119.88,119.88,119.88,119.88,119.88,119.88,119.88,119.88,119.88,119.88,119.88,119.88,119.88,119.88,119.88,119.88,119.88,119.88,119.88,119.88,119.88,119.88,119.88,119.88,119.88,119.88,119.88,119.88,119.88,119.88
Gannawarra Solar Farm,GANNSF1,VIC,47.76,47.76,47.76,47.76,47.76,47.76,47.76,47.76,47.76,47.76,49.01,49.01,49.01,49.01,49.01,49.01,49.01,49.01,49.01,49.01,50.0,50.0,50.0,50.0,50.0,50.0,50.0,50.0,50.0,50.0
Glenrowan West Solar Farm,GLRWNSF1,VIC,102.96,102.96,102.96,102.96,102.96,102.96,102.96,102.96,102.96,102.96,106.94,106.94,106.94,106.94,106.94,106.94,106.94,106.94,106.94,106.94,110.01,110.01,110.01,110.01,110.01,110.01,110.01,110.01,110.01,110.01
Goonumbla Solar Farm,GOONSF1,NSW,67.73,67.73,67.73,67.73,67.73,67.73,67.73,67.73,67.73,67.73,69.31,69.31,69.31,69.31,69.31,69.31,69.31,69.31,69.31,69.31,69.75,69.75,69.75,69.75,69.75,69.75,69.75,69.75,69.75,69.75
Gullen Range Solar Farm,GULLRSF1,NSW,10.0,10.0,10.0,10.0,10.0,10.0,10.0,10.0,10.0,10.0,10.0,10.0,10.0,10.0,10.0,10.0,10.0,10.0,10.0,10.0,10.0,10.0,10.0,10.0,10.0,10.0,10.0,10.0,10.0,10.0
Gunnedah Solar Farm,GNNDHSF1,NSW,110.0,110.0,110.0,110.0,110.0,110.0,110.0,110.0,110.0,110.0,110.0,110.0,110.0,110.0,110.0,110.0,110.0,110.0,110.0,110.0,110.0,110.0,110.0,110.0,110.0,110.0,110.0,110.0,110.0,110.0
Hamilton Solar Farm,HAMISF1,QLD,54.11,54.11,54.11,54.11,54.11,54.11,54.11,54.11,54.11,54.11,54.9,54.9,54.9,54.9,54.9,54.9,54.9,54.9,54.9,54.9,56.0,56.0,56.0,56.0,56.0,56.0,56.0,56.0,56.0,56.0
Happy Valley Reservoir,HVWWPV1,SA,7.82,7.82,7.82,7.82,7.82,7.82,7.82,7.82,7.82,7.82,7.99,7.99,7.99,7.99,7.99,7.99,7.99,7.99,7.99,7.99,8.32,8.32,8.32,8.32,8.32,8.32,8.32,8.32,8.32,8.32
Haughton Solar Farm,HAUGHT11,QLD,100.03,100.03,100.03,100.03,100.03,100.03,100.03,100.03,100.03,100.03,100.03,100.03,100.03,100.03,100.03,100.03,100.03,100.03,100.03,100.03,100.03,100.03,100.03,100.03,100.03,100.03,100.03,100.03,100.03,100.03
Hayman Solar Farm,HAYMSF1,QLD,47.83,47.83,47.83,47.83,47.83,47.83,47.83,47.83,47.83,47.83,48.0,48.0,48.0,48.0,48.0,48.0,48.0,48.0,48.0,48.0,50.0,50.0,50.0,50.0,50.0,50.0,50.0,50.0,50.0,50.0
Hillston Sun Farm,HILLSTN1,NSW,76.52,76.52,76.52,76.52,76.52,76.52,76.52,76.52,76.52,76.52,85.0,85.0,85.0,85.0,85.0,85.0,85.0,85.0,85.0,85.0,85.0,85.0,85.0,85.0,85.0,85.0,85.0,85.0,85.0,85.0
Hughenden Solar Farm,HUGSF1,QLD,20.97,20.97,20.97,20.97,20.97,20.97,20.97,20.97,20.97,20.97,20.97,20.97,20.97,20.97,20.97,20.97,20.97,20.97,20.97,20.97,20.97,20.97,20.97,20.97,20.97,20.97,20.97,20.97,20.97,20.97
Jemalong Solar,JEMALNG1,NSW,50.0,50.0,50.0,50.0,50.0,50.0,50.0,50.0,50.0,50.0,50.0,50.0,50.0,50.0,50.0,50.0,50.0,50.0,50.0,50.0,50.0,50.0,50.0,50.0,50.0,50.0,50.0,50.0,50.0,50.0
Junee Solar Farm,JUNEESF1,NSW,30.0,30.0,30.0,30.0,30.0,30.0,30.0,30.0,30.0,30.0,30.0,30.0,30.0,30.0,30.0,30.0,30.0,30.0,30.0,30.0,30.0,30.0,30.0,30.0,30.0,30.0,30.0,30.0,30.0,30.0
Karadoc Solar Farm,KARSF1,VIC,90.02,90.02,90.02,90.02,90.02,90.02,90.02,90.02,90.02,90.02,90.02,90.02,90.02,90.02,90.02,90.02,90.02,90.02,90.02,90.02,90.02,90.02,90.02,90.02,90.02,90.02,90.02,90.02,90.02,90.02
Kennedy Energy Park Solar Farm,KEPSF1,QLD,14.28,14.28,14.28,14.28,14.28,14.28,14.28,14.28,14.28,14.28,14.58,14.58,14.58,14.58,14.58,14.58,14.58,14.58,14.58,14.58,15.0,15.0,15.0,15.0,15.0,15.0,15.0,15.0,15.0,15.0
Kiamal Solar Farm stage 1,KIAMSF1,VIC,189.0,189.0,189.0,189.0,189.0,189.0,189.0,189.0,189.0,189.0,198.0,198.0,198.0,198.0,198.0,198.0,198.0,198.0,198.0,198.0,199.95,199.95,199.95,199.95,199.95,199.95,199.95,199.95,199.95,199.95
Kidston Solar Farm,KSP1,QLD,48.5,48.5,48.5,48.5,48.5,48.5,48.5,48.5,48.5,48.5,48.5,48.5,48.5,48.5,48.5,48.5,48.5,48.5,48.5,48.5,48.5,48.5,48.5,48.5,48.5,48.5,48.5,48.5,48.5,48.5
Lilyvale Solar Farm,LILYSF1,QLD,97.53,97.53,97.53,97.53,97.53,97.53,97.53,97.53,97.53,97.53,98.79,98.79,98.79,98.79,98.79,98.79,98.79,98.79,98.79,98.79,99.97,99.97,99.97,99.97,99.97,99.97,99.97,99.97,99.97,99.97
Limondale Solar Farm 1,LIMOSF11,NSW,207.1,207.1,207.1,207.1,207.1,207.1,207.1,207.1,207.1,207.1,220.0,220.0,220.0,220.0,220.0,220.0,220.0,220.0,220.0,220.0,220.0,220.0,220.0,220.0,220.0,220.0,220.0,220.0,220.0,220.0
Limondale Solar Farm 2,LIMOSF21,NSW,28.99,28.99,28.99,28.99,28.99,28.99,28.99,28.99,28.99,28.99,28.99,28.99,28.99,28.99,28.99,28.99,28.99,28.99,28.99,28.99,28.99,28.99,28.99,28.99,28.99,28.99,28.99,28.99,28.99,28.99
Longreach Solar Farm,LRSF1,QLD,14.0,14.0,14.0,14.0,14.0,14.0,14.0,14.0,14.0,14.0,14.0,14.0,14.0,14.0,14.0,14.0,14.0,14.0,14.0,14.0,14.0,14.0,14.0,14.0,14.0,14.0,14.0,14.0,14.0,14.0
Manildra Solar Farm,MANSLR1,NSW,43.4,43.4,43.4,43.4,43.4,43.4,43.4,43.4,43.4,43.4,45.4,45.4,45.4,45.4,45.4,45.4,45.4,45.4,45.4,45.4,46.7,46.7,46.7,46.7,46.7,46.7,46.7,46.7,46.7,46.7
Mannum Adelaide Pumping Station No 2 - MAPL2 (Palmer),MAPS2PV1,SA,15.79,15.79,15.79,15.79,15.79,15.79,15.79,15.79,15.79,15.79,16.12,16.12,16.12,16.12,16.12,16.12,16.12,16.12,16.12,16.12,16.8,16.8,16.8,16.8,16.8,16.8,16.8,16.8,16.8,16.8
Mannum Adelaide Pumping Station No 3 - MAPL3 (Tungkillo),MAPS3PV1,SA,11.64,11.64,11.64,11.64,11.64,11.64,11.64,11.64,11.64,11.64,11.88,11.88,11.88,11.88,11.88,11.88,11.88,11.88,11.88,11.88,12.36,12.36,12.36,12.36,12.36,12.36,12.36,12.36,12.36,12.36
Maryrorough Solar Farm,MARYRSF1,QLD,27.3,27.3,27.3,27.3,27.3,27.3,27.3,27.3,27.3,27.3,27.3,27.3,27.3,27.3,27.3,27.3,27.3,27.3,27.3,27.3,27.3,27.3,27.3,27.3,27.3,27.3,27.3,27.3,27.3,27.3
Middlemount Solar Farm,MIDDLSF1,QLD,26.0,26.0,26.0,26.0,26.0,26.0,26.0,26.0,26.0,26.0,26.0,26.0,26.0,26.0,26.0,26.0,26.0,26.0,26.0,26.0,26.0,26.0,26.0,26.0,26.0,26.0,26.0,26.0,26.0,26.0
Molong Solar Farm,MOLNGSF1,NSW,32.4,32.4,32.4,32.4,32.4,32.4,32.4,32.4,32.4,32.4,36.01,36.01,36.01,36.01,36.01,36.01,36.01,36.01,36.01,36.01,36.01,36.01,36.01,36.01,36.01,36.01,36.01,36.01,36.01,36.01
Moree Solar Farm,MOREESF1,NSW,56.0,56.0,56.0,56.0,56.0,56.0,56.0,56.0,56.0,56.0,56.0,56.0,56.0,56.0,56.0,56.0,56.0,56.0,56.0,56.0,56.0,56.0,56.0,56.0,56.0,56.0,56.0,56.0,56.0,56.0
Morgan To Whyalla Pipeline No 1 PS And Water Filtration Plant,MWPS1PV1,SA,5.76,5.76,5.76,5.76,5.76,5.76,5.76,5.76,5.76,5.76,5.88,5.88,5.88,5.88,5.88,5.88,5.88,5.88,5.88,5.88,6.12,6.12,6.12,6.12,6.12,6.12,6.12,6.12,6.12,6.12
Morgan To Whyalla Pipeline No 2 PS,MWPS2PV1,SA,5.5,5.5,5.5,5.5,5.5,5.5,5.5,5.5,5.5,5.5,5.62,5.62,5.62,5.62,5.62,5.62,5.62,5.62,5.62,5.62,5.86,5.86,5.86,5.86,5.86,5.86,5.86,5.86,5.86,5.86
Morgan To Whyalla Pipeline No 3 PS,MWPS3PV1,SA,6.93,6.93,6.93,6.93,6.93,6.93,6.93,6.93,6.93,6.93,7.07,7.07,7.07,7.07,7.07,7.07,7.07,7.07,7.07,7.07,7.37,7.37,7.37,7.37,7.37,7.37,7.37,7.37,7.37,7.37
Morgan To Whyalla Pipeline No 4 PS,MWPS4PV1,SA,5.5,5.5,5.5,5.5,5.5,5.5,5.5,5.5,5.5,5.5,5.62,5.62,5.62,5.62,5.62,5.62,5.62,5.62,5.62,5.62,5.86,5.86,5.86,5.86,5.86,5.86,5.86,5.86,5.86,5.86
Moura Solar Farm,MOUSF1,QLD,81.72,81.72,81.72,81.72,81.72,81.72,81.72,81.72,81.72,81.72,81.72,81.72,81.72,81.72,81.72,81.72,81.72,81.72,81.72,81.72,81.72,81.72,81.72,81.72,81.72,81.72,81.72,81.72,81.72,81.72
Murray Bridge - Onkaparinga Pipeline Pump 2,MBPS2PV1,SA,12.91,12.91,12.91,12.91,12.91,12.91,12.91,12.91,12.91,12.91,13.19,13.19,13.19,13.19,13.19,13.19,13.19,13.19,13.19,13.19,13.74,13.74,13.74,13.74,13.74,13.74,13.74,13.74,13.74,13.74
Nevertire Solar Farm,NEVERSF1,NSW,104.64,104.64,104.64,104.64,104.64,104.64,104.64,104.64,104.64,104.64,104.64,104.64,104.64,104.64,104.64,104.64,104.64,104.64,104.64,104.64,104.64,104.64,104.64,104.64,104.64,104.64,104.64,104.64,104.64,104.64
New England Solar Farm,NEWENSF1,NSW,400.0,400.0,400.0,400.0,400.0,400.0,400.0,400.0,400.0,400.0,400.0,400.0,400.0,400.0,400.0,400.0,400.0,400.0,400.0,400.0,400.0,400.0,400.0,400.0,400.0,400.0,400.0,400.0,400.0,400.0
Numurkah Solar Farm,NUMURSF1,VIC,99.95,99.95,99.95,99.95,99.95,99.95,99.95,99.95,99.95,99.95,99.95,99.95,99.95,99.95,99.95,99.95,99.95,99.95,99.95,99.95,99.95,99.95,99.95,99.95,99.95,99.95,99.95,99.95,99.95,99.95
Nyngan Solar Plant,NYNGAN1,NSW,102.02,102.02,102.02,102.02,102.02,102.02,102.02,102.02,102.02,102.02,102.02,102.02,102.02,102.02,102.02,102.02,102.02,102.02,102.02,102.02,102.02,102.02,102.02,102.02,102.02,102.02,102.02,102.02,102.02,102.02
Oakey 1 Solar Farm,OAKEY1SF,QLD,23.1,23.1,23.1,23.1,23.1,23.1,23.1,23.1,23.1,23.1,24.22,24.22,24.22,24.22,24.22,24.22,24.22,24.22,24.22,24.22,25.0,25.0,25.0,25.0,25.0,25.0,25.0,25.0,25.0,25.0
Oakey 2 Solar Farm,OAKEY2SF,QLD,52.31,52.31,52.31,52.31,52.31,52.31,52.31,52.31,52.31,52.31,53.43,53.43,53.43,53.43,53.43,53.43,53.43,53.43,53.43,53.43,54.99,54.99,54.99,54.99,54.99,54.99,54.99,54.99,54.99,54.99
Parkes Solar Farm,PARSF1,NSW,50.5,50.5,50.5,50.5,50.5,50.5,50.5,50.5,50.5,50.5,50.5,50.5,50.5,50.5,50.5,50.5,50.5,50.5,50.5,50.5,50.5,50.5,50.5,50.5,50.5,50.5,50.5,50.5,50.5,50.5
Port Augusta Renewable Energy Park - Solar,PAREPS1,SA,79.2,79.2,79.2,79.2,79.2,79.2,79.2,79.2,79.2,79.2,79.2,79.2,79.2,79.2,79.2,79.2,79.2,79.2,79.2,79.2,79.2,79.2,79.2,79.2,79.2,79.2,79.2,79.2,79.2,79.2
Ross River Solar Farm,RRSF1,QLD,115.96,115.96,115.96,115.96,115.96,115.96,115.96,115.96,115.96,115.96,115.96,115.96,115.96,115.96,115.96,115.96,115.96,115.96,115.96,115.96,115.96,115.96,115.96,115.96,115.96,115.96,115.96,115.96,115.96,115.96
Rugby Run Solar Farm,RUGBYR1,QLD,65.0,65.0,65.0,65.0,65.0,65.0,65.0,65.0,65.0,65.0,65.0,65.0,65.0,65.0,65.0,65.0,65.0,65.0,65.0,65.0,65.0,65.0,65.0,65.0,65.0,65.0,65.0,65.0,65.0,65.0
Sun Metals Corporation Solar Farm,SMCSF1,QLD,120.12,120.12,120.12,120.12,120.12,120.12,120.12,120.12,120.12,120.12,121.16,121.16,121.16,121.16,121.16,121.16,121.16,121.16,121.16,121.16,121.16,121.16,121.16,121.16,121.16,121.16,121.16,121.16,121.16,121.16
Sunraysia Solar Farm,SUNRSF1,NSW,191.36,191.36,191.36,191.36,191.36,191.36,191.36,191.36,191.36,191.36,199.68,199.68,199.68,199.68,199.68,199.68,199.68,199.68,199.68,199.68,199.68,199.68,199.68,199.68,199.68,199.68,199.68,199.68,199.68,199.68
Suntop Solar Farm,SUNTPSF1,NSW,150.0,150.0,150.0,150.0,150.0,150.0,150.0,150.0,150.0,150.0,150.0,150.0,150.0,150.0,150.0,150.0,150.0,150.0,150.0,150.0,150.0,150.0,150.0,150.0,150.0,150.0,150.0,150.0,150.0,150.0
Susan River Solar Farm,SRSF1,QLD,75.01,75.01,75.01,75.01,75.01,75.01,75.01,75.01,75.01,75.01,75.01,75.01,75.01,75.01,75.01,75.01,75.01,75.01,75.01,75.01,75.01,75.01,75.01,75.01,75.01,75.01,75.01,75.01,75.01,75.01
Tailem Bend Solar Farm,TBSF1,SA,95.0,95.0,95.0,95.0,95.0,95.0,95.0,95.0,95.0,95.0,95.0,95.0,95.0,95.0,95.0,95.0,95.0,95.0,95.0,95.0,95.0,95.0,95.0,95.0,95.0,95.0,95.0,95.0,95.0,95.0
Tailem Bend Solar Farm - stage 2,TB2SF1,SA,87.0,87.0,87.0,87.0,87.0,87.0,87.0,87.0,87.0,87.0,87.0,87.0,87.0,87.0,87.0,87.0,87.0,87.0,87.0,87.0,0.0,87.0,87.0,87.0,87.0,87.0,87.0,87.0,87.0,87.0
Wagga North Solar Farm,WAGGNSF1,NSW,46.36,46.36,46.36,46.36,46.36,46.36,46.36,46.36,46.36,46.36,46.36,46.36,46.36,46.36,46.36,46.36,46.36,46.36,46.36,46.36,46.36,46.36,46.36,46.36,46.36,46.36,46.36,46.36,46.36,46.36
Warwick Solar Farm,WARWSF1,QLD,32.1,32.1,32.1,32.1,32.1,32.1,32.1,32.1,32.1,32.1,32.1,32.1,32.1,32.1,32.1,32.1,32.1,32.1,32.1,32.1,32.1,32.1,32.1,32.1,32.1,32.1,32.1,32.1,32.1,32.1
Warwick Solar Farm,WARWSF2,QLD,32.1,32.1,32.1,32.1,32.1,32.1,32.1,32.1,32.1,32.1,32.1,32.1,32.1,32.1,32.1,32.1,32.1,32.1,32.1,32.1,32.1,32.1,32.1,32.1,32.1,32.1,32.1,32.1,32.1,32.1
Wellington Solar Farm,WELLSF1,NSW,169.88,169.88,169.88,169.88,169.88,169.88,169.88,169.88,169.88,169.88,169.88,169.88,169.88,169.88,169.88,169.88,169.88,169.88,169.88,169.88,169.88,169.88,169.88,169.88,169.88,169.88,169.88,169.88,169.88,169.88
Wemen Solar Farm,WEMENSF1,VIC,82.36,82.36,82.36,82.36,82.36,82.36,82.36,82.36,82.36,82.36,85.52,85.52,85.52,85.52,85.52,85.52,85.52,85.52,85.52,85.52,87.98,87.98,87.98,87.98,87.98,87.98,87.98,87.98,87.98,87.98
West Wyalong Solar Farm,WSTWYSF1,NSW,90.01,90.01,90.01,90.01,90.01,90.01,90.01,90.01,90.01,90.01,90.01,90.01,90.01,90.01,90.01,90.01,90.01,90.01,90.01,90.01,90.01,90.01,90.01,90.01,90.01,90.01,90.01,90.01,90.01,90.01
Western Downs Green Power Hub,WDGPH1,QLD,394.95,394.95,394.95,394.95,394.95,394.95,394.95,394.95,394.95,394.95,399.96,399.96,399.96,399.96,399.96,399.96,399.96,399.96,399.96,399.96,349.86,399.96,399.96,399.96,399.96,399.96,399.96,399.96,399.96,399.96
White Rock Solar Farm,WRSF1,NSW,20.0,20.0,20.0,20.0,20.0,20.0,20.0,20.0,20.0,20.0,20.0,20.0,20.0,20.0,20.0,20.0,20.0,20.0,20.0,20.0,20.0,20.0,20.0,20.0,20.0,20.0,20.0,20.0,20.0,20.0
Whitsunday Solar Farm,WHITSF1,QLD,54.11,54.11,54.11,54.11,54.11,54.11,54.11,54.11,54.11,54.11,54.9,54.9,54.9,54.9,54.9,54.9,54.9,54.9,54.9,54.9,56.0,56.0,56.0,56.0,56.0,56.0,56.0,56.0,56.0,56.0
Winton Solar Farm,WINTSF1,VIC,84.99,84.99,84.99,84.99,84.99,84.99,84.99,84.99,84.99,84.99,85.0,85.0,85.0,85.0,85.0,85.0,85.0,85.0,85.0,85.0,85.0,85.0,85.0,85.0,85.0,85.0,85.0,85.0,85.0,85.0
Wyalong Solar Farm,WYASF1,NSW,53.01,53.01,53.01,53.01,53.01,53.01,53.01,53.01,53.01,53.01,53.01,53.01,53.01,53.01,53.01,53.01,53.01,53.01,53.01,53.01,53.01,53.01,53.01,53.01,53.01,53.01,53.01,53.01,53.01,53.01
Yarranlea Solar Farm,YARANSF1,QLD,102.96,102.96,102.96,102.96,102.96,102.96,102.96,102.96,102.96,102.96,102.96,102.96,102.96,102.96,102.96,102.96,102.96,102.96,102.96,102.96,102.96,102.96,102.96,102.96,102.96,102.96,102.96,102.96,102.96,102.96
Yatpool Solar Farm,YATSF1,VIC,79.2,79.2,79.2,79.2,79.2,79.2,79.2,79.2,79.2,79.2,81.0,81.0,81.0,81.0,81.0,81.0,81.0,81.0,81.0,81.0,81.0,81.0,81.0,81.0,81.0,81.0,81.0,81.0,81.0,81.0
Ararat Wind Farm,ARWF1,VIC,150.0,150.0,150.0,150.0,150.0,150.0,150.0,150.0,150.0,150.0,240.0,240.0,240.0,240.0,240.0,240.0,240.0,240.0,240.0,240.0,240.0,240.0,240.0,240.0,240.0,240.0,240.0,240.0,240.0,240.0
Bald Hills Wind Farm,BALDHWF1,VIC,106.6,106.6,106.6,106.6,106.6,106.6,106.6,106.6,106.6,106.6,106.6,106.6,106.6,106.6,106.6,106.6,106.6,106.6,106.6,106.6,106.6,106.6,106.6,106.6,106.6,106.6,106.6,106.6,106.6,106.6
Bango 973 Wind Farm,BANGOWF1,NSW,0.0,0.0,0.0,0.0,0.0,0.0,0.0,0.0,0.0,0.0,159.0,159.0,159.0,159.0,159.0,159.0,159.0,159.0,159.0,159.0,159.0,159.0,159.0,159.0,159.0,159.0,159.0,159.0,159.0,159.0
Bango 999 Wind Farm,BANGOWF2,NSW,0.0,0.0,0.0,0.0,0.0,0.0,0.0,0.0,0.0,0.0,84.8,84.8,84.8,84.8,84.8,84.8,84.8,84.8,84.8,84.8,84.8,84.8,84.8,84.8,84.8,84.8,84.8,84.8,84.8,84.8
Berrybank Wind Farm,BRYB1WF1,VIC,175.91,175.91,175.91,175.91,175.91,175.91,175.91,175.91,175.91,175.91,175.91,175.91,175.91,175.91,175.91,175.91,175.91,175.91,175.91,175.91,175.91,175.91,175.91,175.91,175.91,175.91,175.91,175.91,175.91,175.91
Berrybank Wind Farm,BRYB2WF2,VIC,105.19,105.19,105.19,105.19,105.19,105.19,105.19,105.19,105.19,105.19,105.19,105.19,105.19,105.19,105.19,105.19,105.19,105.19,105.19,105.19,105.19,105.19,105.19,105.19,105.19,105.19,105.19,105.19,105.19,105.19
Boco Rock Wind Farm,BOCORWF1,NSW,104.08,104.08,104.08,104.08,104.08,104.08,104.08,104.08,104.08,104.08,113.179999999999,113.179999999999,113.179999999999,113.179999999999,113.179999999999,113.179999999999,113.179999999999,113.179999999999,113.179999999999,113.179999999999,113.179999999999,113.179999999999,113.179999999999,113.179999999999,113.179999999999,113.179999999999,113.179999999999,113.179999999999,113.179999999999,113.179999999999
Bodangora Wind Farm,BODWF1,NSW,113.19,113.19,113.19,113.19,113.19,113.19,113.19,113.19,113.19,113.19,113.19,113.19,113.19,113.19,113.19,113.19,113.19,113.19,113.19,113.19,113.19,113.19,113.19,113.19,113.19,113.19,113.19,113.19,113.19,113.19
Bulgana Green Power Hub - Wind Farm,BULGANA1,VIC,204.4,204.4,204.4,204.4,204.4,204.4,204.4,204.4,204.4,204.4,204.4,204.4,204.4,204.4,204.4,204.4,204.4,204.4,204.4,204.4,204.4,204.4,204.4,204.4,204.4,204.4,204.4,204.4,204.4,204.4
Canunda Wind Farm,CNUNDAWF,SA,0.0,0.0,0.0,0.0,0.0,0.0,0.0,0.0,0.0,0.0,46.0,46.0,46.0,46.0,46.0,46.0,46.0,46.0,46.0,46.0,46.0,46.0,46.0,46.0,46.0,46.0,46.0,46.0,46.0,46.0
Capital Wind Farm,CAPTL_WF,NSW,140.7,140.7,140.7,140.7,140.7,140.7,140.7,140.7,140.7,140.7,140.7,140.7,140.7,140.7,140.7,140.7,140.7,140.7,140.7,140.7,140.7,140.7,140.7,140.7,140.7,140.7,140.7,140.7,140.7,140.7
Cathedral Rocks Wind Farm,CATHROCK,SA,0.0,0.0,0.0,0.0,0.0,0.0,0.0,0.0,0.0,0.0,62.0,62.0,62.0,62.0,62.0,62.0,62.0,0.0,0.0,0.0,62.0,62.0,62.0,62.0,62.0,62.0,62.0,62.0,0.0,0.0
Cattle Hill Wind Farm,CTHLWF1,TAS,144.0,144.0,144.0,144.0,144.0,144.0,144.0,144.0,144.0,144.0,144.0,144.0,144.0,144.0,144.0,144.0,144.0,144.0,144.0,144.0,144.0,144.0,144.0,144.0,144.0,144.0,144.0,144.0,144.0,144.0
Challicum Hills Wind Farm,CHALLHWF,VIC,52.5,52.5,52.5,52.5,52.5,52.5,52.5,52.5,52.5,52.5,52.5,52.5,52.5,52.5,52.5,52.5,52.5,52.5,52.5,52.5,52.5,52.5,52.5,52.5,52.5,52.5,52.5,52.5,52.5,52.5
Cherry Tree Wind Farm,CHYTWF1,VIC,43.2,43.2,43.2,43.2,43.2,43.2,43.2,43.2,43.2,43.2,53.6,53.6,53.6,53.6,53.6,53.6,53.6,53.6,53.6,53.6,57.6,57.6,57.6,57.6,57.6,57.6,57.6,57.6,57.6,57.6
Clements Gap Wind Farm,CLEMGPWF,SA,56.7,56.7,56.7,56.7,56.7,56.7,56.7,56.7,56.7,56.7,56.7,56.7,56.7,56.7,56.7,56.7,56.7,56.7,56.7,56.7,56.7,56.7,56.7,56.7,56.7,56.7,56.7,56.7,56.7,56.7
Collector Wind Farm,COLWF01,NSW,124.2,124.2,124.2,124.2,124.2,124.2,124.2,124.2,124.2,124.2,210.6,210.6,210.6,210.6,210.6,210.6,210.6,210.6,210.6,124.2,218.7,218.7,218.7,218.7,218.7,218.7,218.7,218.7,218.7,218.7
Coopers Gap Wind Farm,COOPGWF1,QLD,439.969999999999,439.969999999999,439.969999999999,439.969999999999,439.969999999999,439.969999999999,439.969999999999,439.969999999999,439.969999999999,439.969999999999,439.969999999999,439.969999999999,439.969999999999,439.969999999999,439.969999999999,439.969999999999,439.969999999999,439.969999999999,439.969999999999,439.969999999999,439.969999999999,439.969999999999,439.969999999999,439.969999999999,439.969999999999,439.969999999999,439.969999999999,439.969999999999,439.969999999999,439.969999999999
Crookwell 2 Wind Farm,CROOKWF2,NSW,91.0,91.0,91.0,91.0,91.0,91.0,91.0,91.0,91.0,91.0,91.0,91.0,91.0,91.0,91.0,91.0,91.0,91.0,91.0,91.0,91.0,91.0,91.0,91.0,91.0,91.0,91.0,91.0,91.0,91.0
Crowlands Wind Farm,CROWLWF1,VIC,79.95,79.95,79.95,79.95,79.95,79.95,79.95,79.95,79.95,79.95,79.95,79.95,79.95,79.95,79.95,79.95,79.95,79.95,79.95,79.95,79.95,79.95,79.95,79.95,79.95,79.95,79.95,79.95,79.95,79.95
Crudine Ridge Wind Farm,CRURWF1,NSW,0.0,0.0,0.0,0.0,0.0,0.0,0.0,0.0,0.0,0.0,138.01,138.01,138.01,138.01,138.01,138.01,138.01,138.01,138.01,138.01,138.01,138.01,138.01,138.01,138.01,138.01,138.01,138.01,138.01,138.01
Cullerin Range Wind Farm,CULLRGWF,NSW,30.0,30.0,30.0,30.0,30.0,30.0,30.0,30.0,30.0,30.0,30.0,30.0,30.0,30.0,30.0,30.0,30.0,30.0,30.0,30.0,30.0,30.0,30.0,30.0,30.0,30.0,30.0,30.0,30.0,30.0
Dulacca Wind Farm,DULAWF1,QLD,160.0,160.0,160.0,160.0,160.0,160.0,160.0,160.0,160.0,160.0,164.0,164.0,164.0,164.0,164.0,164.0,164.0,164.0,164.0,164.0,172.98,172.98,172.98,172.98,172.98,172.98,172.98,172.98,172.98,172.98
Dundonnell Wind Farm,DUNDWF1,VIC,108.0,108.0,108.0,108.0,108.0,108.0,108.0,108.0,108.0,108.0,152.0,152.0,152.0,152.0,152.0,152.0,152.0,152.0,152.0,152.0,168.0,168.0,168.0,168.0,168.0,168.0,168.0,168.0,168.0,168.0
Dundonnell Wind Farm,DUNDWF2,VIC,29.7,29.7,29.7,29.7,29.7,29.7,29.7,29.7,29.7,29.7,41.8,41.8,41.8,41.8,41.8,41.8,41.8,41.8,41.8,41.8,46.2,46.2,46.2,46.2,46.2,46.2,46.2,46.2,46.2,46.2
Dundonnell Wind Farm,DUNDWF3,VIC,78.3,78.3,78.3,78.3,78.3,78.3,78.3,78.3,78.3,78.3,110.2,110.2,110.2,110.2,110.2,110.2,110.2,110.2,110.2,110.2,121.8,121.8,121.8,121.8,121.8,121.8,121.8,121.8,121.8,121.8
Elaine Wind Farm,ELAINWF1,VIC,59.4,59.4,59.4,59.4,59.4,59.4,59.4,59.4,59.4,59.4,73.7,73.7,73.7,73.7,73.7,73.7,73.7,73.7,73.7,73.7,83.6,83.6,83.6,83.6,83.6,83.6,83.6,83.6,83.6,83.6
Granville Harbour Wind Farm,GRANWF1,TAS,111.6,111.6,111.6,111.6,111.6,111.6,111.6,111.6,111.6,111.6,111.6,111.6,111.6,111.6,111.6,111.6,111.6,111.6,111.6,111.6,111.6,111.6,111.6,111.6,111.6,111.6,111.6,111.6,111.6,111.6
Gullen Range Wind Farm,GULLRWF1,NSW,165.5,165.5,165.5,165.5,165.5,165.5,165.5,165.5,165.5,165.5,165.5,165.5,165.5,165.5,165.5,165.5,165.5,165.5,165.5,165.5,165.5,165.5,165.5,165.5,165.5,165.5,165.5,165.5,165.5,165.5
Gullen Range Wind Farm 2,GULLRWF2,NSW,105.4,105.4,105.4,105.4,105.4,105.4,105.4,105.4,105.4,105.4,110.67,110.67,110.67,110.67,110.67,110.67,110.67,110.67,110.67,110.67,110.67,110.67,110.67,110.67,110.67,110.67,110.67,110.67,110.67,110.67
Gunning Wind Farm,GUNNING1,NSW,46.5,46.5,46.5,46.5,46.5,46.5,46.5,46.5,46.5,46.5,46.5,46.5,46.5,46.5,46.5,46.5,46.5,46.5,46.5,46.5,46.5,46.5,46.5,46.5,46.5,46.5,46.5,46.5,46.5,46.5
Hallett 4 North Brown Hill Wind Farm,NBHWF1,SA,88.2,88.2,88.2,88.2,88.2,88.2,88.2,88.2,88.2,88.2,131.98,131.98,131.98,131.98,131.98,131.98,131.98,131.98,131.98,131.98,131.98,131.98,131.98,131.98,131.98,131.98,131.98,131.98,131.98,131.98
Hallett 5 The Bluff Wind Farm,BLUFF1,SA,35.0,35.0,35.0,35.0,35.0,35.0,35.0,35.0,35.0,35.0,52.5,52.5,52.5,52.5,52.5,52.5,52.5,52.5,52.5,52.5,52.5,52.5,52.5,52.5,52.5,52.5,52.5,52.5,52.5,52.5
Hallett Stage 1 Brown Hill Wind Farm,HALLWF1,SA,63.0,63.0,63.0,63.0,63.0,63.0,63.0,63.0,63.0,63.0,94.5,94.5,94.5,94.5,94.5,94.5,94.5,94.5,94.5,94.5,94.5,94.5,94.5,94.5,94.5,94.5,94.5,94.5,94.5,94.5
Hallett Stage 2 Hallett Hill Wind Farm,HALLWF2,SA,47.6,47.6,47.6,47.6,47.6,47.6,47.6,47.6,47.6,47.6,71.4,71.4,71.4,71.4,71.4,71.4,71.4,71.4,71.4,71.4,71.4,71.4,71.4,71.4,71.4,71.4,71.4,71.4,71.4,71.4
Hornsdale Wind Farm Stage 1,HDWF1,SA,100.0,100.0,100.0,100.0,100.0,100.0,100.0,100.0,100.0,100.0,100.0,100.0,100.0,100.0,100.0,100.0,100.0,100.0,100.0,100.0,100.0,100.0,100.0,100.0,100.0,100.0,100.0,100.0,100.0,100.0
Hornsdale Wind Farm Stage 2,HDWF2,SA,100.0,100.0,100.0,100.0,100.0,100.0,100.0,100.0,100.0,100.0,100.0,100.0,100.0,100.0,100.0,100.0,100.0,100.0,100.0,100.0,100.0,100.0,100.0,100.0,100.0,100.0,100.0,100.0,100.0,100.0
Hornsdale Wind Farm Stage 3,HDWF3,SA,108.99,108.99,108.99,108.99,108.99,108.99,108.99,108.99,108.99,108.99,108.99,108.99,108.99,108.99,108.99,108.99,108.99,108.99,108.99,108.99,108.99,108.99,108.99,108.99,108.99,108.99,108.99,108.99,108.99,108.99
Kaban Green Power Hub - Wind Farm,KABANWF1,QLD,151.98,151.98,151.98,151.98,151.98,151.98,151.98,151.98,151.98,151.98,151.98,151.98,151.98,151.98,151.98,151.98,151.98,151.98,151.98,151.98,151.98,151.98,151.98,151.98,151.98,151.98,151.98,151.98,151.98,151.98
Kennedy Energy Park Wind Farm,KEPWF1,QLD,36.0,36.0,36.0,36.0,36.0,36.0,36.0,36.0,36.0,36.0,43.2,43.2,43.2,43.2,43.2,43.2,43.2,43.2,43.2,43.2,43.2,43.2,43.2,43.2,43.2,43.2,43.2,43.2,43.2,43.2
Kiata Wind Farm,KIATAWF1,VIC,27.0,27.0,27.0,27.0,27.0,27.0,27.0,27.0,27.0,27.0,29.7,29.7,29.7,29.7,29.7,29.7,29.7,29.7,29.7,29.7,31.05,31.05,31.05,31.05,31.05,31.05,31.05,31.05,31.05,31.05
Lake Bonney 1 Wind Farm,LKBONNY1,SA,80.5,80.5,80.5,80.5,80.5,80.5,80.5,80.5,80.5,80.5,80.5,80.5,80.5,80.5,80.5,80.5,80.5,80.5,80.5,80.5,80.5,80.5,80.5,80.5,80.5,80.5,80.5,80.5,80.5,80.5
Lake Bonney 2 Wind Farm,LKBONNY2,SA,159.0,159.0,159.0,159.0,159.0,159.0,159.0,159.0,159.0,159.0,159.0,159.0,159.0,159.0,159.0,159.0,159.0,159.0,159.0,159.0,159.0,159.0,159.0,159.0,159.0,159.0,159.0,159.0,159.0,159.0
Lake Bonney 3 Wind Farm,LKBONNY3,SA,39.0,39.0,39.0,39.0,39.0,39.0,39.0,39.0,39.0,39.0,39.0,39.0,39.0,39.0,39.0,39.0,39.0,39.0,39.0,39.0,39.0,39.0,39.0,39.0,39.0,39.0,39.0,39.0,39.0,39.0
Lincoln Gap Wind Farm - Stage 2,LGAPWF2,SA,38.4,38.4,38.4,38.4,38.4,38.4,38.4,38.4,38.4,38.4,84.0,84.0,84.0,84.0,84.0,84.0,84.0,84.0,84.0,84.0,84.0,84.0,84.0,84.0,84.0,84.0,84.0,84.0,84.0,84.0
Lincoln Gap Wind Farm - stage 1,LGAPWF1,SA,42.0,42.0,42.0,42.0,42.0,42.0,42.0,42.0,42.0,42.0,122.5,122.5,122.5,122.5,122.5,122.5,122.5,122.5,122.5,122.5,122.5,122.5,122.5,122.5,122.5,122.5,122.5,122.5,122.5,122.5
Macarthur Wind Farm,MACARTH1,VIC,420.0,420.0,420.0,420.0,420.0,420.0,420.0,420.0,420.0,420.0,420.0,420.0,420.0,420.0,420.0,420.0,420.0,420.0,420.0,420.0,420.0,420.0,420.0,420.0,420.0,420.0,420.0,420.0,420.0,420.0
Moorabool Wind Farm,MOORAWF1,VIC,312.0,312.0,312.0,312.0,312.0,312.0,312.0,312.0,312.0,312.0,312.0,312.0,312.0,312.0,312.0,312.0,312.0,312.0,312.0,312.0,312.0,312.0,312.0,312.0,312.0,312.0,312.0,312.0,312.0,312.0
Mortlake South Wind Farm,MRTLSWF1,VIC,157.5,157.5,157.5,157.5,157.5,157.5,157.5,157.5,157.5,157.5,157.5,157.5,157.5,157.5,157.5,157.5,157.5,157.5,157.5,157.5,157.5,157.5,157.5,157.5,157.5,157.5,157.5,157.5,157.5,157.5
Mortons Lane Wind Farm,MLWF1,VIC,19.5,19.5,19.5,19.5,19.5,19.5,19.5,19.5,19.5,19.5,19.5,19.5,19.5,19.5,19.5,19.5,19.5,19.5,19.5,19.5,19.5,19.5,19.5,19.5,19.5,19.5,19.5,19.5,19.5,19.5
Mount Emerald Wind Farm,MEWF1,QLD,166.95,166.95,166.95,166.95,166.95,166.95,166.95,166.95,166.95,166.95,180.46,180.46,180.46,180.46,180.46,180.46,180.46,180.46,180.46,180.46,180.46,180.46,180.46,180.46,180.46,180.46,180.46,180.46,180.46,180.46
Mount Millar Wind Farm,MTMILLAR,SA,72.28,72.28,72.28,72.28,72.28,72.28,72.28,72.28,72.28,72.28,72.28,72.28,72.28,72.28,72.28,72.28,72.28,72.28,72.28,72.28,72.28,72.28,72.28,72.28,72.28,72.28,72.28,72.28,72.28,72.28
Mt Gellibrand Wind Farm,MTGELWF1,VIC,0.0,0.0,0.0,0.0,0.0,0.0,0.0,0.0,0.0,0.0,99.88,99.88,114.839999999999,132.0,132.0,132.0,132.0,132.0,132.0,132.0,99.88,99.88,114.839999999999,132.0,132.0,132.0,132.0,132.0,132.0,132.0
Mt Mercer Wind Farm,MERCER01,VIC,0.0,0.0,0.0,0.0,0.0,0.0,0.0,0.0,0.0,0.0,131.2,131.2,131.2,131.2,131.2,131.2,131.2,131.2,131.2,131.2,131.2,131.2,131.2,131.2,131.2,131.2,131.2,131.2,131.2,131.2
Murra Warra Wind Farm - stage 1,MUWAWF1,VIC,176.04,176.04,176.04,176.04,176.04,176.04,176.04,176.04,176.04,176.04,225.7,225.7,225.7,225.7,225.7,225.7,225.7,225.7,225.7,225.7,225.7,225.7,225.7,225.7,225.7,225.7,225.7,225.7,225.7,225.7
Murra Warra Wind Farm - stage 2,MUWAWF2,VIC,189.24,189.24,189.24,189.24,189.24,189.24,189.24,189.24,189.24,189.24,209.0,209.0,209.0,209.0,209.0,209.0,209.0,209.0,209.0,209.0,209.0,209.0,209.0,209.0,209.0,209.0,209.0,209.0,209.0,209.0
Musselroe Wind Farm,MUSSELR1,TAS,168.0,168.0,168.0,168.0,168.0,168.0,168.0,168.0,168.0,168.0,168.0,168.0,168.0,168.0,168.0,168.0,168.0,168.0,168.0,168.0,168.0,168.0,168.0,168.0,168.0,168.0,168.0,168.0,168.0,168.0
Oaklands Hill Wind Farm,OAKLAND1,VIC,40.99,40.99,40.99,40.99,40.99,40.99,40.99,40.99,40.99,63.0,63.0,63.0,63.0,63.0,63.0,63.0,63.0,63.0,63.0,63.0,63.0,63.0,63.0,63.0,63.0,63.0,63.0,63.0,63.0,63.0
Port Augusta Renewable Energy Park - Wind,PAREPW1,SA,210.0,210.0,210.0,210.0,210.0,210.0,210.0,210.0,210.0,210.0,210.0,210.0,210.0,210.0,210.0,210.0,210.0,210.0,210.0,210.0,210.0,210.0,210.0,210.0,210.0,210.0,210.0,210.0,210.0,210.0
Portland Wind Farm,PORTWF,VIC,151.7,151.7,151.7,151.7,151.7,151.7,151.7,151.7,151.7,151.7,151.7,151.7,151.7,151.7,151.7,151.7,151.7,151.7,151.7,151.7,151.7,151.7,151.7,151.7,151.7,151.7,151.7,151.7,151.7,151.7
Salt Creek Wind Farm,SALTCRK1,VIC,37.5,37.5,37.5,37.5,37.5,37.5,37.5,37.5,37.5,37.5,51.0,51.0,51.0,51.0,51.0,51.0,51.0,51.0,51.0,51.0,54.0,54.0,54.0,54.0,54.0,54.0,54.0,54.0,54.0,54.0
Sapphire Wind Farm,SAPHWF1,NSW,155.7,155.7,155.7,155.7,155.7,155.7,155.7,155.7,155.7,155.7,252.0,252.0,252.0,252.0,252.0,252.0,252.0,252.0,252.0,252.0,270.0,270.0,270.0,270.0,270.0,270.0,270.0,270.0,270.0,270.0
Silverton Wind Farm,STWF1,NSW,119.48,119.48,119.48,119.48,119.48,119.48,119.48,119.48,119.48,119.48,198.01,198.01,198.01,198.01,198.01,198.01,198.01,198.01,198.01,198.01,198.01,198.01,198.01,198.01,198.01,198.01,198.01,198.01,198.01,198.01
Snowtown S2 Wind Farm,SNOWNTH1,SA,133.2,133.2,133.2,133.2,133.2,133.2,133.2,133.2,133.2,133.2,144.0,144.0,144.0,144.0,144.0,144.0,144.0,144.0,144.0,144.0,144.0,144.0,144.0,144.0,144.0,144.0,144.0,144.0,144.0,144.0
Snowtown S2 Wind Farm,SNOWSTH1,SA,116.55,116.55,116.55,116.55,116.55,116.55,116.55,116.55,116.55,116.55,126.0,126.0,126.0,126.0,126.0,126.0,126.0,126.0,126.0,126.0,126.0,126.0,126.0,126.0,126.0,126.0,126.0,126.0,126.0,126.0
Snowtown Wind Farm,SNOWTWN1,SA,65.8,65.8,65.8,65.8,65.8,65.8,65.8,65.8,65.8,65.8,98.7,98.7,98.7,98.7,98.7,98.7,98.7,98.7,98.7,98.7,98.7,98.7,98.7,98.7,98.7,98.7,98.7,98.7,98.7,98.7
Starfish Hill Wind Farm,STARHLWF,SA,33.0,33.0,33.0,33.0,33.0,0.0,0.0,0.0,0.0,0.0,33.0,33.0,33.0,33.0,33.0,0.0,0.0,0.0,0.0,0.0,33.0,33.0,33.0,33.0,33.0,0.0,0.0,0.0,0.0,0.0
Stockyard Hill Wind Farm,STOCKYD1,VIC,510.99,510.99,510.99,510.99,510.99,510.99,510.99,510.99,510.99,510.99,510.99,510.99,510.99,510.99,510.99,510.99,510.99,510.99,510.99,510.99,510.99,510.99,510.99,510.99,510.99,510.99,510.99,510.99,510.99,510.99
Taralga Wind Farm,TARALGA1,NSW,106.8,106.8,106.8,106.8,106.8,106.8,106.8,106.8,106.8,106.8,106.8,106.8,106.8,106.8,106.8,106.8,106.8,106.8,106.8,106.8,106.8,106.8,106.8,106.8,106.8,106.8,106.8,106.8,106.8,106.8
Waterloo Wind Farm,WATERLWF,SA,0.0,0.0,0.0,0.0,0.0,0.0,0.0,0.0,0.0,0.0,111.0,111.0,111.0,111.0,111.0,111.0,111.0,111.0,111.0,111.0,111.0,111.0,111.0,111.0,111.0,111.0,111.0,111.0,111.0,111.0
Waterloo Wind Farm,WATERLWF,SA,9.0,9.0,9.0,9.0,9.0,9.0,9.0,9.0,9.0,9.0,18.9,18.9,18.9,18.9,18.9,18.9,18.9,18.9,18.9,18.9,19.8,19.8,19.8,19.8,19.8,19.8,19.8,19.8,19.8,19.8
Wattle Point Wind Farm,WPWF,SA,90.75,90.75,90.75,90.75,90.75,90.75,90.75,0.0,0.0,0.0,90.75,90.75,90.75,90.75,90.75,90.75,90.75,0.0,0.0,0.0,90.75,90.75,90.75,90.75,90.75,90.75,90.75,0.0,0.0,0.0
Waubra Wind Farm,WAUBRAWF,VIC,192.0,192.0,192.0,192.0,192.0,192.0,192.0,192.0,192.0,192.0,192.0,192.0,192.0,192.0,192.0,192.0,192.0,192.0,192.0,192.0,192.0,192.0,192.0,192.0,192.0,192.0,192.0,192.0,192.0,192.0
White Rock Wind Farm - Stage 1,WRWF1,NSW,0.0,0.0,0.0,0.0,0.0,0.0,0.0,0.0,0.0,0.0,172.48,172.48,172.48,172.48,172.48,172.48,172.48,172.48,172.48,172.48,172.48,172.48,172.48,172.48,172.48,172.48,172.48,172.48,172.48,172.48
Willogoleche Wind Farm,WGWF1,SA,0.0,0.0,0.0,0.0,0.0,0.0,0.0,0.0,0.0,0.0,119.36,119.36,119.36,119.36,119.36,119.36,119.36,119.36,119.36,119.36,119.36,119.36,119.36,119.36,119.36,119.36,119.36,119.36,119.36,119.36
Woodlawn Wind Farm,WOODLWN1,NSW,48.3,48.3,48.3,48.3,48.3,48.3,48.3,48.3,48.3,48.3,48.3,48.3,48.3,48.3,48.3,48.3,48.3,48.3,48.3,48.3,48.3,48.3,48.3,48.3,48.3,48.3,48.3,48.3,48.3,48.3
Woolnorth Wind Farm,WOOLNTH1,TAS,139.75,139.75,139.75,139.75,139.75,139.75,139.75,139.75,139.75,139.75,139.75,139.75,139.75,139.75,139.75,139.75,139.75,139.75,139.75,139.75,139.75,139.75,139.75,139.75,139.75,139.75,139.75,139.75,139.75,139.75
Yaloak South Wind Farm,YSWF1,VIC,28.7,28.7,28.7,28.7,28.7,28.7,28.7,28.7,28.7,28.7,28.7,28.7,28.7,28.7,28.7,28.7,28.7,28.7,28.7,28.7,28.7,28.7,28.7,28.7,28.7,28.7,28.7,28.7,28.7,28.7
Yambuk Wind Farm,YAMBUKWF,VIC,30.0,30.0,30.0,30.0,30.0,30.0,30.0,30.0,30.0,30.0,30.0,30.0,30.0,30.0,30.0,30.0,30.0,30.0,30.0,30.0,30.0,30.0,30.0,30.0,30.0,30.0,30.0,30.0,30.0,30.0
Yendon Wind Farm,YENDWF1,VIC,102.6,102.6,102.6,102.6,102.6,102.6,102.6,102.6,102.6,102.6,127.3,127.3,127.3,127.3,127.3,127.3,127.3,127.3,127.3,127.3,144.4,144.4,144.4,144.4,144.4,144.4,144.4,144.4,144.4,144.4
