IASR ID,Power Station,Technology,Auxiliary load (% of generation)
BW01,Bayswater,Steam Sub Critical,5.79175704989154
BW02,Bayswater,Steam Sub Critical,5.79175704989154
BW03,Bayswater,Steam Sub Critical,5.79175704989154
BW04,Bayswater,Steam Sub Critical,5.79175704989154
CALL_B_1,Callide B,Steam Sub Critical,6.67097170971709
CALL_B_2,Callide B,Steam Sub Critical,6.67097170971709
CPP_3,Callide C,Steam Super Critical,6.67097170971709
CPP_4,Callide C,Steam Super Critical,6.67097170971709
ER01,Eraring,Steam Sub Critical,5.79175704989154
ER02,Eraring,Steam Sub Critical,5.79175704989154
ER03,Eraring,Steam Sub Critical,5.79175704989154
ER04,Eraring,Steam Sub Critical,5.79175704989154
GSTONE1,Gladstone,Steam Sub Critical,6.67097170971709
GSTONE2,Gladstone,Steam Sub Critical,6.67097170971709
GSTONE3,Gladstone,Steam Sub Critical,6.67097170971709
GSTONE4,Gladstone,Steam Sub Critical,6.67097170971709
GSTONE5,Gladstone,Steam Sub Critical,6.67097170971709
GSTONE6,Gladstone,Steam Sub Critical,6.67097170971709
KPP_1,Kogan Creek,Steam Super Critical,6.67097170971709
MPP_1,Millmerran,Steam Super Critical,6.67097170971709
MPP_2,Millmerran,Steam Super Critical,6.67097170971709
MP1,Mt Piper,Steam Sub Critical,5.79175704989154
MP2,Mt Piper,Steam Sub Critical,5.79175704989154
STAN-1,Stanwell,Steam Sub Critical,6.67097170971709
STAN-2,Stanwell,Steam Sub Critical,6.67097170971709
STAN-3,Stanwell,Steam Sub Critical,6.67097170971709
STAN-4,Stanwell,Steam Sub Critical,6.67097170971709
TARONG#1,Tarong,Steam Sub Critical,6.67097170971709
TARONG#2,Tarong,Steam Sub Critical,6.67097170971709
TARONG#3,Tarong,Steam Sub Critical,6.67097170971709
TARONG#4,Tarong,Steam Sub Critical,6.67097170971709
TNPS1,Tarong North,Steam Super Critical,6.67097170971709
VP5,Vales Point B,Steam Sub Critical,5.79175704989154
VP6,Vales Point B,Steam Sub Critical,5.79175704989154
LYA1,Loy Yang A Power Station,Steam Sub Critical,8.3701244813278
LYA2,Loy Yang A Power Station,Steam Sub Critical,8.3701244813278
LYA3,Loy Yang A Power Station,Steam Sub Critical,8.3701244813278
LYA4,Loy Yang A Power Station,Steam Sub Critical,8.3701244813278
LOYYB1,Loy Yang B,Steam Sub Critical,8.3701244813278
LOYYB2,Loy Yang B,Steam Sub Critical,8.3701244813278
YWPS1,Yallourn W,Steam Sub Critical,8.3701244813278
YWPS2,Yallourn W,Steam Sub Critical,8.3701244813278
YWPS3,Yallourn W,Steam Sub Critical,8.3701244813278
YWPS4,Yallourn W,Steam Sub Critical,8.3701244813278
ANGAS1,Angaston,Reciprocating engine,0.774403069926094
ANGAS2,Angaston,Reciprocating engine,0.774403069926094
BDL01,Bairnsdale,OCGT (small GT),0.81751883232952
BDL02,Bairnsdale,OCGT (small GT),0.81751883232952
BARCALDN,Barcaldine Power Station,OCGT (small GT),0.81751883232952
BIPS1_01,Barker Inlet Power Station,Reciprocating engine,1.0
BIPS1_02,Barker Inlet Power Station,Reciprocating engine,1.0
BIPS1_03,Barker Inlet Power Station,Reciprocating engine,1.0
BIPS1_04,Barker Inlet Power Station,Reciprocating engine,1.0
BIPS1_05,Barker Inlet Power Station,Reciprocating engine,1.0
BIPS1_06,Barker Inlet Power Station,Reciprocating engine,1.0
BIPS1_07,Barker Inlet Power Station,Reciprocating engine,1.0
BIPS1_08,Barker Inlet Power Station,Reciprocating engine,1.0
BIPS1_09,Barker Inlet Power Station,Reciprocating engine,1.0
BIPS1_10,Barker Inlet Power Station,Reciprocating engine,1.0
BIPS1_11,Barker Inlet Power Station,Reciprocating engine,1.0
BIPS1_12,Barker Inlet Power Station,Reciprocating engine,1.0
BBTHREE1,Bell Bay Three,OCGT (large GT),0.81751883232952
BBTHREE2,Bell Bay Three,OCGT (large GT),0.81751883232952
BBTHREE3,Bell Bay Three,OCGT (large GT),0.81751883232952
BOLIVPS1_1,Bolivar Power Station,OCGT (small GT),0.81751883232952
BOLIVPS1_2,Bolivar Power Station,OCGT (small GT),0.81751883232952
BOLIVPS1_3,Bolivar Power Station,OCGT (small GT),0.81751883232952
BOLIVPS1_4,Bolivar Power Station,OCGT (small GT),0.81751883232952
BRAEMAR1,Braemar,OCGT (large GT),0.81751883232952
BRAEMAR2,Braemar,OCGT (large GT),0.81751883232952
BRAEMAR3,Braemar,OCGT (large GT),0.81751883232952
BRAEMAR5,Braemar 2 Power Station,OCGT (large GT),0.81751883232952
BRAEMAR6,Braemar 2 Power Station,OCGT (large GT),0.81751883232952
BRAEMAR7,Braemar 2 Power Station,OCGT (large GT),0.81751883232952
CG1,Colongra,OCGT (small GT),0.81751883232952
CG2,Colongra,OCGT (small GT),0.81751883232952
CG3,Colongra,OCGT (small GT),0.81751883232952
CG4,Colongra,OCGT (small GT),0.81751883232952
CPSA_GT1,Condamine A,CCGT - Gas Turbine,1.83572890691875
CPSA_GT2,Condamine A,CCGT - Gas Turbine,1.83572890691875
CPSA_ST,Condamine A,CCGT - Steam Turbine,1.83572890691875
DDPS1_GT1,Darling Downs,CCGT - Gas Turbine,1.83572890691875
DDPS1_GT2,Darling Downs,CCGT - Gas Turbine,1.83572890691875
DDPS1_GT3,Darling Downs,CCGT - Gas Turbine,1.83572890691875
DDPS1_ST,Darling Downs,CCGT - Steam Turbine,1.83572890691875
DRYCGT1,Dry Creek GT,OCGT (small GT),0.81751883232952
DRYCGT2,Dry Creek GT,OCGT (small GT),0.81751883232952
DRYCGT3,Dry Creek GT,OCGT (small GT),0.81751883232952
AGLHAL01,Hallett GT,OCGT (small GT),0.81751883232952
AGLHAL02,Hallett GT,OCGT (small GT),0.81751883232952
AGLHAL03,Hallett GT,OCGT (small GT),0.81751883232952
AGLHAL04,Hallett GT,OCGT (small GT),0.81751883232952
AGLHAL05,Hallett GT,OCGT (small GT),0.81751883232952
AGLHAL06,Hallett GT,OCGT (small GT),0.81751883232952
AGLHAL07,Hallett GT,OCGT (small GT),0.81751883232952
AGLHAL08,Hallett GT,OCGT (small GT),0.81751883232952
AGLHAL09,Hallett GT,OCGT (small GT),0.81751883232952
AGLHAL10,Hallett GT,OCGT (small GT),0.81751883232952
AGLHAL11,Hallett GT,OCGT (small GT),0.81751883232952
AGLHAL12,Hallett GT,OCGT (small GT),0.81751883232952
AGLHALRE,Hallett GT,OCGT (small GT),0.81751883232952
HEZ1,Hunter Economic Zone,Reciprocating engine,0.774403069926094
JLA01,Jeeralang A,OCGT (small GT),0.81751883232952
JLA02,Jeeralang A,OCGT (small GT),0.81751883232952
JLA03,Jeeralang A,OCGT (small GT),0.81751883232952
JLA04,Jeeralang A,OCGT (small GT),0.81751883232952
JLB01,Jeeralang B,OCGT (small GT),0.81751883232952
JLB02,Jeeralang B,OCGT (small GT),0.81751883232952
JLB03,Jeeralang B,OCGT (small GT),0.81751883232952
LADBROK1,Ladbroke Grove,OCGT (small GT),0.81751883232952
LADBROK2,Ladbroke Grove,OCGT (small GT),0.81751883232952
LNGS1,Laverton North,OCGT (large GT),0.81751883232952
LNGS2,Laverton North,OCGT (large GT),0.81751883232952
LONSDALE,Lonsdale,Reciprocating engine,0.774403069926094
MINTARO,Mintaro GT,OCGT (small GT),0.81751883232952
MORTLK11,Mortlake,OCGT (large GT),0.81751883232952
MORTLK12,Mortlake,OCGT (large GT),0.81751883232952
MSTUART1,Mt Stuart,OCGT (small GT),0.774403069926094
MSTUART2,Mt Stuart,OCGT (small GT),0.774403069926094
MSTUART3,Mt Stuart,OCGT (small GT),0.774403069926094
NPS,Newport,CCGT - Steam Turbine,5.0
OAKEY1,Oakey Power Station,OCGT (large GT),0.81751883232952
OAKEY2,Oakey Power Station,OCGT (large GT),0.81751883232952
OsborneGT,Osborne,CCGT - Gas Turbine,1.83572890691875
OsborneST,Osborne,CCGT - Steam Turbine,1.83572890691875
PPCCGTGT1,Pelican Point,CCGT - Gas Turbine,1.83572890691875
PPCCGTGT2,Pelican Point,CCGT - Gas Turbine,1.83572890691875
PPCCGTST,Pelican Point,CCGT - Steam Turbine,1.83572890691875
POR01-1,Port Lincoln GT,OCGT (small GT),0.774403069926094
POR01-2,Port Lincoln GT,OCGT (small GT),0.774403069926094
POR01-3,Port Lincoln GT,OCGT (small GT),0.774403069926094
PTSTAN1_1,Port Stanvac 1,Reciprocating engine,0.774403069926094
PTSTAN1_2,Port Stanvac 1,Reciprocating engine,0.774403069926094
QPS1,Quarantine,OCGT (small GT),0.81751883232952
QPS2,Quarantine,OCGT (small GT),0.81751883232952
QPS3,Quarantine,OCGT (small GT),0.81751883232952
QPS4,Quarantine,OCGT (small GT),0.81751883232952
QPS5,Quarantine,OCGT (small GT),0.81751883232952
ROMA_7,Roma,OCGT (small GT),0.81751883232952
ROMA_8,Roma,OCGT (small GT),0.81751883232952
SITHE01,Smithfield Energy Facility,OCGT (small GT),0.81751883232952
SNAPPER1_1,Snapper Point Power Station,OCGT (small GT),0.81751883232952
SNAPPER1_2,Snapper Point Power Station,OCGT (small GT),0.81751883232952
SNAPPER1_3,Snapper Point Power Station,OCGT (small GT),0.81751883232952
SNAPPER1_4,Snapper Point Power Station,OCGT (small GT),0.81751883232952
SNAPPER1_5,Snapper Point Power Station,OCGT (small GT),0.81751883232952
SNUG1,Snuggery,OCGT (small GT),0.774403069926094
SNUG2,Snuggery,OCGT (small GT),0.774403069926094
SNUG3,Snuggery,OCGT (small GT),0.774403069926094
AGLSOM01,Somerton,OCGT (small GT),0.81751883232952
AGLSOM02,Somerton,OCGT (small GT),0.81751883232952
AGLSOM03,Somerton,OCGT (small GT),0.81751883232952
AGLSOM04,Somerton,OCGT (small GT),0.81751883232952
SWAN_E,Swanbank E GT,CCGT,1.83572890691875
TALWA1,Tallawarra,CCGT,1.83572890691875
Tallawarra B,Tallawarra B,OCGT (large GT),0.81751883232952
TVCC201_GT,Tamar Valley Combined Cycle,CCGT - Gas Turbine,1.83572890691875
TVCC201_ST,Tamar Valley Combined Cycle,CCGT - Steam Turbine,1.83572890691875
TVPP104,Tamar Valley Peaking,OCGT (large GT),0.81751883232952
TORRB1,Torrens Island B,CCGT - Steam Turbine,5.0
TORRB2,Torrens Island B,CCGT - Steam Turbine,5.0
TORRB3,Torrens Island B,CCGT - Steam Turbine,5.0
TORRB4,Torrens Island B,CCGT - Steam Turbine,5.0
YABULU,Townsville Power Station,CCGT - Gas Turbine,1.83572890691875
YABULU2,Townsville Power Station,CCGT - Steam Turbine,1.83572890691875
URANQ11,Uranquinty,OCGT (large GT),0.81751883232952
URANQ12,Uranquinty,OCGT (large GT),0.81751883232952
URANQ13,Uranquinty,OCGT (large GT),0.81751883232952
URANQ14,Uranquinty,OCGT (large GT),0.81751883232952
VPGS1,Valley Power,OCGT (small GT),0.81751883232952
VPGS2,Valley Power,OCGT (small GT),0.81751883232952
VPGS3,Valley Power,OCGT (small GT),0.81751883232952
VPGS4,Valley Power,OCGT (small GT),0.81751883232952
VPGS5,Valley Power,OCGT (small GT),0.81751883232952
VPGS6,Valley Power,OCGT (small GT),0.81751883232952
YARWUN_1,Yarwun Cogen,CCGT,1.83572890691875
BARRON-1,Barron Gorge,Hydro,0.652203970778324
BARRON-2,Barron Gorge,Hydro,0.652203970778324
BASTYAN,Bastyan,Hydro,0.652203970778324
BLOWERNG,Blowering,Hydro,0.652203970778324
BOGONG1,Bogong / Mackay,Hydro,0.652203970778324
BOGONG2,Bogong / Mackay,Hydro,0.652203970778324
MCKAY11,Bogong / Mackay,Hydro,0.652203970778324
MCKAY12,Bogong / Mackay,Hydro,0.652203970778324
MCKAY13,Bogong / Mackay,Hydro,0.652203970778324
MCKAY14,Bogong / Mackay,Hydro,0.652203970778324
MCKAY15,Bogong / Mackay,Hydro,0.652203970778324
MCKAY16,Bogong / Mackay,Hydro,0.652203970778324
LI111-1,Catagunya / Liapootah / Wayatinah,Hydro,0.652203970778324
LI112-2,Catagunya / Liapootah / Wayatinah,Hydro,0.652203970778324
LI113-3,Catagunya / Liapootah / Wayatinah,Hydro,0.652203970778324
CA111-1,Catagunya / Liapootah / Wayatinah,Hydro,0.652203970778324
CA112-2,Catagunya / Liapootah / Wayatinah,Hydro,0.652203970778324
WY111-1,Catagunya / Liapootah / Wayatinah,Hydro,0.652203970778324
WY111-2,Catagunya / Liapootah / Wayatinah,Hydro,0.652203970778324
WY111-3,Catagunya / Liapootah / Wayatinah,Hydro,0.652203970778324
CETHANA,Cethana,Hydro,0.652203970778324
DARTM1,Dartmouth,Hydro,0.652203970778324
DEVILS_G,Devils Gate,Hydro,0.652203970778324
EILDON1,Eildon,Hydro,0.652203970778324
EILDON2,Eildon,Hydro,0.652203970778324
FISHER,Fisher,Hydro,0.652203970778324
GO181-1,Gordon,Hydro,0.652203970778324
GO182-2,Gordon,Hydro,0.652203970778324
GO183-3,Gordon,Hydro,0.652203970778324
GUTHEGA1,Guthega,Hydro,0.652203970778324
GUTHEGA2,Guthega,Hydro,0.652203970778324
HUMENSW,Hume Dam NSW,Hydro,0.652203970778324
HUMEV,Hume Dam VIC,Hydro,0.652203970778324
JBUTTERS,John Butters,Hydro,0.652203970778324
KAREEYA1,Kareeya,Hydro,0.652203970778324
KAREEYA2,Kareeya,Hydro,0.652203970778324
KAREEYA3,Kareeya,Hydro,0.652203970778324
KAREEYA4,Kareeya,Hydro,0.652203970778324
LK_ECHO,Lake Echo,Hydro,0.652203970778324
LM111-1,Lemonthyme / Wilmot,Hydro,0.652203970778324
WI111-1,Lemonthyme / Wilmot,Hydro,0.652203970778324
MACKNTSH,Mackintosh,Hydro,0.652203970778324
MEADOWBK,Meadowbank,Hydro,0.652203970778324
MURRAY01,Murray 1,Hydro,0.652203970778324
MURRAY02,Murray 1,Hydro,0.652203970778324
MURRAY03,Murray 1,Hydro,0.652203970778324
MURRAY04,Murray 1,Hydro,0.652203970778324
MURRAY05,Murray 1,Hydro,0.652203970778324
MURRAY06,Murray 1,Hydro,0.652203970778324
MURRAY07,Murray 1,Hydro,0.652203970778324
MURRAY08,Murray 1,Hydro,0.652203970778324
MURRAY09,Murray 1,Hydro,0.652203970778324
MURRAY10,Murray 1,Hydro,0.652203970778324
MURRAY11,Murray 2,Hydro,0.652203970778324
MURRAY12,Murray 2,Hydro,0.652203970778324
MURRAY13,Murray 2,Hydro,0.652203970778324
MURRAY14,Murray 2,Hydro,0.652203970778324
PO161-1,Poatina,Hydro,0.652203970778324
PO162-2,Poatina,Hydro,0.652203970778324
PO163-3,Poatina,Hydro,0.652203970778324
PO164-4,Poatina,Hydro,0.652203970778324
PO165-5,Poatina,Hydro,0.652203970778324
PO166-6,Poatina,Hydro,0.652203970778324
REECE1,Reece,Hydro,0.652203970778324
REECE2,Reece,Hydro,0.652203970778324
SHGEN01,Shoalhaven,Pumped Hydro (48hrs storage),0.652203970778324
SHGEN02,Shoalhaven,Pumped Hydro (48hrs storage),0.652203970778324
SHGEN03,Shoalhaven,Pumped Hydro (48hrs storage),0.652203970778324
SHGEN04,Shoalhaven,Pumped Hydro (48hrs storage),0.652203970778324
TA111-1,Tarraleah,Hydro,0.652203970778324
TA111-2,Tarraleah,Hydro,0.652203970778324
TA111-3,Tarraleah,Hydro,0.652203970778324
TA112-4,Tarraleah,Hydro,0.652203970778324
TA112-5,Tarraleah,Hydro,0.652203970778324
TA112-6,Tarraleah,Hydro,0.652203970778324
TR111-1,Trevallyn,Hydro,0.652203970778324
TR111-2,Trevallyn,Hydro,0.652203970778324
TR112-3,Trevallyn,Hydro,0.652203970778324
TR112-4,Trevallyn,Hydro,0.652203970778324
TRIBUTE,Tribute,Hydro,0.652203970778324
TUMUT3_01,Tumut 3,Hydro,0.652203970778324
TUMUT3_02,Tumut 3,Hydro,0.652203970778324
TUMUT3_03,Tumut 3,Hydro,0.652203970778324
TUMUT3_04,Tumut 3,Hydro,0.652203970778324
TUMUT3_05,Tumut 3,Hydro,0.652203970778324
TUMUT3_06,Tumut 3,Hydro,0.652203970778324
TU111-1,Tungatinah,Hydro,0.652203970778324
TU112-2,Tungatinah,Hydro,0.652203970778324
TU113-3,Tungatinah,Hydro,0.652203970778324
TU114-4,Tungatinah,Hydro,0.652203970778324
TU115-5,Tungatinah,Hydro,0.652203970778324
TUMUT1_01,Upper Tumut,Hydro,0.652203970778324
TUMUT1_02,Upper Tumut,Hydro,0.652203970778324
TUMUT1_03,Upper Tumut,Hydro,0.652203970778324
TUMUT1_04,Upper Tumut,Hydro,0.652203970778324
TUMUT2_01,Upper Tumut,Hydro,0.652203970778324
TUMUT2_02,Upper Tumut,Hydro,0.652203970778324
TUMUT2_03,Upper Tumut,Hydro,0.652203970778324
TUMUT2_04,Upper Tumut,Hydro,0.652203970778324
WKIEWA1_1,West Kiewa,Hydro,0.652203970778324
WKIEWA1_2,West Kiewa,Hydro,0.652203970778324
WKIEWA2_1,West Kiewa,Hydro,0.652203970778324
WKIEWA2_2,West Kiewa,Hydro,0.652203970778324
W/HOE#1,Wivenhoe,Pumped Hydro (10hrs storage),0.652203970778324
W/HOE#2,Wivenhoe,Pumped Hydro (10hrs storage),0.652203970778324
BANN1,Bannerton Solar Park,Large scale Solar PV,0.374418604651162
BERYLSF1,Beryl Solar Farm,Large scale Solar PV,0.374418604651162
BOWWPV1,Bolivar Waste Water Treatment Solar Farm,Large scale Solar PV,0.374418604651162
BOMENSF1,Bomen Solar Farm,Large scale Solar PV,0.374418604651162
BROKENH1,Broken Hill Solar Farm,Large scale Solar PV,0.374418604651162
BNGSF1,Bungala One Solar Farm,Large scale Solar PV,0.374418604651162
BNGSF2,Bungala Two Solar Farm,Large scale Solar PV,0.374418604651162
CHILDSF1,Childers Solar Farm,Large scale Solar PV,0.374418604651162
CLARESF1,Clare Solar Farm,Large scale Solar PV,0.374418604651162
CLERMSF1,Clermont Solar Farm,Large scale Solar PV,0.374418604651162
COLEASF1,Coleambally Solar Farm,Large scale Solar PV,0.374418604651162
CSPVPS1,Collinsville Solar Farm,Large scale Solar PV,0.374418604651162
DDSF1,Darling Downs Solar Farm,Large scale Solar PV,0.374418604651162
DARLSF1,Darlington Point Solar Farm,Large scale Solar PV,0.374418604651162
DAYDSF1,Daydream Solar Farm,Large scale Solar PV,0.374418604651162
EMERASF1,Emerald Solar Farm,Large scale Solar PV,0.374418604651162
FINLYSF1,Finley Solar Farm,Large scale Solar PV,0.374418604651162
GANNSF1,Gannawarra Solar Farm,Large scale Solar PV,0.374418604651162
GLENSF1,Glenrowan Solar Farm,Large scale Solar PV,0.374418604651162
GLRWNSF1,Glenrowan West Solar Farm,Large scale Solar PV,0.374418604651162
GOONSF1,Goonumbla Solar Farm,Large scale Solar PV,0.374418604651162
GULLRSF1,Gullen Range Solar Farm,Large scale Solar PV,0.374418604651162
GNNDHSF1,Gunnedah Solar Farm,Large scale Solar PV,0.374418604651162
HAMISF1,Hamilton Solar Farm,Large scale Solar PV,0.374418604651162
HVWWPV1,Happy Valley Reservoir,Large scale Solar PV,0.374418604651162
HAUGHT11,Haughton Solar Farm,Large scale Solar PV,0.374418604651162
HAYMSF1,Hayman Solar Farm,Large scale Solar PV,0.374418604651162
HILLSTN1,Hillston Sun Farm,Large scale Solar PV,0.374418604651162
HUGSF1,Hughenden Solar Farm,Large scale Solar PV,0.374418604651162
JEMALNG1,Jemalong Solar,Large scale Solar PV,0.374418604651162
JUNEESF1,Junee Solar Farm,Large scale Solar PV,0.374418604651162
KARSF1,Karadoc Solar Farm,Large scale Solar PV,0.374418604651162
KIAMSF1,Kiamal Solar Farm stage 1,Large scale Solar PV,0.374418604651162
KSP1,Kidston Solar Farm,Large scale Solar PV,0.374418604651162
LILYSF1,Lilyvale Solar Farm,Large scale Solar PV,0.374418604651162
LIMOSF11,Limondale Solar Farm 1,Large scale Solar PV,0.374418604651162
LIMOSF21,Limondale Solar Farm 2,Large scale Solar PV,0.374418604651162
LRSF1,Longreach Solar Farm,Large scale Solar PV,0.374418604651162
MANSLR1,Manildra Solar Farm,Large scale Solar PV,0.374418604651162
MAPS2PV1,Mannum Adelaide Pumping Station No 2 - MAPL2 (Palmer),Large scale Solar PV,0.374418604651162
MAPS3PV1,Mannum Adelaide Pumping Station No 3 - MAPL3 (Tungkillo),Large scale Solar PV,0.374418604651162
MARYRSF1,Maryrorough Solar Farm,Large scale Solar PV,0.374418604651162
MIDDLSF1,Middlemount Solar Farm,Large scale Solar PV,0.374418604651162
MOLNGSF1,Molong Solar Farm,Large scale Solar PV,0.374418604651162
MOREESF1,Moree Solar Farm,Large scale Solar PV,0.374418604651162
MWPS1PV1,Morgan To Whyalla Pipeline No 1 PS And Water Filtration Plant,Large scale Solar PV,0.374418604651162
MWPS2PV1,Morgan To Whyalla Pipeline No 2 PS,Large scale Solar PV,0.374418604651162
MWPS3PV1,Morgan To Whyalla Pipeline No 3 PS,Large scale Solar PV,0.374418604651162
MWPS4PV1,Morgan To Whyalla Pipeline No 4 PS,Large scale Solar PV,0.374418604651162
MOUSF1,Moura Solar Farm,Large scale Solar PV,0.374418604651162
MBPS2PV1,Murray Bridge - Onkaparinga Pipeline Pump 2,Large scale Solar PV,0.374418604651162
NEVERSF1,Nevertire Solar Farm,Large scale Solar PV,0.374418604651162
NEWENSF1,New England Solar Farm,Large scale Solar PV,0.374418604651162
NEWENSF2,New England Solar Farm,Large scale Solar PV,0.374418604651162
NUMURSF1,Numurkah Solar Farm,Large scale Solar PV,0.374418604651162
NYNGAN1,Nyngan Solar Plant,Large scale Solar PV,0.374418604651162
OAKEY1SF,Oakey 1 Solar Farm,Large scale Solar PV,0.374418604651162
OAKEY2SF,Oakey 2 Solar Farm,Large scale Solar PV,0.374418604651162
PARSF1,Parkes Solar Farm,Large scale Solar PV,0.374418604651162
PAREPS1,Port Augusta Renewable Energy Park - Solar,Large scale Solar PV,0.374418604651162
RRSF1,Ross River Solar Farm,Large scale Solar PV,0.374418604651162
RUGBYR1,Rugby Run Solar Farm,Large scale Solar PV,0.374418604651162
SMCSF1,Sun Metals Corporation Solar Farm,Large scale Solar PV,0.374418604651162
SUNRSF1,Sunraysia Solar Farm,Large scale Solar PV,0.374418604651162
SUNTPSF1,Suntop Solar Farm,Large scale Solar PV,0.374418604651162
SRSF1,Susan River Solar Farm,Large scale Solar PV,0.374418604651162
TBSF1,Tailem Bend Solar Farm,Large scale Solar PV,0.374418604651162
WARWSF1,Warwick Solar Farm - stage 1,Large scale Solar PV,0.374418604651162
WARWSF2,Warwick Solar Farm - stage 2,Large scale Solar PV,0.374418604651162
WELLSF1,Wellington Solar Farm,Large scale Solar PV,0.374418604651162
WEMENSF1,Wemen Solar Farm,Large scale Solar PV,0.374418604651162
WSTWYSF1,West Wyalong Solar Farm,Large scale Solar PV,0.374418604651162
WDGPH1,Western Downs Green Power Hub,Large scale Solar PV,0.374418604651162
WRSF1,White Rock Solar Farm,Large scale Solar PV,0.374418604651162
WHITSF1,Whitsunday Solar Farm,Large scale Solar PV,0.374418604651162
WINTSF1,Winton Solar Farm,Large scale Solar PV,0.374418604651162
WOOLGSF1,Woolooga Solar Farm,Large scale Solar PV,0.374418604651162
YARANSF1,Yarranlea Solar Farm,Large scale Solar PV,0.374418604651162
YATSF1,Yatpool Solar Farm,Large scale Solar PV,0.374418604651162
ARWF1,Ararat Wind Farm,Wind,0.891469561845676
BALDHWF1,Bald Hills Wind Farm,Wind,0.891469561845676
BANGOWF1,Bango 973 Wind Farm,Wind,0.891469561845676
BANGOWF2,Bango 999 Wind Farm,Wind,0.891469561845676
BRYB1WF1,Berrybank Wind Farm,Wind,0.891469561845676
BRYB2WF2,Berrybank Wind Farm,Wind,0.891469561845676
BOCORWF1,Boco Rock Wind Farm,Wind,0.891469561845676
BODWF1,Bodangora Wind Farm,Wind,0.891469561845676
BULGANA1,Bulgana Green Power Hub - Wind Farm,Wind,0.891469561845676
CNUNDAWF,Canunda Wind Farm,Wind,0.891469561845676
CAPTL_WF,Capital Wind Farm,Wind,0.891469561845676
CATHROCK,Cathedral Rocks Wind Farm,Wind,0.891469561845676
CTHLWF1,Cattle Hill Wind Farm,Wind,0.891469561845676
CHALLHWF,Challicum Hills Wind Farm,Wind,0.891469561845676
CHYTWF1,Cherry Tree Wind Farm,Wind,0.891469561845676
CLEMGPWF,Clements Gap Wind Farm,Wind,0.891469561845676
COLWF01,Collector Wind Farm,Wind,0.891469561845676
COOPGWF1,Coopers Gap Wind Farm,Wind,0.891469561845676
CROOKWF2,Crookwell 2 Wind Farm,Wind,0.891469561845676
CROWLWF1,Crowlands Wind Farm,Wind,0.891469561845676
CRURWF1,Crudine Ridge Wind Farm,Wind,0.891469561845676
CULLRGWF,Cullerin Range Wind Farm,Wind,0.891469561845676
DULAWF1,Dulacca Wind Farm,Wind,0.891469561845676
DUNDWF1,Dundonnell Wind Farm,Wind,0.891469561845676
DUNDWF2,Dundonnell Wind Farm,Wind,0.891469561845676
DUNDWF3,Dundonnell Wind Farm,Wind,0.891469561845676
ELAINWF1,Elaine Wind Farm,Wind,0.891469561845676
GRANWF1,Granville Harbour Wind Farm,Wind,0.891469561845676
GULLRWF1,Gullen Range Wind Farm,Wind,0.891469561845676
GULLRWF2,Gullen Range Wind Farm 2,Wind,0.891469561845676
GUNNING1,Gunning Wind Farm,Wind,0.891469561845676
NBHWF1,Hallett 4 North Brown Hill Wind Farm,Wind,0.891469561845676
BLUFF1,Hallett 5 The Bluff Wind Farm,Wind,0.891469561845676
HALLWF1,Hallett Stage 1 Brown Hill Wind Farm,Wind,0.891469561845676
HALLWF2,Hallett Stage 2 Hallett Hill Wind Farm,Wind,0.891469561845676
HDWF1,Hornsdale Wind Farm Stage 1,Wind,0.891469561845676
HDWF2,Hornsdale Wind Farm Stage 2,Wind,0.891469561845676
HDWF3,Hornsdale Wind Farm Stage 3,Wind,0.891469561845676
KIATAWF1,Kiata Wind Farm,Wind,0.891469561845676
LKBONNY1,Lake Bonney 1 Wind Farm,Wind,0.891469561845676
LKBONNY2,Lake Bonney 2 Wind Farm,Wind,0.891469561845676
LKBONNY3,Lake Bonney 3 Wind Farm,Wind,0.891469561845676
LGAPWF1,Lincoln Gap Wind Farm - stage 1,Wind,0.891469561845676
LGAPWF2,Lincoln Gap Wind Farm - stage 2,Wind,0.891469561845676
MACARTH1,Macarthur Wind Farm,Wind,0.891469561845676
MOORAWF1,Moorabool Wind Farm,Wind,0.891469561845676
MRTLSWF1,Mortlake South Wind Farm,Wind,0.891469561845676
MLWF1,Mortons Lane Wind Farm,Wind,0.891469561845676
MEWF1,Mount Emerald Wind Farm,Wind,0.891469561845676
MTMILLAR,Mount Millar Wind Farm,Wind,0.891469561845676
MERCER01,Mt Mercer Wind Farm,Wind,0.891469561845676
MUWAWF1,Murra Warra Wind Farm - stage 1,Wind,0.891469561845676
MUWAWF2,Murra Warra Wind Farm - stage 2,Wind,0.891469561845676
MUSSELR1,Musselroe Wind Farm,Wind,0.891469561845676
OAKLAND1,Oaklands Hill Wind Farm,Wind,0.891469561845676
PAREPW1,Port Augusta Renewable Energy Park - Wind,Wind,0.891469561845676
PORTWF,Portland Wind Farm,Wind,0.891469561845676
SALTCRK1,Salt Creek Wind Farm,Wind,0.891469561845676
SAPHWF1,Sapphire Wind Farm,Wind,0.891469561845676
STWF1,Silverton Wind Farm,Wind,0.891469561845676
SNOWNTH1,Snowtown S2 Wind Farm,Wind,0.891469561845676
SNOWSTH1,Snowtown S2 Wind Farm,Wind,0.891469561845676
SNOWTWN1,Snowtown Wind Farm,Wind,0.891469561845676
STARHLWF,Starfish Hill Wind Farm,Wind,0.891469561845676
STOCKYD1,Stockyard Hill Wind Farm,Wind,0.891469561845676
TARALGA1,Taralga Wind Farm,Wind,0.891469561845676
WATERLWF,Waterloo Wind Farm,Wind,0.891469561845676
WPWF,Wattle Point Wind Farm,Wind,0.891469561845676
WAUBRAWF,Waubra Wind Farm,Wind,0.891469561845676
WRWF1,White Rock Wind Farm - Stage 1,Wind,0.891469561845676
WGWF1,Willogoleche Wind Farm,Wind,0.891469561845676
WOODLWN1,Woodlawn Wind Farm,Wind,0.891469561845676
WOOLNTH1,Woolnorth Wind Farm,Wind,0.891469561845676
YSWF1,Yaloak South Wind Farm,Wind,0.891469561845676
YAMBUKWF,Yambuk Wind Farm,Wind,0.891469561845676
YENDWF1,Yendon Wind Farm,Wind,0.891469561845676
Tully Sugar Mill Biomass,Tully Sugar Mill Biomass,Biomass,5.0
HUNTER1,Hunter Power Station,OCGT (large GT),0.81751883232952
HUNTER2,Hunter Power Station,OCGT (large GT),0.81751883232952
Kidston Pumped Storage Hydro 1,Kidston,Pumped Hydro (10hrs storage),0.539643060565787
Kidston Pumped Storage Hydro 2,Kidston,Pumped Hydro (10hrs storage),0.539643060565787
SNO2PH01,Snowy 2.0,Pumped Hydro (1wk storage),0.539643060565787
SNO2PH02,Snowy 2.0,Pumped Hydro (1wk storage),0.539643060565787
SNO2PH03,Snowy 2.0,Pumped Hydro (1wk storage),0.539643060565787
SNO2PH04,Snowy 2.0,Pumped Hydro (1wk storage),0.539643060565787
SNO2PH05,Snowy 2.0,Pumped Hydro (1wk storage),0.539643060565787
SNO2PH06,Snowy 2.0,Pumped Hydro (1wk storage),0.539643060565787
ADPPV1,Adelaide Desalination Plant Solar Farm,Large scale Solar PV,0.374418604651162
AVLSF1,Avonlie Solar Farm,Large scale Solar PV,0.374418604651162
BLUEGSF1,Bluegrass Solar Farm,Large scale Solar PV,0.374418604651162
Broadsound Solar Farm,Broadsound Solar Farm,Large scale Solar PV,0.374418604651162
Bundaberg Solar Farm,Bundaberg Solar Farm,Large scale Solar PV,0.374418604651162
COHUNSF1,Cohuna Solar Farm,Large scale Solar PV,0.374418604651162
COLUMSF1,Columboola Solar Farm,Large scale Solar PV,0.374418604651162
CRWASF1,Corowa Solar Farm,Large scale Solar PV,0.374418604651162
Culcairn Solar Farm,Culcairn Solar Farm,Large scale Solar PV,0.374418604651162
EDENVSF1,Edenvale Solar Park,Large scale Solar PV,0.374418604651162
GANGARR1,Gangarri Solar Farm,Large scale Solar PV,0.374418604651162
GIRGSF,Girgarre Solar Farm,Large scale Solar PV,0.374418604651162
Goorambat East Solar Farm,Goorambat East Solar Farm,Large scale Solar PV,0.374418604651162
KEPSF1,Kennedy Energy Park Solar Farm,Large scale Solar PV,0.374418604651162
KINGASF1,Kingaroy Solar Farm,Large scale Solar PV,0.374418604651162
Lockhart Hybrid Facility - Solar,Lockhart Hybrid Facility - Solar,Large scale Solar PV,0.374418604651162
MANSF2,Mannum Solar Farm 2,Large scale Solar PV,0.374418604651162
METZSF1,Metz Solar Farm,Large scale Solar PV,0.374418604651162
QPSF,Quorn Park Solar Farm,Large scale Solar PV,0.374418604651162
SEBSF1,Sebastopol Solar Farm,Large scale Solar PV,0.374418604651162
Stubbo Solar Farm,Stubbo Solar Farm,Large scale Solar PV,0.374418604651162
TB2SF1,Tailem Bend Solar Farm - stage 2,Large scale Solar PV,0.374418604651162
Tilbuster Solar Farm,Tilbuster Solar Farm,Large scale Solar PV,0.374418604651162
WAGGNSF1,Wagga North Solar Farm,Large scale Solar PV,0.374418604651162
WLWLSF1,Walla Walla Solar Farm,Large scale Solar PV,0.374418604651162
WLWLSF2,Walla Walla Solar Farm,Large scale Solar PV,0.374418604651162
WANDSF1,Wandoan South Solar Farm - stage 1,Large scale Solar PV,0.374418604651162
WELNSF1,Wellington North Solar Farm (Lightsource),Large scale Solar PV,0.374418604651162
WOLARSF1,Wollar Solar Farm,Large scale Solar PV,0.374418604651162
WUNUSF1,Wunghnu Solar Farm,Large scale Solar PV,0.374418604651162
WYASF1,Wyalong Solar Farm,Large scale Solar PV,0.374418604651162
CLRKCWF1,Clarke Creek Wind Farm,Wind,0.891469561845676
CLRKCWF2,Clarke Creek Wind Farm,Wind,0.891469561845676
CROOKWF3,Crookwell 3 Wind Farm,Wind,0.891469561845676
FLYCRKWF,Flyers Creek Wind Farm,Wind,0.891469561845676
GPWFEST1,Golden Plains Wind Farm East,Wind,0.891469561845676
GPWFEST2,Golden Plains Wind Farm East,Wind,0.891469561845676
GPWFEST3,Golden Plains Wind Farm East,Wind,0.891469561845676
GSWF1A,Goyder South Wind Farm 1A,Wind,0.891469561845676
GSWF1B,Goyder South Wind Farm 1B,Wind,0.891469561845676
HD1WF1,Hawkesdale Wind Farm,Wind,0.891469561845676
KABANWF1,Kaban Green Power Hub - Wind Farm,Wind,0.891469561845676
KEPWF1,Kennedy Energy Park Wind Farm,Wind,0.891469561845676
MacIntyre Wind Farm,MacIntyre Wind Farm,Wind,0.891469561845676
MTGELWF1,Mt Gellibrand Wind Farm,Wind,0.891469561845676
RYANCWF1,Ryan Corner Wind Farm,Wind,0.891469561845676
Rye Park Wind Farm,Rye Park Wind Farm,Wind,0.891469561845676
Wambo Wind Farm,Wambo Wind Farm,Wind,0.891469561845676
Aldoga Solar Farm,Aldoga Solar Farm,Large scale Solar PV,0.374418604651162
Aramara Solar Farm,Aramara Solar Farm,Large scale Solar PV,0.374418604651162
Banksia Solar Farm,Banksia Solar Farm,Large scale Solar PV,0.374418604651162
Derby Solar Farm,Derby Solar Farm,Large scale Solar PV,0.374418604651162
Frasers Solar Farm,Frasers Solar Farm,Large scale Solar PV,0.374418604651162
Goulburn River Solar Farm,Goulburn River Solar Farm,Large scale Solar PV,0.374418604651162
Horsham Solar Farm,Horsham Solar Farm,Large scale Solar PV,0.374418604651162
Maryvale Solar Farm,Maryvale Solar Farm,Large scale Solar PV,0.374418604651162
Mortlake Energy Hub Solar Farm,Mortlake Energy Hub Solar Farm,Large scale Solar PV,0.374418604651162
Munna Creek Solar Farm,Munna Creek Solar Farm,Large scale Solar PV,0.374418604651162
New England Solar Farm 2,New England Solar Farm - Stage 2,Large scale Solar PV,0.374418604651162
Punch's Creek Renewable Energy Solar Farm,Punch's Creek Renewable Energy Solar Farm,Large scale Solar PV,0.374418604651162
GBWF1,Gawara Baya Wind Farm,Wind,0.891469561845676
Uungula Wind Farm,Uungula Wind Farm,Wind,0.891469561845676
Woolsthorpe Wind Farm,Woolsthorpe Wind Farm,Wind,0.891469561845676
BALB1,Ballarat Energy Storage System,Battery storage (1hr storage),1.75343800990467
BOWWBA1,Bolivar Waste Water Treatment BESS,Battery storage (2hrs storage),1.75343800990467
BBATTERY,Bouldercombe Battery project,Battery storage (2hrs storage),1.75343800990467
BULBES1,Bulgana Green Power Hub BESS,Battery storage (2hrs storage),1.75343800990467
DALNTH1,Dalrymple BESS,Battery storage (1hr storage),1.75343800990467
DPNTB1,Darlington Point Energy Storage System,Battery storage (2hrs storage),1.75343800990467
GANNB1,Gannawarra Energy Storage System,Battery storage (2hrs storage),1.75343800990467
HVWWBA1,Happy Valley Reservoir BESS,Battery storage (2hrs storage),1.75343800990467
HPR1,Hornsdale Power Reserve Unit 1,Battery storage (1hr storage),1.75343800990467
LBBG1,Lake Bonney BESS,Battery storage (2hrs storage),1.75343800990467
PIBESS1,Philip Island BESS,Battery storage (2hrs storage),1.75343800990467
QBYNB1,Queanbeyan BESS,Battery storage (2hrs storage),1.75343800990467
RANGEB1,Rangebank BESS,Battery storage (2hrs storage),1.75343800990467
RESS1G,Riverina Energy Storage System 1,Battery storage (2hrs storage),1.75343800990467
RIVNB2,Riverina Energy Storage System 2,Battery storage (2hrs storage),1.75343800990467
VBB1,Victorian Big Battery,Battery storage (2hrs storage),1.75343800990467
WALGRV1,Wallgrove Grid Battery project,Battery storage (2hrs storage),1.75343800990467
WANDB1,Wandoan South BESS,Battery storage (2hrs storage),1.75343800990467
ADPBA1,Adelaide Desalination Plant BESS,Battery storage (2hrs storage),1.75343800990467
BLYTHB1,Blyth BESS,Battery storage (2hrs storage),1.75343800990467
BHBG1,Broken Hill BESS,Battery storage (1hr storage),1.75343800990467
CAPBES1,Capital Battery,Battery storage (2hrs storage),1.75343800990467
CHBESSG1,Chinchilla BESS,Battery storage (2hrs storage),1.75343800990467
CBWWBA1,Christies Beach Wastewater Treatment Plant BESS,Battery storage (2hrs storage),1.75343800990467
Clements Gap BESS,Clements Gap BESS,Battery storage (2hrs storage),1.75343800990467
Eraring Big Battery,Eraring Big Battery,Battery storage (2hrs storage),1.75343800990467
GREENB1,Greenbank BESS,Battery storage (2hrs storage),1.75343800990467
HBESS1,Hazelwood BESS,Battery storage (1hr storage),1.75343800990467
Koorangie Energy Storage System,Koorangie Energy Storage System,Battery storage (2hrs storage),1.75343800990467
LaTrobe Valley BESS,LaTrobe Valley BESS,Battery storage (2hrs storage),1.75343800990467
Liddell BESS,Liddell BESS,Battery storage (2hrs storage),1.75343800990467
Lockhart Hybrid Facility - Battery,Lockhart Hybrid Facility - Battery,Battery storage (2hrs storage),1.75343800990467
Melbourne Renewable Energy Hub - Side A,Melbourne Renewable Energy Hub - Side A,Battery storage (2hrs storage),1.75343800990467
QPBESS,Quorn Park BESS,Battery storage (2hrs storage),1.75343800990467
TB2BG1,Tailem Bend Battery Project,Battery storage (2hrs storage),1.75343800990467
Tarong BESS,Tarong BESS,Battery storage (2hrs storage),1.75343800990467
Templers BESS,Templers BESS,Battery storage (2hrs storage),1.75343800990467
TIB1,Torrens Island BESS,Battery storage (1hr storage),1.75343800990467
ULBESS,Ulinda Park BESS,Battery storage (2hrs storage),1.75343800990467
WTAHB1,Waratah Super Battery,Battery storage (2hrs storage),1.75343800990467
WDBESS1,Western Downs Battery,Battery storage (2hrs storage),1.75343800990467
Aldoga BESS Stage 1,Aldoga BESS Stage 1,Battery storage (1hr storage),1.75343800990467
Brendale BESS,Brendale BESS,Battery storage (2hrs storage),1.75343800990467
Bungama Solar BESS,Bungama Solar BESS,Battery storage (2hrs storage),1.75343800990467
Eraring Big Battery 2,Eraring Big Battery 2,Battery storage (4hrs storage),1.75343800990467
GBBATT1,Gawara Baya Wind Farm BESS,Battery storage (2hrs storage),1.75343800990467
Gnarwarre BESS,Gnarwarre BESS,Battery storage (2hrs storage),1.75343800990467
Limondale BESS,Limondale BESS,Battery storage (8hrs storage),1.75343800990467
LGAPBS1,Lincoln Gap Wind Farm BESS,Battery storage (1hr storage),1.75343800990467
Mannum BESS,Mannum BESS,Battery storage (2hrs storage),1.75343800990467
Maryvale Solar Farm BESS,Maryvale Solar Farm BESS,Battery storage (2hrs storage),1.75343800990467
Mortlake Battery,Mortlake Battery,Battery storage (2hrs storage),1.75343800990467
Mortlake Energy Hub BESS,Mortlake Energy Hub BESS,Battery storage (4hrs storage),1.75343800990467
Mt Fox BESS,Mt Fox BESS,Battery storage (2hrs storage),1.75343800990467
New England Solar Farm BESS,New England Solar Farm BESS,Battery storage (2hrs storage),1.75343800990467
ORANA,Orana BESS,Battery storage (4hrs storage),1.75343800990467
Richmond Valley BESS,Richmond Valley BESS,Battery storage (8hrs storage),1.75343800990467
Silver City Energy Storage,Silver City Energy Storage,Battery storage (8hrs storage),1.75343800990467
Smithfield BESS,Smithfield BESS,Battery storage (2hrs storage),1.75343800990467
Stanwell BESS,Stanwell BESS,Battery storage (4hrs storage),1.75343800990467
Swanbank BESS,Swanbank BESS,Battery storage (2hrs storage),1.75343800990467
TRGBESS,Terang BESS,Battery storage (2hrs storage),1.75343800990467
Wooreen Energy Storage System,Wooreen Energy Storage System,Battery storage (4hrs storage),1.75343800990467
Kogan Gas,Brigalow GT,OCGT (large GT),0.81751883232952
Fulham Solar Farm,Fulham Solar Farm,Large scale Solar PV,0.374418604651162
Solar River Solar Farm,Solar River Solar Farm,Large scale Solar PV,0.374418604651162
Coppabella Wind Farm,Coppabella Wind Farm,Wind,0.891469561845676
Derby Solar Project BESS,Derby Solar Project BESS,Battery storage (1hr storage),1.75343800990467
Fulham Solar Farm BESS,Fulham Solar Farm BESS,Battery storage (2hrs storage),1.75343800990467
Goulburn River BESS,Goulburn River BESS,Battery storage (4hrs storage),1.75343800990467
Hallett BESS,Hallett BESS,Battery storage (4hrs storage),1.75343800990467
Horsham Solar Farm BESS,Horsham Solar Farm BESS,Battery storage (2hrs storage),1.75343800990467
Limestone Coast West BESS,Limestone Coast West BESS,Battery storage (2hrs storage),1.75343800990467
Solar River Solar Farm BESS,Solar River Solar Farm BESS,Battery storage (4hrs storage),1.75343800990467
Springvale Energy Hub BESS,Springvale Energy Hub BESS,Battery storage (2hrs storage),1.75343800990467
Mornington BESS,Mornington BESS,Battery storage (2hrs storage),1.75343800990467
Tamworth BESS,Tamworth BESS,Battery storage (1hr storage),1.75343800990467
Tamworth BESS 2,Tamworth BESS,Battery storage (2hrs storage),1.75343800990467
Borumba Pumped Hydro,Borumba Pumped Hydro,Pumped Hydro (24hrs storage),0.539643060565787
Broadsound BESS,Broadsound BESS,Battery storage (2hrs storage),1.75343800990467
Calala BESS 1,Calala BESS 1,Battery storage (2hrs storage),1.75343800990467
Calala BESS 2,Calala BESS 2,Battery storage (2hrs storage),1.75343800990467
Glanmire Solar Farm BESS,Glanmire Solar Farm BESS,Battery storage (2hrs storage),1.75343800990467
Bullyard Solar Farm,Bullyard Solar Farm,Large scale Solar PV,0.374418604651162
Glanmire Solar Farm,Glanmire Solar Farm,Large scale Solar PV,0.374418604651162
Ravenswood Solar Farm,Ravenswood Solar Farm,Large scale Solar PV,0.374418604651162
Lockyer Valley GT,Lockyer Valley GT,OCGT (small GT),0.81751883232952
Boulder Creek Wind Farm,Boulder Creek Wind Farm,Wind,0.891469561845676
Inverleigh Wind Farm,Inverleigh Wind Farm,Wind,0.891469561845676
Port Latta Wind Farm,Port Latta Wind Farm,Wind,0.891469561845676
Valley of the Winds Wind Farm,Valley of the Winds,Wind,0.891469561845676
Woolooga BESS,Woolooga BESS,Battery storage (2hrs storage),1.75343800990467
Supernode BESS 1,Supernode BESS 1,Battery storage (4hrs storage),1.75343800990467
Supernode BESS 2,Supernode BESS 2,Battery storage (4hrs storage),1.75343800990467
Golden Plains West Wind Farm,Golden Plains West Wind Farm,Wind,0.891469561845676
Lotus Creek Wind Farm,Lotus Creek Wind Farm,Wind,0.891469561845676
Barnawartha Solar Farm BESS,Barnawartha Solar Farm BESS,Battery storage (2hrs storage),1.75343800990467
Barwon Solar Farm BESS,Barwon Solar Farm BESS,Battery storage (2hrs storage),1.75343800990467
Bungama BESS,Bungama BESS,Battery storage (2hrs storage),1.75343800990467
Elaine Solar Farm BESS,Elaine Solar Farm BESS,Battery storage (2hrs storage),1.75343800990467
Ganymirra Solar Power Station BESS,Ganymirra Solar Power Station BESS,Battery storage (4hrs storage),1.75343800990467
Junction Rivers Wind Farm BESS,Junction Rivers Wind Farm BESS,Battery storage (4hrs storage),1.75343800990467
Majors Creek Solar Power Station BESS,Majors Creek Power Station BESS,Battery storage (4hrs storage),1.75343800990467
West Mokoan Solar Farm BESS,West Mokoan Solar Farm BESS,Battery storage (4hrs storage),1.75343800990467
Griffith BESS,Griffith BESS,Battery storage (8hrs storage),1.75343800990467
Stoney Creek BESS,Stoney Creek BESS,Battery storage (8hrs storage),1.75343800990467
Barnawartha Solar Farm,Barnawartha Solar Farm,Large scale Solar PV,0.374418604651162
Barwon Solar Farm,Barwon Solar Farm,Large scale Solar PV,0.374418604651162
Campbells Forest Solar Farm,Campbells Forest Solar Farm,Large scale Solar PV,0.374418604651162
Elaine Solar Farm,Elaine Solar Farm,Large scale Solar PV,0.374418604651162
Ganymirra Solar Power Station,Ganymirra Solar Power Station,Large scale Solar PV,0.374418604651162
Hopeland Solar Farm,Hopeland Solar Farm,Large scale Solar PV,0.374418604651162
Majors Creek Solar Power Station,Majors Creek Power Station,Large scale Solar PV,0.374418604651162
Sandy Creek Solar Farm,Sandy Creek Solar Farm,Large scale Solar PV,0.374418604651162
West Mokoan Solar Farm,West Mokoan Solar Farm,Large scale Solar PV,0.374418604651162
Phoenix Pumped Hydro Project,Phoenix Pumped Hydro Project,Pumped Hydro (10hrs storage),0.539643060565787
Goyder North Wind Farm 1,Goyder North Wind Farm 1,Wind,0.891469561845676
Junction Rivers Wind Farm,Junction Rivers Wind Farm,Wind,0.891469561845676
Kentbruck Green Power Hub Wind Farm,Kentbruck Green Power Hub Wind Farm,Wind,0.891469561845676
Palmer Wind Farm,Palmer Wind Farm,Wind,0.891469561845676
Spicers Creek Wind Farm,Spicers Creek Wind Farm,Wind,0.891469561845676
Thunderbolt Wind Farm,Thunderbolt Wind Farm,Wind,0.891469561845676
Haughton Solar Farm Stage 2,Haughton Solar Farm Stage 2,Large scale Solar PV,0.374418604651162
Lancaster Solar Farm,Lancaster Solar Farm,Large scale Solar PV,0.374418604651162
Bennetts Creek BESS,Bennetts Creek BESS,Battery storage (2hrs storage),1.75343800990467
Northern Midlands Solar Farm,Northern Midlands Solar Farm,Large scale Solar PV,0.374418604651162
Hay Sun Farm,Hay Sun Farm,Large scale Solar PV,0.374418604651162
MOKOSF1,Mokoan Solar Farm,Large scale Solar PV,0.374418604651162
Kiamal BESS,Kiamal BESS,Battery storage (4hrs storage),1.75343800990467
Pine Lodge BESS,Pine Lodge BESS,Battery storage (2hrs storage),1.75343800990467
Dubbo GT,Dubbo Firming Power Station,OCGT (small GT),0.81751883232952
Axedale Solar Farm,Axedale Solar Farm,Large scale Solar PV,0.374418604651162
Bendemeer Energy Hub Solar Farm,Bendemeer Energy Hub Solar Farm,Large scale Solar PV,0.374418604651162
Blind Creek Solar Farm,Blind Creek Solar Farm,Large scale Solar PV,0.374418604651162
Bundey Solar Farm,Bundey Solar Farm,Large scale Solar PV,0.374418604651162
Corop Solar Farm,Corop Solar Farm,Large scale Solar PV,0.374418604651162
Dunedoo Solar Farm,Dunedoo Solar Farm,Large scale Solar PV,0.374418604651162
Fosterville Solar Farm,Fosterville Solar Farm,Large scale Solar PV,0.374418604651162
Fraser Coast Hybrid Solar Farm,Fraser Coast Hybrid Solar Farm,Large scale Solar PV,0.374418604651162
GUSF1,Gunsynd Solar Farm,Large scale Solar PV,0.374418604651162
Guthries Gap Solar Power Station,Guthries Gap Solar Power Station,Large scale Solar PV,0.374418604651162
Kerang Solar Plant,Kerang Solar Plant,Large scale Solar PV,0.374418604651162
Lower Wonga Solar Farm,Lower Wonga Solar Farm,Large scale Solar PV,0.374418604651162
Marulan Solar Farm,Marulan Solar Farm,Large scale Solar PV,0.374418604651162
Merino Solar Farm,Merino Solar Farm,Large scale Solar PV,0.374418604651162
Middlebrook Solar Farm,Middlebrook Solar Farm,Large scale Solar PV,0.374418604651162
Moama Solar Farm,Moama Solar Farm,Large scale Solar PV,0.374418604651162
Mulwala Solar Farm,Mulwala Solar Farm,Large scale Solar PV,0.374418604651162
Nowingi Solar Power Station,Nowingi Solar Power Station,Large scale Solar PV,0.374418604651162
Smoky Creek Solar Power Station,Smoky Creek Solar Power Station,Large scale Solar PV,0.374418604651162
Wandoan South Solar Farm - Stage 2,Wandoan South Solar Farm - Stage 2,Large scale Solar PV,0.374418604651162
Winton North Solar Farm,Winton North Solar Farm,Large scale Solar PV,0.374418604651162
Bell Bay Wind Farm,Bell Bay Wind Farm,Wind,0.891469561845676
Carmodys Hill Wind Farm,Carmodys Hill Wind Farm,Wind,0.891469561845676
Goyder North Wind Farm 2,Goyder North Wind Farm 2,Wind,0.891469561845676
Hexham Wind Farm,Hexham Wind Farm,Wind,0.891469561845676
Willogoleche Wind Farm 2,Willogoleche Wind Farm 2,Wind,0.891469561845676
Armidale East BESS,Armidale East BESS,Battery storage (4hrs storage),1.75343800990467
Axedale Solar Farm BESS,Axedale Solar Farm BESS,Battery storage (2hrs storage),1.75343800990467
Bannaby BESS,Bannaby BESS,Battery storage (8hrs storage),1.75343800990467
Baranduda BESS,Baranduda BESS,Battery storage (4hrs storage),1.75343800990467
Bellambi Heights BESS,Bellambi Heights BESS,Battery storage (2hrs storage),1.75343800990467
Bendemeer Energy Hub BESS,Bendemeer Energy Hub BESS,Battery storage (2hrs storage),1.75343800990467
Blackstone BESS,Blackstone BESS,Battery storage (2hrs storage),1.75343800990467
Blackstone BESS 2,Blackstone BESS 2,Battery storage (2hrs storage),1.75343800990467
Blind Creek Solar Farm BESS,Blind Creek Solar Farm BESS,Battery storage (2hrs storage),1.75343800990467
Bowmans Creek BESS,Bowmans Creek BESS,Battery storage (8hrs storage),1.75343800990467
Bulabul BESS 1,Bulabul BESS 1,Battery storage (2hrs storage),1.75343800990467
Bulabul BESS 2,Bulabul BESS 2,Battery storage (4hrs storage),1.75343800990467
Bundey Solar Farm BESS 1,Bundey Solar Farm BESS 1,Battery storage (4hrs storage),1.75343800990467
Bundey Solar Farm BESS 2,Bundey Solar Farm BESS 2,Battery storage (4hrs storage),1.75343800990467
Bundey Solar Farm BESS 3,Bundey Solar Farm BESS 3,Battery storage (1hr storage),1.75343800990467
Capricorn BESS,Capricorn BESS,Battery storage (4hrs storage),1.75343800990467
Carmodys Hill BESS,Carmodys Hill BESS,Battery storage (2hrs storage),1.75343800990467
Corop Solar Farm BESS,Corop Solar Farm BESS,Battery storage (2hrs storage),1.75343800990467
Culcairn BESS,Culcairn BESS,Battery storage (4hrs storage),1.75343800990467
Deer Park BESS,Deer Park BESS,Battery storage (4hrs storage),1.75343800990467
Ebor BESS,Ebor BESS,Battery storage (8hrs storage),1.75343800990467
Elaine BESS,Elaine BESS,Battery storage (4hrs storage),1.75343800990467
Emeroo BESS,Emeroo BESS,Battery storage (1hr storage),1.75343800990467
Fosterville Solar Farm BESS,Fosterville Solar Farm BESS,Battery storage (2hrs storage),1.75343800990467
Fraser Coast Hybrid BESS,Fraser Coast Hybrid BESS,Battery storage (1hr storage),1.75343800990467
Golden Plains BESS,Golden Plains BESS,Battery storage (4hrs storage),1.75343800990467
Goulburn River Solar Farm BESS,Goulburn River Solar Farm BESS,Battery storage (8hrs storage),1.75343800990467
Goyder BESS,Goyder BESS,Battery storage (4hrs storage),1.75343800990467
Great Western Battery,Great Western Battery,Battery storage (8hrs storage),1.75343800990467
Guthries Gap Solar Power Station BESS,Guthries Gap Solar Power Station BESS,Battery storage (4hrs storage),1.75343800990467
Joel Joel BESS,Joel Joel BESS,Battery storage (4hrs storage),1.75343800990467
Kingswood BESS,Kingswood BESS,Battery storage (8hrs storage),1.75343800990467
Koolunga BESS,Koolunga BESS,Battery storage (4hrs storage),1.75343800990467
Lindley BESS,Lindley BESS,Battery storage (2hrs storage),1.75343800990467
Little River BESS,Little River BESS,Battery storage (4hrs storage),1.75343800990467
Lower Wonga BESS,Lower Wonga BESS,Battery storage (4hrs storage),1.75343800990467
Marulan BESS,Marulan BESS,Battery storage (4hrs storage),1.75343800990467
Merino Solar Farm BESS,Merino Solar Farm BESS,Battery storage (4hrs storage),1.75343800990467
Middlebrook Solar Farm BESS,Middlebrook Solar Farm BESS,Battery storage (2hrs storage),1.75343800990467
Mt Piper BESS,Mt Piper BESS,Battery storage (4hrs storage),1.75343800990467
Noblevale BESS,Noblevale BESS,Battery storage (4hrs storage),1.75343800990467
Nowingi Solar Power Station BESS,Nowingi Solar Power Station BESS,Battery storage (4hrs storage),1.75343800990467
Pelican Point BESS,Pelican Point BESS,Battery storage (2hrs storage),1.75343800990467
Punchs Creek Solar Farm BESS,Punchs Creek Solar Farm BESS,Battery storage (1hr storage),1.75343800990467
Reeves Plains Power Station BESS,Reeves Plains Power Station BESS,Battery storage (4hrs storage),1.75343800990467
Smoky Creek Solar Power Station BESS,Smoky Creek Solar Power Station BESS,Battery storage (4hrs storage),1.75343800990467
Summerfield BESS 1,Summerfield BESS 1,Battery storage (4hrs storage),1.75343800990467
Summerfield BESS 2,Summerfield BESS 2,Battery storage (4hrs storage),1.75343800990467
Supernode BESS 3,Supernode BESS 3,Battery storage (4hrs storage),1.75343800990467
Swallow Tail BESS,Swallow Tail BESS,Battery storage (4hrs storage),1.75343800990467
Tailem Bend BESS - Stage 3,Tailem Bend BESS - Stage 3,Battery storage (2hrs storage),1.75343800990467
Teebar Creek BESS,Teebar Creek BESS,Battery storage (4hrs storage),1.75343800990467
Tomago BESS,Tomago BESS,Battery storage (4hrs storage),1.75343800990467
Wagga North BESS,Wagga North BESS,Battery storage (4hrs storage),1.75343800990467
WDBESS2,Western Downs Battery,Battery storage (2hrs storage),1.75343800990467
Williamsdale BESS,Williamsdale BESS,Battery storage (2hrs storage),1.75343800990467
Yabulu BESS,Yabulu BESS,Battery storage (2hrs storage),1.75343800990467
Yanco BESS,Yanco BESS,Battery storage (4hrs storage),1.75343800990467
Mugga Lane Renewable Hybrid,Mugga Lane Renewable Hybrid,Biomass,5.0
