REZ ID / Subregion,REZ Name / Subregion Name,Technology,Region,2010-11,2011-12,2012-13,2013-14,2014-15,2015-16,2016-17,2017-18,2018-19,2019-20,2020-21,2021-22,2022-23,2023-24,2024-25,Avg of reference years,Comment
N0,New South Wales Non-REZ,Wind High,NSW,34.9533829592365,32.0933660513051,34.1708622968622,33.0542704553264,33.1535504921378,33.332835195029595,33.5093435475118,35.020314791180304,32.5212626123401,36.9411975989781,34.7512422105461,36.2903043610845,35.635706126131,29.3212926909047,33.1266968155652,0.3385837521360929,
N1,North West NSW,Wind High,NSW,,,,,,,,,,,,,,,,,Resource limit of 0 MW
N2,New England,Wind High,NSW,39.0172285537345,36.6349317409194,38.6306285755878,37.6204548740661,38.080980754645,37.4676331795808,36.2873661932002,40.1155847976353,41.146558241903506,37.9646724859933,38.5796413362568,41.1784288046565,39.6302398098912,34.6953342171159,37.518531778210104,0.3830454768955976,
N3,Central-West Orana,Wind High,NSW,39.2014026486468,37.245049769176,38.7720720245941,37.5034541471818,39.1093046535097,38.0650397167604,37.549312962047395,40.4276934813788,39.622871663664,40.6955667873641,39.8697634808786,40.8359046715895,39.355441988318404,35.997964009233,37.676997602504194,0.38795189307123124,
N4,Broken Hill,Wind High,NSW,42.3894150174446,44.7544366673102,44.6761215193962,44.6832588441786,43.651076716261,42.7334181807349,42.2411397986307,46.8468530904552,45.247313465093704,46.2345812024097,44.9471137262787,43.8938403686926,45.0008460878925,42.2266908170159,44.9604145810738,0.44299101338857877,
N5,South West NSW,Wind High,NSW,34.9789492740099,36.8588996321161,37.8923862952813,38.7444729452837,36.2688630077232,35.968571761533106,36.2341799985264,38.5491391488935,38.682726393390496,39.0294214139184,37.9582493544757,38.0945308099507,37.7272455489885,33.3599891118068,36.6987512557035,0.37136425063440087,
N6,Wagga Wagga,Wind High,NSW,33.434675154627904,33.5142971568829,34.8808142224019,34.8539011875113,35.3250110903861,33.8513560517666,33.3800291213892,35.6681021783849,36.7209102053169,36.0710160229488,35.2962866115898,35.4098035734603,35.5950615008704,31.5725619284086,34.520868011808396,0.346729796011836,
N7,Tumut,Wind High,NSW,34.968994267633605,33.4853230952527,35.457510790654304,36.466339681955304,34.1059225045599,34.064395534746,36.0227130138843,36.9740858784164,36.4788977021016,38.2190461108115,35.3747596429631,36.2737598225847,36.832679030209,31.6804689689664,34.394359194593,0.3538661701595545,
N8,Cooma-Monaro,Wind High,NSW,34.846819002776,34.6073131101289,37.7357385195706,38.5932457482498,35.3949939950018,36.4231649080397,37.5795085854464,39.0607575179815,38.1276353247902,39.015826805834905,37.8069333466685,37.2738789422235,38.611760700699996,32.7497073570171,35.3862037591487,0.36880899174905174,
N9a,Hunter-Central Coast,Wind High,NSW,33.4116967191038,29.390950570214503,32.0015432248595,30.4739498149796,30.051124656309703,31.2508610425413,30.921013310384797,33.2303990327757,30.0037810113236,31.7796756490625,32.5611869103746,32.7630333564759,31.8728398337903,26.932414804429598,31.098223591208,0.31182846235188894,
N9b,Hunter-Central Coast,Wind High,NSW,33.4116967191038,29.390950570214503,32.0015432248595,30.4739498149796,30.051124656309703,31.2508610425413,30.921013310384797,33.2303990327757,30.0037810113236,31.7796756490625,32.5611869103746,32.7630333564759,31.8728398337903,26.932414804429598,31.098223591208,0.31182846235188894,
N12,Illawarra,Wind High,NSW,,,,,,,,,,,,,,,,,Resource limit of 0 MW
N13,South Cobar,Wind High,NSW,37.5437336428,38.6092761417261,39.1267476089189,38.3412108277362,38.1896748715495,36.8299256513565,37.6130377125923,40.5047076883795,39.8309486478294,39.226739619065896,38.206948918576,38.4120025178421,39.701815954835205,37.0074662244453,37.669160848301,0.3845422645839693,
Q1,Far North QLD,Wind High,QLD,45.5768701863715,48.0490818149216,49.7521141207176,52.0506860538872,50.7072220234795,46.3809997274279,47.4051975045689,51.6127289978811,50.2007021403718,48.2638291269727,46.4452729684509,43.4980953925652,43.9748883570395,49.9858301950185,46.6944102206788,0.48039861922023513,
Q2,Hughenden Hub,Wind High,QLD,42.9480526995551,43.5820794914918,45.5669309957354,46.4647689129028,45.9346098571505,42.4246775679956,43.2837751465714,46.467775956143996,47.1678726038205,45.4835104462825,44.598771011942,41.102095755165905,41.595533271026106,45.939883442436205,44.7058041407524,0.44484409419931475,
Q3,Northern Qld,Wind High,QLD,,,,,,,,,,,,,,,,,Resource limit of 0 MW
Q4,Isaac,Wind High,QLD,33.7191829385273,33.281526659816905,34.9223228968396,39.2778083989241,36.4615190774419,36.8616705901497,34.9585887547786,35.3000716045944,39.9163081707964,35.1280107041399,38.4528327266476,37.6708929558731,34.3772095963503,37.5595797894531,36.4798497607412,0.3629115830833828,
Q5,Barcaldine,Wind High,QLD,41.4664801781839,40.9198462429812,45.1851164345823,45.3561960315704,46.6266844595885,44.5817669462434,43.2906050050476,46.5160871085428,47.519403387165795,43.4489341476651,44.4574988234672,43.3033066786985,42.561162494668,44.151683509638104,46.835202001181905,0.4441466489661498,
Q6,Fitzroy,Wind High,QLD,36.612509529418304,36.832324308966804,37.2433713849044,39.6033756842836,38.0627954753309,38.1692763902924,37.7289471426041,35.1223137132766,40.5684143424816,37.2681001875277,39.0358462289497,37.525600120429296,35.6070169494143,39.0955876096104,37.7941037267748,0.3775130551961766,
Q7,Wide Bay,Wind High,QLD,30.6451472609225,30.854196105041797,31.461477886468497,29.6913642089007,30.468125525280097,28.789217018225,29.9720894224226,29.398158640433504,31.107306641510903,28.683686883037,30.186767159747202,30.4846398290402,28.952317693157497,29.241765399846297,30.1126694509182,0.3000326194166346,
Q8a,Darling Downs,Wind High,QLD,32.3135766421506,33.414301739393295,35.985359064454904,37.2374718591844,37.5069617556656,37.0032534864265,35.1155688341069,35.7245935902617,38.8048339384668,35.7854813516245,36.673095187642204,36.616034733687904,35.4888322283012,34.3871766583867,36.3200792904456,0.3589177469067992,
Q8b,Southern Downs,Wind High,QLD,39.7690916133826,39.1022651343223,40.4693925278007,38.398575373277296,40.2584826975865,39.2167818392471,37.6591955097123,40.4408797343891,42.6216613980711,38.9339875505659,40.4044765072143,42.4710413476496,41.5044272143672,37.2751329743201,39.4531011663452,0.3986523283921676,
Q8c,Western Downs,Wind High,QLD,41.2954721731337,40.8033827879638,42.08488342116,41.38379841723,42.1227621689413,41.5553034414968,41.0160631498869,40.8889745348467,44.4526334771183,40.7514442685765,42.604200053891,42.6086392458915,41.503717797612296,39.3013125571062,40.8268741901696,0.41546630779001636,
Q9,Banana,Wind High,QLD,32.6307515782907,32.8120128373525,34.5424558528133,35.454131590055496,34.5577898957339,34.8369906575001,33.4269844591334,34.53114725664,36.723130124765504,32.7194831169974,33.909908750991,33.4526433119952,32.9191469554344,33.4336412580002,34.2837430379445,0.3401559737890984,
Q10,Collinsville,Wind High,QLD,39.642493203288694,37.7258319969788,37.9904785288495,40.7507058319245,37.8651881280703,38.901646310892204,37.5439447552262,38.2144166296653,42.7418403494213,36.2468673889487,41.771690202060505,38.8673104897095,37.0254672134808,42.705846314733996,40.2361155363702,0.3921532285864137,
S1,South East SA,Wind High,SA,40.487211024174705,44.3012264511211,42.9913202341058,46.0518061545608,42.7134592125614,42.651092031659196,40.874076869431,43.8630440451046,44.1779536554369,43.8203338591713,43.5308768788277,45.5000721395173,44.5531188347711,39.9624061623212,41.428430091531396,0.4312709517628636,
S2,Riverland,Wind High,SA,33.8343573160977,35.8021717905234,37.0622864901611,37.9741475033815,35.2027761844511,35.7603355922249,33.5948489786352,38.8030405914121,39.0963460253543,37.245170160276494,36.2338595178903,38.1748834904321,37.3031182150384,34.0697272441235,37.3874209448116,0.3650296600298758,
S3,Mid-North SA,Wind High,SA,42.0356082656186,44.0124450463044,43.4051643359444,46.4053468763382,42.3626826316751,42.8719527174771,40.5040495915989,46.006483422063596,45.8894398125732,44.3021737552763,43.3683520616865,44.8399838470102,45.3373985923337,40.6729562516442,44.0361151856401,0.43736676826212306,
S4,Yorke Peninsula,Wind High,SA,42.0034797551742,43.4190956721268,42.7457059378456,47.4689354101083,42.377363018311,42.5910052867075,40.456799695057896,45.3950671720913,45.1738480468647,42.770081927015205,44.1363701754937,45.8509851893783,45.4362718310038,42.4155229465502,43.9857173119197,0.43748416625043224,
S5,Northern SA,Wind High,SA,41.37237119328,42.512322206438,43.524441701350504,44.1873467719629,43.0961191139597,42.4903430512204,40.8169625172033,44.471908119801,44.393576767416,43.9114449556635,43.895182366254495,44.6822432839571,44.266805987630896,42.9113553908567,44.3656465439857,0.43393204664732016,
S6,Roxby Downs,Wind High,SA,,,,,,,,,,,,,,,,,Resource limit of 0 MW
S7,Eastern Eyre Peninsula,Wind High,SA,42.355815557674795,43.9144713410871,43.8175237172686,47.8450243817397,43.7810128605915,44.5310484218785,41.670014623401805,46.7872798306198,45.9465873594809,44.1732121973699,45.8361066511506,46.2940246920625,45.4482059898139,44.5546063550179,46.220671728111,0.44878373713817893,
S8,Western Eyre Peninsula,Wind High,SA,42.860426722316,43.9342925760851,43.2456744020301,47.776343797947405,42.6647266478578,43.9673182994613,41.2096937688774,46.1940272874222,44.994799300103,43.5410170913719,46.3609175995001,46.0519965395415,44.9570358614841,45.343016670777196,46.384443210714096,0.44632381985032615,
T1,North East Tasmania,Wind High,TAS,42.3521840444505,40.692771420503696,40.782298887791605,43.398745447295,40.7757990726668,40.291889220222,44.7886921159272,43.172754184773495,44.8983318565737,46.2297696198883,41.3595168727008,41.8230876105235,41.9698197679811,40.0790003718444,42.7661720996749,0.4235872217285447,
T2,North West Tasmania,Wind High,TAS,50.3741807600441,50.5371384179657,48.457745061101996,51.9607943193372,49.582815768234504,47.6028774617818,49.3443026689233,51.7470397068435,50.710259561487405,52.4734855269809,50.717928304319805,48.8976130567343,49.7645468699361,46.5515829981862,49.7372542431164,0.4989730431499955,
T3,Central Highlands,Wind High,TAS,51.381970491383896,50.9616125054509,49.5582270356548,51.1893420262812,50.7365624922368,48.6489860689299,50.6452699163416,51.9644933290185,52.7778702304993,54.0641405766453,48.977279157635,45.7114121683743,47.6047637130098,48.175016878011,49.5614068505693,0.5013055689600278,
V0,Victoria Non-REZ,Wind High,VIC,36.9869360803558,38.8243624708111,37.0262925161493,43.1059660533734,36.9640884109535,36.983531289614305,38.8828493344332,38.5477789561462,38.847164403825005,40.5918906415043,39.494520876162,41.638242539926104,39.408044808487105,36.7671025364729,37.6754346650034,0.3878294703888117,
V1,North West VIC,Wind High,VIC,37.7380300164742,41.2218588440576,41.199575814455905,42.3949210857293,40.5197420102604,40.1744663807888,39.9438168109522,42.4099801212501,41.811038387893,42.216848670634796,41.576844817512395,42.587131695361,41.4760902387369,37.1969611747007,40.405938225453404,0.40858216286284044,
V2,Central Highlands,Wind High,VIC,41.6005707653861,45.6309419329977,44.1761067116965,48.1557339012761,42.112946363255,42.787017436818,42.708079370382904,44.8381298462242,45.0286673033254,46.3062589046148,43.9369706988325,45.6817912053536,44.1500657860885,39.3694450068728,41.8662550968659,0.4388993202199933,
V3,Western Victoria,Wind High,VIC,38.478586264185,41.1597849116758,41.1214642499467,42.312577419609795,40.589559846894005,39.832929196535396,38.808900949375,41.3795798385451,41.6043495839295,42.1630770149012,41.022533645292704,42.6786638862007,41.0121476323097,38.3368413342109,41.0413578035141,0.40769490238475037,
V4,Western Victoria,Wind High,VIC,39.9048272119647,41.5989514810203,41.8122877034655,43.093528044349696,41.121094212365996,40.7515400201776,40.1110847809505,42.46313116684,42.8234455416233,43.3980490948054,41.9461651055053,43.2436103544476,41.8345011193812,38.6229496894994,40.7003796884538,0.4156170301432335,
V5,South West VIC,Wind High,VIC,41.8824811874737,46.3150134039088,44.7638886206121,47.822829411516,42.6447449374232,43.2242215294492,42.6656872506333,44.8564352171909,45.1315955335763,46.1664888561787,44.3344510080465,46.5014333745391,44.245706654573304,40.1867411044343,41.735123566020796,0.4416512277703841,
V6,Gippsland Onshore,Wind High,VIC,31.9946499771598,31.9610056128177,30.8854012307117,36.5375397617417,31.9073209536496,31.493007126702,33.640499775795405,32.8089527612763,33.0042700707125,36.400064919007406,34.4211655158902,33.7043510021733,33.4232672499485,30.7576565878649,31.492438168819696,0.3296210604761804,
V7,Central North VIC,Wind High,VIC,38.5431397088634,39.7898218367872,40.160331182544304,41.0941333519822,41.7952487157306,40.7493940998641,38.2346063049391,41.271206517418705,41.468724860119096,40.9581654581215,41.0285741913898,41.081792900429,40.8507935823463,38.267509463371304,40.4546306120322,0.40383204852395926,
N0,New South Wales Non-REZ,Wind Medium,NSW,30.0293765741018,27.2887392088425,28.7748463383109,28.2754586841233,28.061279262911,28.5343689468673,28.794833435683298,30.5139309163076,28.0924081044403,31.7349753984937,29.8813444596217,31.2342849390417,30.965154385572504,24.569949509757897,28.139934016715902,0.28992725612052755,
N1,North West NSW,Wind Medium,NSW,,,,,,,,,,,,,,,,,Resource limit of 0 MW
N2,New England,Wind Medium,NSW,36.047321810446796,34.3559955412876,35.771859568967,34.1526668833514,35.0676817953374,34.695111260958896,33.9085550483497,36.6509738259774,36.4954224831602,34.924673768344,36.6639310279054,38.044671532958105,36.7701661739164,31.0146374509758,34.5717169172801,0.3527569233928108,
N3,Central-West Orana,Wind Medium,NSW,37.0505863797807,34.9480367519125,36.8473419940409,35.711082931884505,37.0563825072867,35.9601370767681,35.6880891694546,38.5670242677074,38.0677956091224,38.7044385289026,38.1283457766991,38.8542410176972,37.7007785224988,33.9855643883267,35.3856385675752,0.36843698899310495,
N4,Broken Hill,Wind Medium,NSW,39.7192009199154,42.8927562866389,42.7844613581181,42.9251741700702,40.8204685505329,40.9366272264793,40.029636467046295,44.7176561848189,42.6226403945452,43.3260019221729,42.5486084836922,41.4684209304904,42.542050821213,39.7543787714637,41.9624284432641,0.41936700728697435,
N5,South West NSW,Wind Medium,NSW,34.692936318064696,36.1603475976501,37.5832982978283,38.568153720291,36.2428393638381,35.3508328340296,35.5955379137097,37.8027864292594,38.0378739560996,38.4685557023601,37.4426120661952,37.5150435383441,37.3228370665607,33.1263245399058,36.242800180004195,0.3667685196827604,
N6,Wagga Wagga,Wind Medium,NSW,32.558506230788694,32.7159948801722,34.2054854600503,34.2750662162679,34.113579215627496,32.9904740514556,32.6893669656919,34.9241663330876,35.8040878987166,35.1076910083605,34.3025018361209,34.5207094975335,34.913167084190796,30.6217902509749,33.2804813419177,0.33801537884730437,
N7,Tumut,Wind Medium,NSW,29.4083741629308,28.2643869137022,30.2138507570073,30.9768855388486,29.158378709237397,28.9215880599392,30.6224731475057,31.7350473003403,30.9904489689605,32.9611040052712,30.337415579410898,31.2771681041322,31.6284955623808,26.899310789698198,29.334068718685703,0.30181933087870066,
N8,Cooma-Monaro,Wind Medium,NSW,31.9546248050894,31.151979595478203,34.1211768419995,34.3439842826838,32.1539779183343,32.8726668468942,34.0008771242425,35.441254849939604,34.36669305201,35.2961582990781,34.5120336066018,33.604507767989,35.1491274133387,29.658188480749697,32.6822226188749,0.33420631566886916,
N9a,Hunter-Central Coast,Wind Medium,NSW,31.5013448942087,27.591143971695196,29.905723383399703,28.3201635012236,28.3435733323114,28.9563438348391,29.0569691405604,31.550613524546,28.247700392355203,30.1888374553435,30.4211126534761,31.110300390481,29.958915283079502,25.3515772551225,28.713464837199897,0.2928118558998945,
N9b,Hunter-Central Coast,Wind Medium,NSW,31.5013448942087,27.591143971695196,29.905723383399703,28.3201635012236,28.3435733323114,28.9563438348391,29.0569691405604,31.550613524546,28.247700392355203,30.1888374553435,30.4211126534761,31.110300390481,29.958915283079502,25.3515772551225,28.713464837199897,0.2928118558998945,
N12,Illawarra,Wind Medium,NSW,,,,,,,,,,,,,,,,,Resource limit of 0 MW
N13,South Cobar,Wind Medium,NSW,36.2464022592056,37.317771242747696,37.999529023531,37.2962896998879,37.0117980019052,35.654787352766995,36.3336100344716,39.3678470354794,38.5582770145319,38.0530817628827,37.0568150452224,37.0452654537133,38.4354996153151,35.5937002244588,36.3002234461907,0.3721805981415402,
Q1,Far North QLD,Wind Medium,QLD,35.9667732951294,38.1976196481195,40.1761534201731,44.206416075823604,43.3545773387199,39.0412101915658,39.4953533424114,43.217138273786595,42.2985866244438,41.0083362637413,38.496981850350096,34.4775965621984,34.4008821432026,42.719568829522395,38.855108388092,0.39727486816485325,
Q2,Hughenden Hub,Wind Medium,QLD,37.097996449777895,37.2147805417548,41.7676180241258,41.452677790730704,41.9469977733384,38.080530159960404,37.3486310009066,40.2855526232757,41.637113194037504,39.881255638915604,38.3521059149465,37.0698749390318,35.2880474051674,39.8978165497181,37.6111447505263,0.3899547618374756,
Q3,Northern Qld,Wind Medium,QLD,,,,,,,,,,,,,,,,,Resource limit of 0 MW
Q4,Isaac,Wind Medium,QLD,27.447585922996197,26.1772826522681,27.8475755697994,31.8348386443297,29.214120335325,29.2080093518172,28.153940627629297,28.171799676403197,32.4889474902188,27.7032589409226,30.3487675684875,30.1599341296162,27.008398101012,29.914938079387998,28.837987323044402,0.2896782562755051,
Q5,Barcaldine,Wind Medium,QLD,38.320434005646,37.9921463204682,42.4477867979131,42.9530480953931,44.0138431563723,41.5353623941162,40.7228795202462,43.645055966819704,44.5420836167741,40.6126189466673,41.381959006461,40.4485546208793,39.9993480273634,41.6539312942769,43.9965066253135,0.4161770389298069,
Q6,Fitzroy,Wind Medium,QLD,32.1871988200416,31.7117850255475,32.1835626932177,33.5646171949574,31.8844690062892,31.758264465139302,31.0527436433279,29.6588015292669,34.7770598491908,29.9436808594585,32.318465797601,30.6218381146737,29.7298778746025,34.0326541584569,31.8604847757812,0.3181903358717015,
Q7,Wide Bay,Wind Medium,QLD,27.589272673694897,28.2225839388413,28.883101717687598,27.5135311431955,27.599571461490303,26.156886290537702,27.426986614557304,27.4470126644266,28.3723673216848,26.0155161938048,27.3957470140826,27.5023065539433,25.9322919005869,26.171757831556302,27.459671044409,0.2731257362429993,
Q8a,Darling Downs,Wind Medium,QLD,30.296763847277,31.528427788789497,34.150451675499596,35.320885996627396,35.8086137705683,34.7771571786102,33.2559551989139,33.5452115785787,36.487834587044595,33.666929783267605,34.7584165942179,34.382827575984095,33.518734115292496,31.945806975795797,33.8843117998339,0.33821888564420066,
Q8b,Southern Downs,Wind Medium,QLD,33.5472277393583,32.852858308906505,35.809858317441204,36.1713574161869,36.150289605249505,35.3288449178227,34.6449403165652,35.9633436620775,39.3820735616337,36.700377731470205,36.402846213398796,37.614429837767496,36.7314002046619,34.3659791728651,36.0902451266769,0.35850404808805464,
Q8c,Western Downs,Wind Medium,QLD,33.9183254815829,34.1168773787498,35.868958441188,37.0362647091349,36.9381772977245,36.6034538953224,36.5978595209588,35.8732870033354,39.145759406992,37.3678041779134,37.035408308144504,37.568093658302196,35.812817091543806,34.1841116351398,36.2167835952637,0.3628559877341974,
Q9,Banana,Wind Medium,QLD,26.778415637222803,26.5954988850922,28.3839702375177,29.6222815529543,29.628083026254398,28.4433255673894,28.741829607132402,28.7773546464939,31.069902808392502,27.0601854728254,28.554734773671097,28.326309347419798,26.8264377439221,26.898304772653596,28.2569511679661,0.2826423901646052,
Q10,Collinsville,Wind Medium,QLD,30.014361896774698,29.9425387542746,32.6297745702487,37.2118950353931,35.1444527876435,34.218758853418905,32.2682080757039,34.6963129250222,38.0210059951373,33.1361406444681,35.3187525789946,34.2326201067295,31.9338328631125,35.3324293320656,34.1171628466506,0.3388121648437585,
S1,South East SA,Wind Medium,SA,38.9793930870713,42.2584673218607,41.4580765270075,44.2610738782854,40.523720234673,40.64049558613,38.9670988612522,42.2698856553599,42.240829615317196,42.4549671891028,41.3107546617488,43.2890833189937,41.687047132993996,38.5086072389344,40.0598882146681,0.4126062590155993,
S2,Riverland,Wind Medium,SA,32.050176991074196,34.239349672319,35.0570110232588,36.2823503811574,33.2349680972285,34.0925149932701,32.4249517433473,36.7776086661243,37.0892814599271,35.7017303130459,34.396410930780604,36.3152778793357,35.4766857696353,31.861943288225604,35.1682449422896,0.3467790041006796,
S3,Mid-North SA,Wind Medium,SA,37.5460018185158,40.5933797926948,40.1626776799894,42.362121335929395,38.4910879796808,39.4451954531724,37.2072733096392,42.824330894607996,42.884535582782405,41.9251360261451,39.7629877297496,41.5058883413869,41.8311860094097,37.619428623329796,40.7856393662414,0.4032979132955166,
S4,Yorke Peninsula,Wind Medium,SA,41.393567709231895,42.683960110463296,41.5819859605846,46.17883217223,41.5944970174517,41.686502060825696,39.6231721395179,44.3713859998491,44.6725298142149,42.0807561038121,43.0163962203617,45.356569225537605,44.5588134739498,41.194536462113604,42.8794619079332,0.42858197758538463,
S5,Northern SA,Wind Medium,SA,38.6817614792108,39.8011173955212,41.6255556036634,42.7789128475962,40.5020946904475,40.5782527151484,38.5207085129917,42.3334614637646,42.5028583294214,41.4972151999727,41.649965781511,42.903146290212405,42.481008019118995,40.1708700388273,41.9433807477191,0.4119802060767511,
S6,Roxby Downs,Wind Medium,SA,,,,,,,,,,,,,,,,,Resource limit of 0 MW
S7,Eastern Eyre Peninsula,Wind Medium,SA,39.735160159032205,41.1359101798963,40.7136627985148,45.1529235001372,40.5322444579705,41.1484618565803,38.575224601791504,43.5248167269984,42.3817845888458,41.3779785064117,42.6585613211551,43.6897791336457,42.2631081779067,40.4889465214995,42.354376821817205,0.41715529290146863,
S8,Western Eyre Peninsula,Wind Medium,SA,40.3737277644137,41.9479465854972,41.979596729237,45.5046162286098,41.3475435829166,41.5727692657043,39.3853654809592,44.6513378366236,43.619040222311,41.7547084765308,44.5964088997874,42.735148516859,42.7089320214678,42.4831181256638,43.7957593029826,0.4256373460263758,
T1,North East Tasmania,Wind Medium,TAS,37.5993517126363,36.037059565162,35.5811626189527,38.3833744260848,36.8494683451484,37.070069736468604,40.3320533922205,37.7549541119025,39.4134016723702,41.670522187577205,37.0133096020461,38.1624039774483,37.496159920072905,36.441770059955,38.4502274826872,0.3788368592071551,
T2,North West Tasmania,Wind Medium,TAS,46.9220196749227,46.485885137677904,44.3579038356893,47.4785229303035,45.529551682957596,43.7525901128961,45.666561415503,47.3900824879098,46.8238140267693,48.4817746075693,46.2234637019308,44.2646862066189,45.4218949716293,42.8712795627185,46.1615489608158,0.4585543862106079,
T3,Central Highlands,Wind Medium,TAS,45.0507268907906,44.810633463180096,43.9992034239023,46.7486763248978,45.4530868466145,43.7608166186653,45.857450766762696,46.2382255189848,47.534268233431895,49.368834354541,43.865449935525206,40.7968546698119,41.9950236853467,42.8572434010784,43.9294317176965,0.44817728390081973,
V0,Victoria Non-REZ,Wind Medium,VIC,34.622897660704,36.4123080183418,34.130714516010904,40.7093314098302,33.7387452532953,34.0032156808649,36.0045764882666,36.141606140971696,36.5919198420519,37.8244138886504,36.3661532310207,39.0495400880898,36.8808096533823,33.3829164229898,33.7812879667277,0.35976029084079875,
V1,North West VIC,Wind Medium,VIC,37.1262950551759,40.8052259320116,40.8324308202647,41.944194490791396,39.9416901382342,39.6998371600214,39.5358710928311,42.0458491460645,41.3848513297838,41.8270684766397,41.1373079332336,42.239554052565694,41.0354790997606,36.4310798617117,39.9031685430208,0.40392660208807385,
V2,Central Highlands,Wind Medium,VIC,40.8910182429218,44.5539063858481,43.0965876109591,47.1606841790382,41.0940667788922,41.9659633303245,42.0216934438477,43.801555120674,44.1827774503125,45.359604614869,42.711044759690594,44.2379383675892,43.0515823843085,38.279954331178104,40.4897864558746,0.42859877563755205,
V3,Western Victoria,Wind Medium,VIC,37.6991866808671,40.038947637937,39.7094068387287,41.1383654014727,39.7672953678262,38.8008898359427,37.6274583680633,40.3632293427517,40.8317337363846,41.001286479825,39.9586480814958,42.0258292033161,40.256130002762305,37.8866456295085,39.6635737043396,0.3978457508741475,
V4,Western Victoria,Wind Medium,VIC,39.6894646742504,41.466894740292396,41.5911650050475,42.871193969238604,41.007939463860495,40.5338461658634,39.9591385311404,42.2759991192355,42.7101366166052,43.2126843088148,41.6330434368379,42.986974137919596,41.7838401058578,38.372544467933004,40.4856897614128,0.4137203696695399,
V5,South West VIC,Wind Medium,VIC,41.219477416675296,45.4469434927828,44.2133393795232,46.772856845844004,41.7823183635525,41.8985710045294,42.638971413577295,44.3301357011144,44.5244498511795,45.427704803892595,43.612332948466594,45.5998075700552,43.6526801365996,38.744409962761,40.8112657215406,0.43378350974139585,
V6,Gippsland Onshore,Wind Medium,VIC,29.2083499009834,28.9178090592836,27.779597320059104,32.6646409556956,29.5561110368348,28.8472808557994,30.3871493435447,29.4092747732163,29.8915976460956,33.8257620270881,32.0220390794842,30.2477057762932,30.275772292667003,28.3461926787198,28.9543480435228,0.3002224205261917,
V7,Central North VIC,Wind Medium,VIC,37.170485995932,38.5988529007846,38.8895930338738,39.899507089909804,40.229813655517,39.422131672534796,36.8222149278606,40.0047356028386,40.267557756141095,39.7548639874581,39.8626098994163,39.9611279838323,39.547244931463595,36.8306923002949,39.0517313433427,0.3908754420541335,
N10,Hunter Coast,Offshore Wind - Fixed,NSW,,,,,,,,,,,,,,,,,Resource limit of 0 MW
N11,Illawarra Coast,Offshore Wind - Fixed,NSW,,,,,,,,,,,,,,,,,Resource limit of 0 MW
T4,North Tasmanian Coast,Offshore Wind - Fixed,TAS,50.77144153593049,51.7879303602103,50.51119728522389,51.203790320354,49.5453278463318,50.039411059752204,53.05584441781001,54.096858125400104,52.841686121318496,55.0512323838902,52.4452012546892,52.4219574882946,52.383676463978404,50.840874121733506,52.42786589596879,0.519616196453924,
V8,Gippsland Offshore,Offshore Wind - Fixed,VIC,48.2473287932295,48.5122060484991,49.2143857998411,51.3019942715814,47.3242196142025,48.197513274844,49.5856740576505,51.1320545020184,48.412834100021804,50.52682156623129,51.8236803032787,51.86371184766389,51.3780449797669,49.1739040864824,50.41770129873569,0.4980747163626982,
V9,Southern Ocean,Offshore Wind - Fixed,VIC,46.469141252838,50.11799381334951,48.9625734377157,49.0082504401568,45.5617475377463,45.307946704769094,47.120916694331896,47.7186046361294,48.0371057274183,50.41151403551281,47.8371134930823,50.7081685203586,49.4195239497203,44.1086817591676,45.3376813025632,0.4774179755365732,
N10,Hunter Coast,Offshore Wind - Floating,NSW,47.5025375168336,41.6505481567577,45.3888604654912,42.5377995867819,43.8802757740886,44.1923700347094,46.2507405126153,44.8758475009871,46.2903009217777,42.3805269519301,46.632451529823,46.9060475358776,45.2950940153774,39.531316857355804,46.0602065185445,0.4462499492526339,
N11,Illawarra Coast,Offshore Wind - Floating,NSW,45.5424475912941,39.86674069648,44.3206667847924,43.0860033884941,42.270560165214796,43.084897635434096,43.4213918484541,43.899151750787304,45.2653689033887,41.5647608914312,43.0434839463116,44.9542029375043,45.3612865458063,39.8622918008856,42.5385877701553,0.4320545617709559,
T4,North Tasmanian Coast,Offshore Wind - Floating,TAS,52.913164800394995,54.2858403328335,53.119578436063996,53.2363106737882,50.0282627776002,52.5843445889382,53.5182678522096,54.9640925285932,53.6214268602168,57.0801279048208,54.5694376685033,54.5717103060367,54.754103102686,52.6170523572978,55.4121227419853,0.5381838952879792,
V8,Gippsland Offshore,Offshore Wind - Floating,VIC,52.56452704204651,53.9972119788626,53.1168396827296,53.2702601498881,49.8676060687905,52.396681768262695,52.9083995375769,54.761604542438704,53.3807673930937,56.9824611912651,54.4357829100813,54.740583358331996,54.705246466093904,52.302602649429296,55.111233282049,0.5363612053472931,
V9,Southern Ocean,Offshore Wind - Floating,VIC,46.8826141393337,50.4309451346073,49.312902554203504,49.1106909722914,45.6108107052571,45.6422741866323,47.377977091096604,47.6773475815436,48.2233303065218,50.619541250165,47.9427627547785,50.8354810902255,49.654227818881104,44.7106453684073,45.6543683220535,0.4797906128506655,
N0,New South Wales Non-REZ,Large scale Solar PV,NSW,19.1631297,20.2815475,23.829097299999997,24.246949400000002,23.2732244,23.3848,23.8604941,25.1029506,24.5341848,24.1168491,23.4476227,21.5069321,24.368182,24.9906905,24.4658869,0.23371502740000002,
N1,North West NSW,Large scale Solar PV,NSW,25.2994444,26.4587296,29.3462767,29.7289772,29.0300009,29.497924599999997,28.821619199999997,30.544931,30.8988035,29.5774195,28.4869614,27.5261602,29.8901752,29.820438900000003,28.846246599999997,0.2891827392666667,
N2,New England,Large scale Solar PV,NSW,22.064024099999997,23.4690839,25.796646499999998,27.1388647,25.7989042,26.892278200000003,26.068264499999998,27.9278693,27.964121,26.8723769,25.583355,24.2124956,27.634878899999997,27.3331145,26.279839100000004,0.2606907442666667,
N3,Central-West Orana,Large scale Solar PV,NSW,23.868145199999997,24.938794,28.295733000000002,28.156259500000004,27.7140455,27.7240653,27.8373432,29.3404459,29.3505067,28.524982599999998,27.426363799999997,25.224414499999998,27.694759200000004,28.7392765,28.531769699999998,0.2755779364,
N4,Broken Hill,Large scale Solar PV,NSW,26.947281099999998,28.4748261,30.167233300000003,29.9965907,30.38034,28.765531,29.7020846,30.6914173,31.589549500000004,32.7056071,30.436943300000003,29.933130400000003,30.4414508,31.5147231,31.6014255,0.3022320892,
N5,South West NSW,Large scale Solar PV,NSW,24.9428238,26.3639856,27.8326684,26.773010400000004,28.0918859,27.3843514,27.146583800000002,28.285426,28.813426600000003,28.742843099999998,27.7892378,26.6670255,27.455468500000002,28.984387299999998,29.502014900000002,0.27651675933333336,
N6,Wagga Wagga,Large scale Solar PV,NSW,24.029584500000002,25.3469832,26.972992899999998,25.727384599999997,26.962616299999997,26.497038099999997,26.0865638,27.319963200000004,27.477763900000003,26.952695900000002,26.4810404,24.8070007,26.1012393,28.0328068,28.543195599999997,0.26489257946666667,
N7,Tumut,Large scale Solar PV,NSW,22.4839866,22.664442700000002,25.3417736,24.227051799999998,24.862439,25.1637259,24.4783744,25.5279359,25.7726884,25.201617399999996,24.6668816,22.7483972,24.346190500000002,26.7955593,27.2889493,0.24771334240000004,
N8,Cooma-Monaro,Large scale Solar PV,NSW,22.3873103,21.7512254,24.5930516,24.1320594,23.5605917,24.3112867,24.0962882,25.682407,25.8756704,25.790233,24.611010699999998,22.1183996,24.8343715,25.7376423,26.348494,0.24388669453333334,
N9a,Hunter-Central Coast,Large scale Solar PV,NSW,21.8149383,22.489224699999998,25.3895741,26.521272800000002,25.120780399999997,25.358789199999997,25.2063625,26.8577968,26.821467799999997,25.5068733,24.1531345,23.1938687,26.611962500000004,25.741316400000002,24.4993555,0.25019114499999995,
N9b,Hunter-Central Coast,Large scale Solar PV,NSW,21.8149383,22.489224699999998,25.3895741,26.521272800000002,25.120780399999997,25.358789199999997,25.2063625,26.8577968,26.821467799999997,25.5068733,24.1531345,23.1938687,26.611962500000004,25.741316400000002,24.4993555,0.25019114499999995,
N12,Illawarra,Large scale Solar PV,NSW,,,,,,,,,,,,,,,,,Resource limit of 0 MW
N13,South Cobar,Large scale Solar PV,NSW,25.4195534,27.3936397,29.636719099999997,29.3912114,29.141731500000002,28.8606651,29.2163205,30.5334081,30.788687599999996,30.8589908,29.787484,27.244036100000002,29.2563199,29.614379800000002,29.6817232,0.2912165801333334,
Q1,Far North QLD,Large scale Solar PV,QLD,22.9296949,25.9696182,27.184510899999996,26.125849600000002,28.4362358,28.087699500000003,27.678263800000003,28.344441999999997,27.3024048,29.034499099999998,27.05632,26.6485508,27.4075622,25.956370299999996,26.591231999999998,0.26983550260000005,
Q2,Hughenden Hub,Large scale Solar PV,QLD,26.2310331,28.863562799999997,29.9164112,30.0085319,31.3413414,31.033889,31.053447499999997,30.739598299999997,30.968158600000002,32.379895,30.5290494,30.189568500000004,30.068085300000003,29.3661974,29.201110600000003,0.30125991999999996,
Q3,Northern Qld,Large scale Solar PV,QLD,23.133855,26.689818799999998,28.5892998,28.046523899999997,30.1683687,30.2400549,29.2727679,29.473104,28.833498499999997,30.914598700000003,28.113259000000003,29.3087654,28.701441700000004,27.651294399999998,27.327136000000003,0.2843091911333333,
Q4,Isaac,Large scale Solar PV,QLD,23.2845671,26.868414299999998,27.432216999999998,28.909009800000003,29.4754421,29.387786100000003,28.949043200000002,29.647366,29.4380459,30.8242737,28.646834,28.979806000000004,28.8222849,28.641699799999998,28.255145999999996,0.28504129059999994,
Q5,Barcaldine,Large scale Solar PV,QLD,27.722605700000003,29.7301144,31.514650500000002,32.3839,33.097754099999996,31.9974855,31.3917241,32.4962344,33.355859599999995,33.2323795,32.324087299999995,31.466850200000003,31.1967477,31.1774349,31.732015699999998,0.31654656240000006,
Q6,Fitzroy,Large scale Solar PV,QLD,23.3898547,26.4882673,27.1777777,29.0491991,28.826113,29.3414105,28.7208834,29.0908497,29.3459753,30.2055066,28.505643499999998,28.0469197,28.4654664,28.440407899999997,28.5033405,0.2823984102,
Q7,Wide Bay,Large scale Solar PV,QLD,22.140411800000003,24.8288736,26.078302100000002,27.639408999999997,26.835174499999997,27.574918500000003,27.6821853,27.827232499999997,27.879268099999997,28.501612700000003,26.7944268,25.9066415,26.7404906,27.006262800000002,26.616556600000003,0.26670117759999995,
Q8a,Darling Downs,Large scale Solar PV,QLD,24.2426564,26.786222300000002,28.3576363,29.871148400000003,29.0616351,29.2803617,29.647628100000002,29.971541000000002,30.619339200000002,30.608619100000002,28.6527497,27.7415626,28.8673648,29.229595000000003,28.7332109,0.2877808470666667,
Q8b,Southern Downs,Large scale Solar PV,QLD,21.9309634,24.6792373,25.717854000000003,27.556335999999998,26.2852094,26.8538526,27.663,27.7728515,27.8296991,28.6185715,26.612936100000002,25.170224800000003,27.227127099999997,27.189047100000003,26.702431999999998,0.26520622793333337,
Q8c,Western Downs,Large scale Solar PV,QLD,23.324089100000002,26.075785200000002,27.0866004,28.762274700000003,27.6185593,28.7182651,28.6697217,29.4436115,29.5805281,29.6952596,27.755418799999998,26.5224545,29.1561666,29.005971000000002,28.3262532,0.27982730586666665,
Q9,Banana,Large scale Solar PV,QLD,24.079550899999997,27.179654199999998,28.2022675,30.231693,29.60893,29.7245749,29.721044600000003,30.3103938,30.478248200000003,31.077960500000003,29.2797336,28.7539751,29.1933114,29.0723318,29.2774818,0.2907941008666667,
Q10,Collinsville,Large scale Solar PV,QLD,23.4506162,26.891320800000003,28.1967066,28.321005300000003,29.7846836,29.675042899999998,28.6124096,29.567250499999997,28.982681799999998,30.7350876,28.361478299999998,29.007719100000003,29.0142567,28.2189945,27.759149500000003,0.284385602,
S1,South East SA,Large scale Solar PV,SA,20.891798,22.9130934,23.472696600000003,22.2714977,22.8575808,23.5595331,23.3038323,23.6555303,24.0788209,23.6383513,23.4365385,23.8220743,23.6878666,25.444741999999998,25.9251612,0.23530607799999995,
S2,Riverland,Large scale Solar PV,SA,24.5431141,25.9733659,27.343413599999998,26.771351,27.7664112,27.3708263,27.2569666,27.624940199999998,28.742948600000002,29.006748799999997,27.802509600000004,27.630068200000004,27.506668499999996,29.3023769,29.680216599999998,0.27621461740000003,
S3,Mid-North SA,Large scale Solar PV,SA,22.9101791,24.524945000000002,25.844666500000002,24.7346228,25.7942253,25.851043299999997,25.494425999999997,25.563673599999998,26.7311627,27.067826,26.190973899999996,26.003346399999998,25.7022673,28.4920286,28.774376200000003,0.2597865084666667,
S4,Yorke Peninsula,Large scale Solar PV,SA,,,,,,,,,,,,,,,,,Resource limit of 0 MW
S5,Northern SA,Large scale Solar PV,SA,25.466856500000002,27.123483399999998,28.1498529,27.1114475,28.3970127,27.9543131,28.2648692,28.2217025,28.918718100000003,30.0864416,28.270782,28.342368699999998,28.4014369,30.079970799999998,30.113936000000002,0.2832687946,
S6,Roxby Downs,Large scale Solar PV,SA,27.64559,29.3145549,30.589381300000003,30.416509800000004,30.7145206,29.955161699999998,30.9009166,30.8624756,31.9794085,33.3837235,31.3693251,30.7123546,31.7156944,32.6571883,31.9052689,0.3094147158666667,
S7,Eastern Eyre Peninsula,Large scale Solar PV,SA,21.5720724,23.5475021,25.3482037,23.8987086,24.5402757,24.8925838,25.182123400000002,24.7246816,26.2681533,26.2176897,25.2472206,24.4605189,25.616188899999997,27.3102238,28.0934533,0.25127973319999997,
S8,Western Eyre Peninsula,Large scale Solar PV,SA,24.3586687,26.0825552,27.7244156,26.8573552,28.045597700000002,27.4506814,27.8667267,27.604363,28.3560843,29.1209754,27.812630700000003,27.882751900000002,28.097924000000003,29.731339600000002,29.905634399999997,0.2779318025333334,
T1,North East Tasmania,Large scale Solar PV,TAS,20.350494599999998,21.2323787,22.178431200000002,20.1350177,21.3181602,22.6660204,23.025653600000002,23.7261337,22.994816200000002,22.1698399,22.3361777,22.1176157,23.2291781,24.6331291,23.893267700000003,0.22400420966666668,
T2,North West Tasmania,Large scale Solar PV,TAS,17.3237406,19.1509236,19.5385845,18.0905081,18.531034599999998,20.6289737,19.6295819,20.2780531,20.2353153,19.4915792,20.029023300000002,19.7063591,21.2095238,21.7492999,21.316908100000003,0.19793960586666665,
T3,Central Highlands,Large scale Solar PV,TAS,19.2868454,19.7343759,21.032173500000003,19.7739834,20.564892500000003,22.031988899999998,21.6891276,22.1916057,22.4477766,21.7199763,21.3558472,20.5351449,22.207972,23.654145800000002,23.094898699999998,0.21421383626666668,
V0,Victoria Non-REZ,Large scale Solar PV,VIC,18.1930323,18.824749800000003,20.854275,19.737560900000002,19.9723341,20.3579698,20.9886737,21.600018600000002,21.857321900000002,20.245158099999998,20.2103735,19.6141666,21.1734795,21.4419486,22.7002806,0.20518089533333334,
V1,North West VIC,Large scale Solar PV,VIC,24.3565924,26.1820287,27.3930102,25.8823011,27.7480114,27.2120553,26.8754148,27.6800408,28.220424,28.078038300000003,27.1736689,26.917213699999998,27.0433155,28.5218168,29.050580999999998,0.27222300860000004,
V2,Central Highlands,Large scale Solar PV,VIC,19.4101554,21.3738782,22.4447504,20.884244199999998,22.014296,22.411928200000002,22.3541102,23.616863799999997,23.980096,22.3368648,21.676689399999997,22.1512886,22.8091134,24.5119029,25.0669476,0.2246954194,
V3,Western Victoria,Large scale Solar PV,VIC,,,,,,,,,,,,,,,,,Resource limit of 0 MW
V4,Western Victoria,Large scale Solar PV,VIC,,,,,,,,,,,,,,,,,Resource limit of 0 MW
V5,South West VIC,Large scale Solar PV,VIC,,,,,,,,,,,,,,,,,Resource limit of 0 MW
V6,Gippsland Onshore,Large scale Solar PV,VIC,19.0249458,19.677777,21.4842777,20.4115024,20.7179188,21.160110200000002,21.9361519,22.375131500000002,22.4235032,21.377693,21.2010656,20.5302279,22.3957847,22.5450315,23.4347617,0.21379725526666662,
V7,Central North VIC,Large scale Solar PV,VIC,23.574490100000002,25.4881541,26.243178299999997,24.7506583,26.708251100000002,26.3254209,25.6413015,26.5973684,26.9873333,26.394061899999997,26.188488999999997,24.9921383,25.9341836,27.7839316,28.191518100000003,0.261200319,
N0,New South Wales Non-REZ,Solar thermal,NSW,30.078209500000003,34.6076135,43.7217735,44.8817061,40.7462024,43.0933858,41.6573122,47.468547900000004,45.9166482,41.3461451,39.3779797,32.5203351,43.227716199999996,46.7935423,42.9508047,0.4122586148,
N1,North West NSW,Solar thermal,NSW,39.4775656,45.5719134,51.3073533,54.1553174,52.436876,50.7172491,50.2515218,56.1471156,55.797438099999994,52.7371474,50.3574061,46.5269983,56.213977699999994,55.80044589999999,53.5495279,0.5140319024,
N2,New England,Solar thermal,NSW,31.170826299999998,34.8857231,42.4169718,47.786549699999995,41.5326841,44.8754714,41.9142588,47.201938399999996,45.8724055,42.202610400000005,40.1026448,35.4167283,46.651371000000005,46.9752004,43.247655800000004,0.42150202653333335,
N3,Central-West Orana,Solar thermal,NSW,38.1590154,43.028134200000004,51.63802750000001,51.8667579,50.182156600000006,47.7069213,49.3442333,53.343134299999996,54.422327800000005,50.1846204,48.311627,39.7088118,48.100398,53.8038167,53.1827571,0.4886551595333333,
N4,Broken Hill,Solar thermal,NSW,44.4142088,49.347836099999995,53.7196151,54.053393400000004,55.7837665,49.046301199999995,52.467724000000004,55.133298200000006,58.774535900000004,61.7537483,55.14691619999999,53.294376799999995,54.8162418,60.514809,60.6948394,0.5459744071333332,
N5,South West NSW,Solar thermal,NSW,40.3873155,43.172807899999995,46.582153,43.554476199999996,47.5285857,46.3168376,44.7908361,48.7113474,50.7742919,50.414379499999995,47.7471199,44.177535,46.7207053,53.5284565,55.514613700000005,0.4732809741333333,
N6,Wagga Wagga,Solar thermal,NSW,38.8005583,41.2807751,46.6686284,43.175924,46.4280213,44.5998832,42.2086673,46.7703406,46.9738316,42.5570849,44.7671784,37.5852005,41.968736899999996,51.164319199999994,52.1960561,0.44476347053333326,
N7,Tumut,Solar thermal,NSW,38.8000502,38.4950142,44.169118499999996,41.153554,43.8739257,44.3444976,41.3201458,45.0189855,45.1943851,38.684406100000004,43.5729653,36.3413613,39.1639306,49.2058603,50.4739807,0.4265414539333333,
N8,Cooma-Monaro,Solar thermal,NSW,34.7208203,33.6386056,39.9595096,39.8569247,38.547424899999996,40.2421314,38.9148913,42.9391327,43.1824244,41.398897,41.0176189,32.8316978,39.3131322,44.6801268,45.8333736,0.39805114080000004,
N9a,Hunter-Central Coast,Solar thermal,NSW,32.3033747,34.872746,42.7981131,45.6152457,41.2970615,40.8409865,38.8479874,44.364846899999996,44.5626221,39.5262893,37.9214682,33.1213676,44.7389023,44.887038600000004,41.4657253,0.40477585013333334,
N9b,Hunter-Central Coast,Solar thermal,NSW,32.3033747,34.872746,42.7981131,45.6152457,41.2970615,40.8409865,38.8479874,44.364846899999996,44.5626221,39.5262893,37.9214682,33.1213676,44.7389023,44.887038600000004,41.4657253,0.40477585013333334,
N12,Illawarra,Solar thermal,NSW,,,,,,,,,,,,,,,,,Resource limit of 0 MW
N13,South Cobar,Solar thermal,NSW,41.0437099,47.795104300000006,54.029024299999996,53.7545142,53.3647608,51.007225899999995,52.0020165,56.0419466,56.59162490000001,56.2780531,54.306967699999994,45.0385604,52.131247800000004,56.059861600000005,56.4456481,0.5239268440666666,
Q1,Far North QLD,Solar thermal,QLD,32.7686003,41.123805499999996,44.123824,41.322893799999996,45.5374811,44.8716637,44.9110959,47.041091699999996,43.8735645,47.6543549,44.8061182,41.9994029,47.309139,42.5095113,43.448001600000005,0.43553369893333327,
Q2,Hughenden Hub,Solar thermal,QLD,39.4307697,47.7368865,49.832596099999996,50.6012593,56.061528100000004,52.5984504,52.2779961,52.21661279999999,52.418300699999996,57.609571100000004,51.911394099999995,50.3544067,51.6761051,51.0005468,49.822893,0.5103662109999999,
Q3,Northern Qld,Solar thermal,QLD,27.9673207,35.3461551,39.5216917,37.876801900000004,41.3644995,44.2240248,43.7962724,45.1929398,44.0217906,49.0744519,41.6856065,43.6716917,43.7072107,42.6766935,40.7143537,0.4138943363333333,
Q4,Isaac,Solar thermal,QLD,32.2670014,39.879265600000004,41.639591100000004,45.6507247,47.9529543,44.2695759,45.4404046,47.2559673,44.1779455,49.6817665,43.3859808,43.5711157,47.4999884,45.6366839,45.1035369,0.4422750017333334,
Q5,Barcaldine,Solar thermal,QLD,45.1257154,49.853045800000004,55.5021253,58.4478504,61.2479503,56.3848963,56.5284209,58.4400177,62.1330205,61.2827404,58.2432864,55.6921981,56.7857242,56.6143467,59.33745270000001,0.5677458607333334,
Q6,Fitzroy,Solar thermal,QLD,33.2020425,38.9938917,41.7474022,46.8203198,45.2050311,45.5450164,43.5563584,44.331336300000004,43.2410875,47.7001161,42.8199443,41.4683289,47.3189706,47.5721091,45.9419657,0.43697594706666665,
Q7,Wide Bay,Solar thermal,QLD,31.0556486,36.854235200000005,39.1216657,43.1556727,41.0762254,41.7196737,41.8932748,42.1345563,40.1161793,42.170906099999996,37.5545539,35.786165399999994,41.254296499999995,40.0640443,39.6327309,0.39572655253333333,
Q8a,Darling Downs,Solar thermal,QLD,37.222083,43.725566,48.0360152,53.337335100000004,50.8999805,50.043597299999995,51.6766278,53.1076614,52.9435961,54.033003,47.5967191,45.472142999999996,50.3059638,52.782400900000006,50.8775831,0.4947068502,
Q8b,Southern Downs,Solar thermal,QLD,29.959394900000003,37.2007807,38.713697,43.3561491,40.6851963,41.6296354,44.089965199999995,44.9595739,41.3945976,45.255852499999996,40.047613999999996,35.6802021,43.3317894,42.5239697,41.3525541,0.40678731460000006,
Q8c,Western Downs,Solar thermal,QLD,33.682310799999996,40.770797800000004,42.5568431,48.2712693,44.3173066,46.5433323,47.324991700000005,49.693154299999996,47.8507629,48.272285,43.6900607,40.2715652,48.767705500000005,49.1162104,46.414651,0.4516954977333334,
Q9,Banana,Solar thermal,QLD,35.9864435,43.1518054,47.050055400000005,52.2747426,50.9428034,51.050896800000004,52.254092,54.882089099999995,52.9914596,54.394122700000004,49.919912599999996,48.4082051,52.4438456,49.8887502,51.155188100000004,0.4978629414,
Q10,Collinsville,Solar thermal,QLD,32.0860809,40.2090878,43.8299559,44.1688435,49.2149527,45.0267313,42.6831539,47.7760114,44.0758317,48.4461091,41.949011600000006,43.7001451,47.6228755,42.6387231,43.7444131,0.4381146177333334,
S1,South East SA,Solar thermal,SA,33.9963247,38.703566099999996,40.454105299999995,39.080048899999994,40.0324362,39.2006033,38.4590713,39.3336471,42.2060506,40.6019662,39.3932947,41.734031900000005,38.342678,47.4532516,49.2261646,0.4054781603333334,
S2,Riverland,Solar thermal,SA,38.215768,42.4354248,45.4891158,44.9332225,49.5187565,45.211628999999995,45.5828266,45.7045221,49.1346158,47.5124684,46.0131991,45.1576714,44.3015782,53.847845500000005,54.4481225,0.4650045108,
S3,Mid-North SA,Solar thermal,SA,32.6998383,35.2173975,38.4125459,36.9141329,38.3085553,39.0041307,37.2809334,37.2954626,39.6698259,39.8592552,39.3095468,38.8737325,36.6643134,48.5393131,49.5038819,0.39170191026666673,
S4,Yorke Peninsula,Solar thermal,SA,,,,,,,,,,,,,,,,,Resource limit of 0 MW
S5,Northern SA,Solar thermal,SA,41.703375,46.2253957,46.438903599999996,44.2878336,50.494275,47.1795775,50.174307299999995,49.1720518,50.9675686,54.685876300000004,48.985922599999995,49.767203,50.9392209,57.7127396,57.4018677,0.49742407880000006,
S6,Roxby Downs,Solar thermal,SA,45.8599265,50.823682299999994,53.843739899999996,54.124261,54.826768699999995,50.386857299999996,53.209543800000006,55.7295635,59.362623400000004,65.2709526,59.0761447,57.3279734,61.053691,63.8448215,61.9896073,0.5644867712666667,
S7,Eastern Eyre Peninsula,Solar thermal,SA,26.7422037,31.298069299999998,35.318557,32.4971582,31.856592299999996,31.6422454,32.5810561,31.176095999999998,35.392637900000004,34.2074587,32.430167,30.5343372,32.2571289,40.958840099999996,42.8874046,0.3345199682666666,
S8,Western Eyre Peninsula,Solar thermal,SA,36.821512,41.2143989,45.7466821,43.9995537,47.8247564,43.6044851,45.7952634,45.173756399999995,46.9245174,48.5675004,45.703810700000005,45.0747521,45.5761113,53.7363733,54.0982181,0.4599077942000001,
T1,North East Tasmania,Solar thermal,TAS,28.851084500000002,30.836118000000003,32.6877879,28.476605199999998,31.987067600000003,33.795702,35.039953600000004,37.0894879,34.2471818,31.0573637,33.137610099999996,31.6174005,35.2681607,40.0021895,38.0656309,0.3347728959333333,
T2,North West Tasmania,Solar thermal,TAS,21.9056986,26.4719737,26.981533499999998,22.520668099999998,24.8955193,28.7227705,26.3514178,27.205729,26.2091411,23.4149883,27.153045799999997,27.627443000000003,29.436741599999998,30.473888,29.4510895,0.26588109853333336,
T3,Central Highlands,Solar thermal,TAS,26.1679755,26.0774279,29.598634200000003,26.608071700000004,30.5010607,32.3128068,31.634649399999997,33.287905,31.570566,29.7012651,30.3160366,27.711498000000002,31.2679011,36.549018700000005,36.278019,0.30638855713333335,
V0,Victoria Non-REZ,Solar thermal,VIC,23.745651600000002,24.214375,28.9925057,26.7546507,26.8199784,26.987853499999996,26.989528699999997,29.0331403,29.5235843,23.6247149,25.0353062,23.6063653,26.7961748,29.6407178,33.4482082,0.27014183693333327,
V1,North West VIC,Solar thermal,VIC,37.294549700000005,42.7152581,46.333096600000005,41.4257373,47.0887343,45.1595441,42.761769199999996,45.4983471,47.810276800000004,45.8541776,44.9272615,42.9920768,43.9426616,51.010908,53.056758699999996,0.45191410493333334,
V2,Central Highlands,Solar thermal,VIC,26.5541546,31.1255204,33.6649814,30.5284869,33.5209563,32.0641612,32.8854733,35.9428482,36.836166999999996,30.2629773,31.1776261,30.904106300000002,31.1554156,41.2921955,42.1889597,0.3334026865333333,
V3,Western Victoria,Solar thermal,VIC,,,,,,,,,,,,,,,,,Resource limit of 0 MW
V4,Western Victoria,Solar thermal,VIC,,,,,,,,,,,,,,,,,Resource limit of 0 MW
V5,South West VIC,Solar thermal,VIC,,,,,,,,,,,,,,,,,Resource limit of 0 MW
V6,Gippsland Onshore,Solar thermal,VIC,21.963157,23.349404,26.895554999999998,24.6389102,26.2990537,26.583658500000002,27.771889599999998,28.851081299999997,29.222626,24.6150209,26.0951203,24.3849155,28.0649024,30.1368506,34.3916108,0.2688425038666667,
V7,Central North VIC,Solar thermal,VIC,37.5630554,43.1284334,44.801938899999996,39.8300845,46.3396019,44.963340800000005,41.812316100000004,44.8220077,45.5959033,42.7278243,42.8211795,38.6693938,42.7596046,50.73080089999999,51.678687599999996,0.43882944846666666,
DN1,Dubbo,Wind High,NSW,36.977228581689396,36.0271472068141,37.0719911028983,34.9914424582557,38.5306574641574,35.5579275162485,35.8253305347615,39.2282466632536,38.9758310308375,38.729155349405296,37.758366067459896,38.4486942939939,37.5162658018942,37.5626584121166,36.3655645864646,0.3730443380468337,
DN3,Marulan,Wind High,NSW,33.9862294622953,31.589439207006798,34.3017298810896,35.153335633946796,32.3180619656468,32.924602052862,34.3887507875821,36.2074352001001,33.7613352920903,36.849637931878995,34.142092034892904,36.0757684747821,36.782786951407196,30.1113509694795,32.937402458124495,0.3410199722021233,
DN2,Yass,Wind High,NSW,32.942679656518095,29.1910226423783,30.682827449253903,31.801565676752503,30.9917302858078,30.722242586796998,31.3484546810353,32.512970885507805,31.314488936726097,34.2028997261555,31.720110981850702,33.943126683739,33.5718156922525,27.967276230703604,32.3264405830419,0.31682643513234665,
DN1,Dubbo,Large scale Solar PV,NSW,25.367986199999997,26.0967184,29.1473382,28.7280334,28.3818855,28.199469399999998,28.4123936,29.9194199,30.1315723,29.504300399999998,28.3403714,26.1266002,28.3454717,29.3243141,29.214279599999998,0.2834934362,
DN3,Marulan,Large scale Solar PV,NSW,20.2763827,20.458087499999998,23.8938588,24.4530007,22.871145000000002,23.984665999999997,23.8857135,25.4325599,24.4353193,24.704756,23.14143,21.1003933,24.2025376,24.6434432,24.3651397,0.23456562213333332,
DN2,Yass,Large scale Solar PV,NSW,22.9348421,22.993709300000003,26.318763299999997,25.664831500000002,25.4421939,25.850049000000002,25.436965299999997,26.8137118,26.8804987,26.965432099999997,25.3094521,23.0610462,25.3031835,26.993324200000004,27.7133446,0.25578756506666667,
CNSW,Central New South Wales,Distributed Resources Solar,NSW,23.8515607,24.812963699999997,28.376021899999998,28.097128599999998,27.6198392,27.808757899999996,27.78173,29.3809918,29.3202952,28.4601843,27.126184199999997,25.309851300000002,27.5322253,28.824797800000002,28.6676471,0.2753134526666666,
NNSW,Northern New South Wales,Distributed Resources Solar,NSW,22.136212,23.8969684,27.0045789,28.216628500000002,26.2181712,27.651553,26.709304299999996,28.6985251,28.6496939,27.698542599999996,26.3745318,25.0438141,28.6304212,28.1338507,26.901269,0.2679760431333334,
SNSW,Southern NSW,Distributed Resources Solar,NSW,23.1299425,22.8406033,25.9581377,25.504500000000004,25.215717799999997,25.777787099999998,25.4110935,26.761632400000003,26.7380098,26.5325384,25.119768799999996,22.7538038,25.351960499999997,26.504100800000003,27.653278399999998,0.2541685832,
SNW,"Sydney, Newcastle and Wollongong",Distributed Resources Solar,NSW,21.118818,21.5769068,23.4925216,25.045171900000003,23.4176103,24.684321100000002,24.4258915,25.5315303,25.526739199999998,24.1158741,23.1252962,22.7142359,25.565745,24.3903264,23.4281889,0.23877278480000005,
CQ,Central Queensland,Distributed Resources Solar,QLD,23.2235669,26.838694099999998,27.302871899999996,28.858604500000002,29.3474947,29.286012099999997,28.9693924,29.5495827,29.2061075,30.7192017,28.5223823,28.7603738,28.7345495,28.4788225,28.170220899999997,0.28397858499999995,
GG,Gladstone grid,Distributed Resources Solar,QLD,23.3045003,26.4016069,27.0649762,28.6194789,28.491098700000002,28.9218811,28.490763200000004,29.042075099999998,29.0278541,29.6481881,28.2592501,27.654974199999998,28.165444499999996,27.4488864,28.1101359,0.27910074246666666,
NQ,North Queensland,Distributed Resources Solar,QLD,23.125426299999997,26.9894355,28.8154499,28.2825161,30.1640242,29.8471961,28.934829,29.370521399999998,28.9431954,30.9277302,28.155592000000002,29.181735800000002,28.4306748,27.5376223,27.0644495,0.2838469323333333,
SQ,South Queensland,Distributed Resources Solar,QLD,21.6583468,23.639832,24.9567293,26.9175602,25.7390806,25.735100199999998,27.106511700000002,27.3413425,27.2825886,27.5338761,25.728169299999998,24.3001068,26.4564601,25.863642399999996,25.5808488,0.25722679693333333,
CSA,Central South Australia,Distributed Resources Solar,SA,22.2533563,23.7150176,25.0717981,23.8005202,24.7972179,25.299495999999998,24.757902400000003,24.775139900000003,25.7652081,25.8161193,25.262732399999997,25.186185700000003,24.7556319,27.7194616,28.026005599999998,0.25133452866666667,
NSA,Northern South Australia,Distributed Resources Solar,SA,25.7413778,27.521963999999997,28.205061999999998,27.2179685,28.660845899999998,28.165699900000003,28.7081851,28.4975009,29.371807999999998,30.746244,28.749904599999997,28.6680564,28.941445100000003,30.4544859,30.5698955,0.2868136290666667,
SESA,South East South Australia,Distributed Resources Solar,SA,19.4053331,21.2480446,21.6307736,20.7290633,20.6157288,21.8612015,21.7600437,22.2464487,22.2013268,21.625252,21.6699171,21.8691453,22.175883,23.801782,24.158748499999998,0.21799912800000001,
TAS,Tasmania,Distributed Resources Solar,TAS,20.6181276,21.6830061,22.6049976,20.96397,21.9088879,23.2912635,22.9358012,23.655542,23.2953341,22.7853727,22.356107,21.9430975,22.9618782,24.5828642,24.013310099999998,0.22639970646666668,
MEL,Greater Melbourne and Geelong,Distributed Resources Solar,VIC,18.511317299999998,19.8888185,21.4816014,19.9727533,21.0828646,21.5377967,21.639736300000003,22.8686129,23.3116526,21.58802,20.7462182,21.3308859,21.3342816,22.70806,24.043492,0.21469740753333333,
SEV,South East Victoria,Distributed Resources Solar,VIC,18.1816268,18.8712297,20.765004100000002,19.4093393,19.8591495,20.2816778,21.1195515,21.8049055,21.8777279,20.2130751,20.3981639,20.2405922,21.5387506,21.5077834,22.9741908,0.20602851206666667,
WNV,West and North Victoria,Distributed Resources Solar,VIC,18.662594199999997,19.8068023,21.717575,20.3805205,21.3184249,21.651645,21.8718053,23.0053478,23.2704203,21.3512906,20.7626497,20.9071208,21.5327156,23.7378613,24.4764353,0.21630213906666668,
