Generator Type,Region,Scenario,Notes,2024-25,2025-26,2026-27,2027-28,2028-29,2029-30,2030-31,2031-32,2032-33,2033-34,2034-35,2035-36,2036-37,2037-38,2038-39,2039-40,2040-41,2041-42,2042-43,2043-44,2044-45,2045-46,2046-47,2047-48,2048-49,2049-50,2050-51,2051-52,2052-53,2053-54,2054-55
CCGT,NSW,Accelerated Transition,,40438356.0,40674662.0,41414258.0,42026253.0,42650572.0,43317357.0,44141936.0,44858250.0,45488761.0,46193804.0,46927000.0,47614392.0,48219029.0,48817889.0,49427156.0,50046636.0,50676776.0,51319470.0,51975267.0,52643780.0,53325298.0,54020072.0,54728343.0,55450331.0,56186335.0,56936567.0,57701331.0,58480893.0,59275533.0,60085581.0,60911314.0
CCGT with CCS,NSW,Accelerated Transition,,40438356.0,40674662.0,41414258.0,42026253.0,42650572.0,43317357.0,44141936.0,44858250.0,45488761.0,46193804.0,46927000.0,47614392.0,48219029.0,48817889.0,49427156.0,50046636.0,50676776.0,51319470.0,51975267.0,52643780.0,53325298.0,54020072.0,54728343.0,55450331.0,56186335.0,56936567.0,57701331.0,58480893.0,59275533.0,60085581.0,60911314.0
OCGT (small GT),NSW,Accelerated Transition,,40438356.0,40674662.0,41414258.0,42026253.0,42650572.0,43317357.0,44141936.0,44858250.0,45488761.0,46193804.0,46927000.0,47614392.0,48219029.0,48817889.0,49427156.0,50046636.0,50676776.0,51319470.0,51975267.0,52643780.0,53325298.0,54020072.0,54728343.0,55450331.0,56186335.0,56936567.0,57701331.0,58480893.0,59275533.0,60085581.0,60911314.0
OCGT (large GT),NSW,Accelerated Transition,,40438356.0,40674662.0,41414258.0,42026253.0,42650572.0,43317357.0,44141936.0,44858250.0,45488761.0,46193804.0,46927000.0,47614392.0,48219029.0,48817889.0,49427156.0,50046636.0,50676776.0,51319470.0,51975267.0,52643780.0,53325298.0,54020072.0,54728343.0,55450331.0,56186335.0,56936567.0,57701331.0,58480893.0,59275533.0,60085581.0,60911314.0
Distributed Resources Solar,NSW,Accelerated Transition,,3937475.594163504,3957524.555858403,4037752.62905992,4106658.800804019,4174628.417182306,4249348.45768718,4339151.400474421,4415573.534759101,4484803.621315635,4562530.18888816,4643178.44840443,4719995.709632449,4790255.74461994,4861316.153875941,4934168.606955294,5008695.004716421,5085008.103520101,5163341.911245821,5243775.753908964,5326316.615868136,5411037.264441431,5498008.555547304,5587302.88740124,5678993.420152112,5773163.47021147,5869890.664930177,5969264.637742296,6071374.179010734,6176312.693221277,6284182.121977703,6395082.04684697
Distributed Resources Batteries,NSW,Accelerated Transition,,2803236.381735565,2817509.988643115,2874627.359470353,2923684.244507431,2972074.360694221,3025270.356702044,3089204.435882435,3143612.216216171,3192899.708342763,3248236.163600974,3305652.680806763,3360341.766813762,3410362.517812421,3460953.085236562,3512819.47579234,3565877.610276617,3620207.764166727,3675976.536438512,3733240.402254045,3792004.334039868,3852320.137575749,3914238.257844451,3977810.237847771,4043088.163036427,4110131.349485011,4178995.063012689,4249743.11701903,4322438.724689666,4397148.38417716,4473944.671528189,4552898.48259081
Biomass,NSW,Accelerated Transition,,40438356.0,40674662.0,41414258.0,42026253.0,42650572.0,43317357.0,44141936.0,44858250.0,45488761.0,46193804.0,46927000.0,47614392.0,48219029.0,48817889.0,49427156.0,50046636.0,50676776.0,51319470.0,51975267.0,52643780.0,53325298.0,54020072.0,54728343.0,55450331.0,56186335.0,56936567.0,57701331.0,58480893.0,59275533.0,60085581.0,60911314.0
Battery storage (1hr storage),NSW,Accelerated Transition,,33861723.0,33963650.0,34551173.0,35044244.0,35554370.0,36093799.0,36764995.0,37353126.0,37867984.0,38442013.0,39039870.0,39599685.0,40085918.0,40564109.0,41049597.0,41542594.0,42043376.0,42553424.0,43073189.0,43602290.0,44140914.0,44689213.0,45247328.0,45815378.0,46393549.0,46981948.0,47580756.0,48190122.0,48810201.0,49441187.0,50083226.0
Battery storage (2hrs storage),NSW,Accelerated Transition,,33861723.0,33963650.0,34551173.0,35044244.0,35554370.0,36093799.0,36764995.0,37353126.0,37867984.0,38442013.0,39039870.0,39599685.0,40085918.0,40564109.0,41049597.0,41542594.0,42043376.0,42553424.0,43073189.0,43602290.0,44140914.0,44689213.0,45247328.0,45815378.0,46393549.0,46981948.0,47580756.0,48190122.0,48810201.0,49441187.0,50083226.0
Battery storage (4hrs storage),NSW,Accelerated Transition,,33861723.0,33963650.0,34551173.0,35044244.0,35554370.0,36093799.0,36764995.0,37353126.0,37867984.0,38442013.0,39039870.0,39599685.0,40085918.0,40564109.0,41049597.0,41542594.0,42043376.0,42553424.0,43073189.0,43602290.0,44140914.0,44689213.0,45247328.0,45815378.0,46393549.0,46981948.0,47580756.0,48190122.0,48810201.0,49441187.0,50083226.0
Battery Storage (8hrs storage),NSW,Accelerated Transition,,33861723.0,33963650.0,34551173.0,35044244.0,35554370.0,36093799.0,36764995.0,37353126.0,37867984.0,38442013.0,39039870.0,39599685.0,40085918.0,40564109.0,41049597.0,41542594.0,42043376.0,42553424.0,43073189.0,43602290.0,44140914.0,44689213.0,45247328.0,45815378.0,46393549.0,46981948.0,47580756.0,48190122.0,48810201.0,49441187.0,50083226.0
Pumped Hydro (10hrs storage),NSW,Accelerated Transition,,40438356.0,40674662.0,41414258.0,42026253.0,42650572.0,43317357.0,44141936.0,44858250.0,45488761.0,46193804.0,46927000.0,47614392.0,48219029.0,48817889.0,49427156.0,50046636.0,50676776.0,51319470.0,51975267.0,52643780.0,53325298.0,54020072.0,54728343.0,55450331.0,56186335.0,56936567.0,57701331.0,58480893.0,59275533.0,60085581.0,60911314.0
Pumped Hydro (24hrs storage),NSW,Accelerated Transition,,40438356.0,40674662.0,41414258.0,42026253.0,42650572.0,43317357.0,44141936.0,44858250.0,45488761.0,46193804.0,46927000.0,47614392.0,48219029.0,48817889.0,49427156.0,50046636.0,50676776.0,51319470.0,51975267.0,52643780.0,53325298.0,54020072.0,54728343.0,55450331.0,56186335.0,56936567.0,57701331.0,58480893.0,59275533.0,60085581.0,60911314.0
Pumped Hydro (48hrs storage),NSW,Accelerated Transition,,40438356.0,40674662.0,41414258.0,42026253.0,42650572.0,43317357.0,44141936.0,44858250.0,45488761.0,46193804.0,46927000.0,47614392.0,48219029.0,48817889.0,49427156.0,50046636.0,50676776.0,51319470.0,51975267.0,52643780.0,53325298.0,54020072.0,54728343.0,55450331.0,56186335.0,56936567.0,57701331.0,58480893.0,59275533.0,60085581.0,60911314.0
Alkaline Electrolyser,NSW,Accelerated Transition,,40438356.0,40674662.0,41414258.0,42026253.0,42650572.0,43317357.0,44141936.0,44858250.0,45488761.0,46193804.0,46927000.0,47614392.0,48219029.0,48817889.0,49427156.0,50046636.0,50676776.0,51319470.0,51975267.0,52643780.0,53325298.0,54020072.0,54728343.0,55450331.0,56186335.0,56936567.0,57701331.0,58480893.0,59275533.0,60085581.0,60911314.0
BOTN - Cethana,NSW,Accelerated Transition,,0.0,0.0,0.0,0.0,0.0,0.0,0.0,0.0,0.0,0.0,0.0,0.0,0.0,0.0,0.0,0.0,0.0,0.0,0.0,0.0,0.0,0.0,0.0,0.0,0.0,0.0,0.0,0.0,0.0,0.0,0.0
CCGT,QLD,Accelerated Transition,,35949544.0,36149981.0,36801295.0,37343415.0,37889987.0,38480342.0,39212690.0,39842959.0,40397373.0,41018819.0,41665278.0,42273484.0,42810909.0,43344184.0,43887110.0,44439346.0,45001310.0,45574708.0,46160024.0,46756922.0,47365667.0,47986490.0,48619613.0,49265239.0,49923643.0,50595024.0,51279659.0,51977796.0,52689694.0,53415656.0,54155938.0
CCGT with CCS,QLD,Accelerated Transition,,35949544.0,36149981.0,36801295.0,37343415.0,37889987.0,38480342.0,39212690.0,39842959.0,40397373.0,41018819.0,41665278.0,42273484.0,42810909.0,43344184.0,43887110.0,44439346.0,45001310.0,45574708.0,46160024.0,46756922.0,47365667.0,47986490.0,48619613.0,49265239.0,49923643.0,50595024.0,51279659.0,51977796.0,52689694.0,53415656.0,54155938.0
OCGT (small GT),QLD,Accelerated Transition,,35949544.0,36149981.0,36801295.0,37343415.0,37889987.0,38480342.0,39212690.0,39842959.0,40397373.0,41018819.0,41665278.0,42273484.0,42810909.0,43344184.0,43887110.0,44439346.0,45001310.0,45574708.0,46160024.0,46756922.0,47365667.0,47986490.0,48619613.0,49265239.0,49923643.0,50595024.0,51279659.0,51977796.0,52689694.0,53415656.0,54155938.0
OCGT (large GT),QLD,Accelerated Transition,,35949544.0,36149981.0,36801295.0,37343415.0,37889987.0,38480342.0,39212690.0,39842959.0,40397373.0,41018819.0,41665278.0,42273484.0,42810909.0,43344184.0,43887110.0,44439346.0,45001310.0,45574708.0,46160024.0,46756922.0,47365667.0,47986490.0,48619613.0,49265239.0,49923643.0,50595024.0,51279659.0,51977796.0,52689694.0,53415656.0,54155938.0
Distributed Resources Solar,QLD,Accelerated Transition,,3937475.594163504,3957524.555858403,4037752.62905992,4106658.800804019,4174628.417182306,4249348.45768718,4339151.400474421,4415573.534759101,4484803.621315635,4562530.18888816,4643178.44840443,4719995.709632449,4790255.74461994,4861316.153875941,4934168.606955294,5008695.004716421,5085008.103520101,5163341.911245821,5243775.753908964,5326316.615868136,5411037.264441431,5498008.555547304,5587302.88740124,5678993.420152112,5773163.47021147,5869890.664930177,5969264.637742296,6071374.179010734,6176312.693221277,6284182.121977703,6395082.04684697
Distributed Resources Batteries,QLD,Accelerated Transition,,2803236.381735565,2817509.988643115,2874627.359470353,2923684.244507431,2972074.360694221,3025270.356702044,3089204.435882435,3143612.216216171,3192899.708342763,3248236.163600974,3305652.680806763,3360341.766813762,3410362.517812421,3460953.085236562,3512819.47579234,3565877.610276617,3620207.764166727,3675976.536438512,3733240.402254045,3792004.334039868,3852320.137575749,3914238.257844451,3977810.237847771,4043088.163036427,4110131.349485011,4178995.063012689,4249743.11701903,4322438.724689666,4397148.38417716,4473944.671528189,4552898.48259081
Biomass,QLD,Accelerated Transition,,35949544.0,36149981.0,36801295.0,37343415.0,37889987.0,38480342.0,39212690.0,39842959.0,40397373.0,41018819.0,41665278.0,42273484.0,42810909.0,43344184.0,43887110.0,44439346.0,45001310.0,45574708.0,46160024.0,46756922.0,47365667.0,47986490.0,48619613.0,49265239.0,49923643.0,50595024.0,51279659.0,51977796.0,52689694.0,53415656.0,54155938.0
Battery storage (1hr storage),QLD,Accelerated Transition,,29785142.0,29859892.0,30369039.0,30800186.0,31240365.0,31711866.0,32300873.0,32811517.0,33258095.0,33757311.0,34277495.0,34766690.0,35193662.0,35614371.0,36041826.0,36476068.0,36917358.0,37367014.0,37825427.0,38292271.0,38767715.0,39251897.0,39744945.0,40246971.0,40758142.0,41278560.0,41808389.0,42347768.0,42896837.0,43455775.0,44024717.0
Battery storage (2hrs storage),QLD,Accelerated Transition,,29785142.0,29859892.0,30369039.0,30800186.0,31240365.0,31711866.0,32300873.0,32811517.0,33258095.0,33757311.0,34277495.0,34766690.0,35193662.0,35614371.0,36041826.0,36476068.0,36917358.0,37367014.0,37825427.0,38292271.0,38767715.0,39251897.0,39744945.0,40246971.0,40758142.0,41278560.0,41808389.0,42347768.0,42896837.0,43455775.0,44024717.0
Battery storage (4hrs storage),QLD,Accelerated Transition,,29785142.0,29859892.0,30369039.0,30800186.0,31240365.0,31711866.0,32300873.0,32811517.0,33258095.0,33757311.0,34277495.0,34766690.0,35193662.0,35614371.0,36041826.0,36476068.0,36917358.0,37367014.0,37825427.0,38292271.0,38767715.0,39251897.0,39744945.0,40246971.0,40758142.0,41278560.0,41808389.0,42347768.0,42896837.0,43455775.0,44024717.0
Battery Storage (8hrs storage),QLD,Accelerated Transition,,29785142.0,29859892.0,30369039.0,30800186.0,31240365.0,31711866.0,32300873.0,32811517.0,33258095.0,33757311.0,34277495.0,34766690.0,35193662.0,35614371.0,36041826.0,36476068.0,36917358.0,37367014.0,37825427.0,38292271.0,38767715.0,39251897.0,39744945.0,40246971.0,40758142.0,41278560.0,41808389.0,42347768.0,42896837.0,43455775.0,44024717.0
Pumped Hydro (10hrs storage),QLD,Accelerated Transition,,35949544.0,36149981.0,36801295.0,37343415.0,37889987.0,38480342.0,39212690.0,39842959.0,40397373.0,41018819.0,41665278.0,42273484.0,42810909.0,43344184.0,43887110.0,44439346.0,45001310.0,45574708.0,46160024.0,46756922.0,47365667.0,47986490.0,48619613.0,49265239.0,49923643.0,50595024.0,51279659.0,51977796.0,52689694.0,53415656.0,54155938.0
Pumped Hydro (24hrs storage),QLD,Accelerated Transition,,35949544.0,36149981.0,36801295.0,37343415.0,37889987.0,38480342.0,39212690.0,39842959.0,40397373.0,41018819.0,41665278.0,42273484.0,42810909.0,43344184.0,43887110.0,44439346.0,45001310.0,45574708.0,46160024.0,46756922.0,47365667.0,47986490.0,48619613.0,49265239.0,49923643.0,50595024.0,51279659.0,51977796.0,52689694.0,53415656.0,54155938.0
Pumped Hydro (48hrs storage),QLD,Accelerated Transition,,35949544.0,36149981.0,36801295.0,37343415.0,37889987.0,38480342.0,39212690.0,39842959.0,40397373.0,41018819.0,41665278.0,42273484.0,42810909.0,43344184.0,43887110.0,44439346.0,45001310.0,45574708.0,46160024.0,46756922.0,47365667.0,47986490.0,48619613.0,49265239.0,49923643.0,50595024.0,51279659.0,51977796.0,52689694.0,53415656.0,54155938.0
Alkaline Electrolyser,QLD,Accelerated Transition,,35949544.0,36149981.0,36801295.0,37343415.0,37889987.0,38480342.0,39212690.0,39842959.0,40397373.0,41018819.0,41665278.0,42273484.0,42810909.0,43344184.0,43887110.0,44439346.0,45001310.0,45574708.0,46160024.0,46756922.0,47365667.0,47986490.0,48619613.0,49265239.0,49923643.0,50595024.0,51279659.0,51977796.0,52689694.0,53415656.0,54155938.0
BOTN - Cethana,QLD,Accelerated Transition,,0.0,0.0,0.0,0.0,0.0,0.0,0.0,0.0,0.0,0.0,0.0,0.0,0.0,0.0,0.0,0.0,0.0,0.0,0.0,0.0,0.0,0.0,0.0,0.0,0.0,0.0,0.0,0.0,0.0,0.0,0.0
CCGT,VIC,Accelerated Transition,,46462566.0,46736314.0,47560546.0,48231988.0,48909472.0,49641169.0,50562878.0,51357887.0,52049651.0,52826828.0,53636487.0,54395355.0,55064026.0,55725921.0,56399782.0,57085292.0,57782791.0,58494523.0,59221122.0,59962116.0,60717835.0,61488562.0,62274566.0,63076095.0,63893485.0,64726975.0,65576906.0,66443578.0,67327307.0,68228464.0,69147360.0
CCGT with CCS,VIC,Accelerated Transition,,46462566.0,46736314.0,47560546.0,48231988.0,48909472.0,49641169.0,50562878.0,51357887.0,52049651.0,52826828.0,53636487.0,54395355.0,55064026.0,55725921.0,56399782.0,57085292.0,57782791.0,58494523.0,59221122.0,59962116.0,60717835.0,61488562.0,62274566.0,63076095.0,63893485.0,64726975.0,65576906.0,66443578.0,67327307.0,68228464.0,69147360.0
OCGT (small GT),VIC,Accelerated Transition,,32299414.0,32487557.0,33111729.0,33643372.0,34174984.0,34756155.0,35452861.0,36040979.0,36570244.0,37163378.0,37777859.0,38356828.0,38868172.0,39377979.0,39897051.0,40424621.0,40961411.0,41508924.0,42067523.0,42636949.0,43217448.0,43809231.0,44412507.0,45027467.0,45654367.0,46293394.0,46944807.0,47608839.0,48285730.0,48975765.0,49679184.0
OCGT (large GT),VIC,Accelerated Transition,,32299414.0,32487557.0,33111729.0,33643372.0,34174984.0,34756155.0,35452861.0,36040979.0,36570244.0,37163378.0,37777859.0,38356828.0,38868172.0,39377979.0,39897051.0,40424621.0,40961411.0,41508924.0,42067523.0,42636949.0,43217448.0,43809231.0,44412507.0,45027467.0,45654367.0,46293394.0,46944807.0,47608839.0,48285730.0,48975765.0,49679184.0
Distributed Resources Solar,VIC,Accelerated Transition,,3937475.594163504,3957524.555858403,4037752.62905992,4106658.800804019,4174628.417182306,4249348.45768718,4339151.400474421,4415573.534759101,4484803.621315635,4562530.18888816,4643178.44840443,4719995.709632449,4790255.74461994,4861316.153875941,4934168.606955294,5008695.004716421,5085008.103520101,5163341.911245821,5243775.753908964,5326316.615868136,5411037.264441431,5498008.555547304,5587302.88740124,5678993.420152112,5773163.47021147,5869890.664930177,5969264.637742296,6071374.179010734,6176312.693221277,6284182.121977703,6395082.04684697
Distributed Resources Batteries,VIC,Accelerated Transition,,2803236.381735565,2817509.988643115,2874627.359470353,2923684.244507431,2972074.360694221,3025270.356702044,3089204.435882435,3143612.216216171,3192899.708342763,3248236.163600974,3305652.680806763,3360341.766813762,3410362.517812421,3460953.085236562,3512819.47579234,3565877.610276617,3620207.764166727,3675976.536438512,3733240.402254045,3792004.334039868,3852320.137575749,3914238.257844451,3977810.237847771,4043088.163036427,4110131.349485011,4178995.063012689,4249743.11701903,4322438.724689666,4397148.38417716,4473944.671528189,4552898.48259081
Biomass,VIC,Accelerated Transition,,32299414.0,32487557.0,33111729.0,33643372.0,34174984.0,34756155.0,35452861.0,36040979.0,36570244.0,37163378.0,37777859.0,38356828.0,38868172.0,39377979.0,39897051.0,40424621.0,40961411.0,41508924.0,42067523.0,42636949.0,43217448.0,43809231.0,44412507.0,45027467.0,45654367.0,46293394.0,46944807.0,47608839.0,48285730.0,48975765.0,49679184.0
Battery storage (1hr storage),VIC,Accelerated Transition,,26841219.0,26917455.0,27415599.0,27848365.0,28285318.0,28760681.0,29329820.0,29811465.0,30244670.0,30728939.0,31230938.0,31703687.0,32116192.0,32525187.0,32940816.0,33362652.0,33791276.0,34227845.0,34672636.0,35125399.0,35586287.0,36055430.0,36532950.0,37018954.0,37513600.0,38016985.0,38529266.0,39050572.0,39581039.0,40120834.0,40670089.0
Battery storage (2hrs storage),VIC,Accelerated Transition,,26841219.0,26917455.0,27415599.0,27848365.0,28285318.0,28760681.0,29329820.0,29811465.0,30244670.0,30728939.0,31230938.0,31703687.0,32116192.0,32525187.0,32940816.0,33362652.0,33791276.0,34227845.0,34672636.0,35125399.0,35586287.0,36055430.0,36532950.0,37018954.0,37513600.0,38016985.0,38529266.0,39050572.0,39581039.0,40120834.0,40670089.0
Battery storage (4hrs storage),VIC,Accelerated Transition,,26841219.0,26917455.0,27415599.0,27848365.0,28285318.0,28760681.0,29329820.0,29811465.0,30244670.0,30728939.0,31230938.0,31703687.0,32116192.0,32525187.0,32940816.0,33362652.0,33791276.0,34227845.0,34672636.0,35125399.0,35586287.0,36055430.0,36532950.0,37018954.0,37513600.0,38016985.0,38529266.0,39050572.0,39581039.0,40120834.0,40670089.0
Battery Storage (8hrs storage),VIC,Accelerated Transition,,26841219.0,26917455.0,27415599.0,27848365.0,28285318.0,28760681.0,29329820.0,29811465.0,30244670.0,30728939.0,31230938.0,31703687.0,32116192.0,32525187.0,32940816.0,33362652.0,33791276.0,34227845.0,34672636.0,35125399.0,35586287.0,36055430.0,36532950.0,37018954.0,37513600.0,38016985.0,38529266.0,39050572.0,39581039.0,40120834.0,40670089.0
Pumped Hydro (10hrs storage),VIC,Accelerated Transition,,32299414.0,32487557.0,33111729.0,33643372.0,34174984.0,34756155.0,35452861.0,36040979.0,36570244.0,37163378.0,37777859.0,38356828.0,38868172.0,39377979.0,39897051.0,40424621.0,40961411.0,41508924.0,42067523.0,42636949.0,43217448.0,43809231.0,44412507.0,45027467.0,45654367.0,46293394.0,46944807.0,47608839.0,48285730.0,48975765.0,49679184.0
Pumped Hydro (24hrs storage),VIC,Accelerated Transition,,32299414.0,32487557.0,33111729.0,33643372.0,34174984.0,34756155.0,35452861.0,36040979.0,36570244.0,37163378.0,37777859.0,38356828.0,38868172.0,39377979.0,39897051.0,40424621.0,40961411.0,41508924.0,42067523.0,42636949.0,43217448.0,43809231.0,44412507.0,45027467.0,45654367.0,46293394.0,46944807.0,47608839.0,48285730.0,48975765.0,49679184.0
Pumped Hydro (48hrs storage),VIC,Accelerated Transition,,32299414.0,32487557.0,33111729.0,33643372.0,34174984.0,34756155.0,35452861.0,36040979.0,36570244.0,37163378.0,37777859.0,38356828.0,38868172.0,39377979.0,39897051.0,40424621.0,40961411.0,41508924.0,42067523.0,42636949.0,43217448.0,43809231.0,44412507.0,45027467.0,45654367.0,46293394.0,46944807.0,47608839.0,48285730.0,48975765.0,49679184.0
Alkaline Electrolyser,VIC,Accelerated Transition,,32299414.0,32487557.0,33111729.0,33643372.0,34174984.0,34756155.0,35452861.0,36040979.0,36570244.0,37163378.0,37777859.0,38356828.0,38868172.0,39377979.0,39897051.0,40424621.0,40961411.0,41508924.0,42067523.0,42636949.0,43217448.0,43809231.0,44412507.0,45027467.0,45654367.0,46293394.0,46944807.0,47608839.0,48285730.0,48975765.0,49679184.0
BOTN - Cethana,VIC,Accelerated Transition,,0.0,0.0,0.0,0.0,0.0,0.0,0.0,0.0,0.0,0.0,0.0,0.0,0.0,0.0,0.0,0.0,0.0,0.0,0.0,0.0,0.0,0.0,0.0,0.0,0.0,0.0,0.0,0.0,0.0,0.0,0.0
CCGT,SA,Accelerated Transition,,35949544.0,36149981.0,36801295.0,37343415.0,37889987.0,38480342.0,39212690.0,39842959.0,40397373.0,41018819.0,41665278.0,42273484.0,42810909.0,43344184.0,43887110.0,44439346.0,45001310.0,45574708.0,46160024.0,46756922.0,47365667.0,47986490.0,48619613.0,49265239.0,49923643.0,50595024.0,51279659.0,51977796.0,52689694.0,53415656.0,54155938.0
CCGT with CCS,SA,Accelerated Transition,,35949544.0,36149981.0,36801295.0,37343415.0,37889987.0,38480342.0,39212690.0,39842959.0,40397373.0,41018819.0,41665278.0,42273484.0,42810909.0,43344184.0,43887110.0,44439346.0,45001310.0,45574708.0,46160024.0,46756922.0,47365667.0,47986490.0,48619613.0,49265239.0,49923643.0,50595024.0,51279659.0,51977796.0,52689694.0,53415656.0,54155938.0
OCGT (small GT),SA,Accelerated Transition,,35949544.0,36149981.0,36801295.0,37343415.0,37889987.0,38480342.0,39212690.0,39842959.0,40397373.0,41018819.0,41665278.0,42273484.0,42810909.0,43344184.0,43887110.0,44439346.0,45001310.0,45574708.0,46160024.0,46756922.0,47365667.0,47986490.0,48619613.0,49265239.0,49923643.0,50595024.0,51279659.0,51977796.0,52689694.0,53415656.0,54155938.0
OCGT (large GT),SA,Accelerated Transition,,35949544.0,36149981.0,36801295.0,37343415.0,37889987.0,38480342.0,39212690.0,39842959.0,40397373.0,41018819.0,41665278.0,42273484.0,42810909.0,43344184.0,43887110.0,44439346.0,45001310.0,45574708.0,46160024.0,46756922.0,47365667.0,47986490.0,48619613.0,49265239.0,49923643.0,50595024.0,51279659.0,51977796.0,52689694.0,53415656.0,54155938.0
Distributed Resources Solar,SA,Accelerated Transition,,3937475.594163504,3957524.555858403,4037752.62905992,4106658.800804019,4174628.417182306,4249348.45768718,4339151.400474421,4415573.534759101,4484803.621315635,4562530.18888816,4643178.44840443,4719995.709632449,4790255.74461994,4861316.153875941,4934168.606955294,5008695.004716421,5085008.103520101,5163341.911245821,5243775.753908964,5326316.615868136,5411037.264441431,5498008.555547304,5587302.88740124,5678993.420152112,5773163.47021147,5869890.664930177,5969264.637742296,6071374.179010734,6176312.693221277,6284182.121977703,6395082.04684697
Distributed Resources Batteries,SA,Accelerated Transition,,2803236.381735565,2817509.988643115,2874627.359470353,2923684.244507431,2972074.360694221,3025270.356702044,3089204.435882435,3143612.216216171,3192899.708342763,3248236.163600974,3305652.680806763,3360341.766813762,3410362.517812421,3460953.085236562,3512819.47579234,3565877.610276617,3620207.764166727,3675976.536438512,3733240.402254045,3792004.334039868,3852320.137575749,3914238.257844451,3977810.237847771,4043088.163036427,4110131.349485011,4178995.063012689,4249743.11701903,4322438.724689666,4397148.38417716,4473944.671528189,4552898.48259081
Biomass,SA,Accelerated Transition,,35949544.0,36149981.0,36801295.0,37343415.0,37889987.0,38480342.0,39212690.0,39842959.0,40397373.0,41018819.0,41665278.0,42273484.0,42810909.0,43344184.0,43887110.0,44439346.0,45001310.0,45574708.0,46160024.0,46756922.0,47365667.0,47986490.0,48619613.0,49265239.0,49923643.0,50595024.0,51279659.0,51977796.0,52689694.0,53415656.0,54155938.0
Battery storage (1hr storage),SA,Accelerated Transition,,29785142.0,29859892.0,30369039.0,30800186.0,31240365.0,31711866.0,32300873.0,32811517.0,33258095.0,33757311.0,34277495.0,34766690.0,35193662.0,35614371.0,36041826.0,36476068.0,36917358.0,37367014.0,37825427.0,38292271.0,38767715.0,39251897.0,39744945.0,40246971.0,40758142.0,41278560.0,41808389.0,42347768.0,42896837.0,43455775.0,44024717.0
Battery storage (2hrs storage),SA,Accelerated Transition,,29785142.0,29859892.0,30369039.0,30800186.0,31240365.0,31711866.0,32300873.0,32811517.0,33258095.0,33757311.0,34277495.0,34766690.0,35193662.0,35614371.0,36041826.0,36476068.0,36917358.0,37367014.0,37825427.0,38292271.0,38767715.0,39251897.0,39744945.0,40246971.0,40758142.0,41278560.0,41808389.0,42347768.0,42896837.0,43455775.0,44024717.0
Battery storage (4hrs storage),SA,Accelerated Transition,,29785142.0,29859892.0,30369039.0,30800186.0,31240365.0,31711866.0,32300873.0,32811517.0,33258095.0,33757311.0,34277495.0,34766690.0,35193662.0,35614371.0,36041826.0,36476068.0,36917358.0,37367014.0,37825427.0,38292271.0,38767715.0,39251897.0,39744945.0,40246971.0,40758142.0,41278560.0,41808389.0,42347768.0,42896837.0,43455775.0,44024717.0
Battery Storage (8hrs storage),SA,Accelerated Transition,,29785142.0,29859892.0,30369039.0,30800186.0,31240365.0,31711866.0,32300873.0,32811517.0,33258095.0,33757311.0,34277495.0,34766690.0,35193662.0,35614371.0,36041826.0,36476068.0,36917358.0,37367014.0,37825427.0,38292271.0,38767715.0,39251897.0,39744945.0,40246971.0,40758142.0,41278560.0,41808389.0,42347768.0,42896837.0,43455775.0,44024717.0
Pumped Hydro (10hrs storage),SA,Accelerated Transition,,35949544.0,36149981.0,36801295.0,37343415.0,37889987.0,38480342.0,39212690.0,39842959.0,40397373.0,41018819.0,41665278.0,42273484.0,42810909.0,43344184.0,43887110.0,44439346.0,45001310.0,45574708.0,46160024.0,46756922.0,47365667.0,47986490.0,48619613.0,49265239.0,49923643.0,50595024.0,51279659.0,51977796.0,52689694.0,53415656.0,54155938.0
Pumped Hydro (24hrs storage),SA,Accelerated Transition,,35949544.0,36149981.0,36801295.0,37343415.0,37889987.0,38480342.0,39212690.0,39842959.0,40397373.0,41018819.0,41665278.0,42273484.0,42810909.0,43344184.0,43887110.0,44439346.0,45001310.0,45574708.0,46160024.0,46756922.0,47365667.0,47986490.0,48619613.0,49265239.0,49923643.0,50595024.0,51279659.0,51977796.0,52689694.0,53415656.0,54155938.0
Pumped Hydro (48hrs storage),SA,Accelerated Transition,,35949544.0,36149981.0,36801295.0,37343415.0,37889987.0,38480342.0,39212690.0,39842959.0,40397373.0,41018819.0,41665278.0,42273484.0,42810909.0,43344184.0,43887110.0,44439346.0,45001310.0,45574708.0,46160024.0,46756922.0,47365667.0,47986490.0,48619613.0,49265239.0,49923643.0,50595024.0,51279659.0,51977796.0,52689694.0,53415656.0,54155938.0
Alkaline Electrolyser,SA,Accelerated Transition,,35949544.0,36149981.0,36801295.0,37343415.0,37889987.0,38480342.0,39212690.0,39842959.0,40397373.0,41018819.0,41665278.0,42273484.0,42810909.0,43344184.0,43887110.0,44439346.0,45001310.0,45574708.0,46160024.0,46756922.0,47365667.0,47986490.0,48619613.0,49265239.0,49923643.0,50595024.0,51279659.0,51977796.0,52689694.0,53415656.0,54155938.0
BOTN - Cethana,SA,Accelerated Transition,,0.0,0.0,0.0,0.0,0.0,0.0,0.0,0.0,0.0,0.0,0.0,0.0,0.0,0.0,0.0,0.0,0.0,0.0,0.0,0.0,0.0,0.0,0.0,0.0,0.0,0.0,0.0,0.0,0.0,0.0,0.0
CCGT,TAS,Accelerated Transition,,32299414.0,32487557.0,33111729.0,33643372.0,34174984.0,34756155.0,35452861.0,36040979.0,36570244.0,37163378.0,37777859.0,38356828.0,38868172.0,39377979.0,39897051.0,40424621.0,40961411.0,41508924.0,42067523.0,42636949.0,43217448.0,43809231.0,44412507.0,45027467.0,45654367.0,46293394.0,46944807.0,47608839.0,48285730.0,48975765.0,49679184.0
CCGT with CCS,TAS,Accelerated Transition,,32299414.0,32487557.0,33111729.0,33643372.0,34174984.0,34756155.0,35452861.0,36040979.0,36570244.0,37163378.0,37777859.0,38356828.0,38868172.0,39377979.0,39897051.0,40424621.0,40961411.0,41508924.0,42067523.0,42636949.0,43217448.0,43809231.0,44412507.0,45027467.0,45654367.0,46293394.0,46944807.0,47608839.0,48285730.0,48975765.0,49679184.0
OCGT (small GT),TAS,Accelerated Transition,,32299414.0,32487557.0,33111729.0,33643372.0,34174984.0,34756155.0,35452861.0,36040979.0,36570244.0,37163378.0,37777859.0,38356828.0,38868172.0,39377979.0,39897051.0,40424621.0,40961411.0,41508924.0,42067523.0,42636949.0,43217448.0,43809231.0,44412507.0,45027467.0,45654367.0,46293394.0,46944807.0,47608839.0,48285730.0,48975765.0,49679184.0
OCGT (large GT),TAS,Accelerated Transition,,32299414.0,32487557.0,33111729.0,33643372.0,34174984.0,34756155.0,35452861.0,36040979.0,36570244.0,37163378.0,37777859.0,38356828.0,38868172.0,39377979.0,39897051.0,40424621.0,40961411.0,41508924.0,42067523.0,42636949.0,43217448.0,43809231.0,44412507.0,45027467.0,45654367.0,46293394.0,46944807.0,47608839.0,48285730.0,48975765.0,49679184.0
Distributed Resources Solar,TAS,Accelerated Transition,,3937475.594163504,3957524.555858403,4037752.62905992,4106658.800804019,4174628.417182306,4249348.45768718,4339151.400474421,4415573.534759101,4484803.621315635,4562530.18888816,4643178.44840443,4719995.709632449,4790255.74461994,4861316.153875941,4934168.606955294,5008695.004716421,5085008.103520101,5163341.911245821,5243775.753908964,5326316.615868136,5411037.264441431,5498008.555547304,5587302.88740124,5678993.420152112,5773163.47021147,5869890.664930177,5969264.637742296,6071374.179010734,6176312.693221277,6284182.121977703,6395082.04684697
Distributed Resources Batteries,TAS,Accelerated Transition,,2803236.381735565,2817509.988643115,2874627.359470353,2923684.244507431,2972074.360694221,3025270.356702044,3089204.435882435,3143612.216216171,3192899.708342763,3248236.163600974,3305652.680806763,3360341.766813762,3410362.517812421,3460953.085236562,3512819.47579234,3565877.610276617,3620207.764166727,3675976.536438512,3733240.402254045,3792004.334039868,3852320.137575749,3914238.257844451,3977810.237847771,4043088.163036427,4110131.349485011,4178995.063012689,4249743.11701903,4322438.724689666,4397148.38417716,4473944.671528189,4552898.48259081
Biomass,TAS,Accelerated Transition,,32299414.0,32487557.0,33111729.0,33643372.0,34174984.0,34756155.0,35452861.0,36040979.0,36570244.0,37163378.0,37777859.0,38356828.0,38868172.0,39377979.0,39897051.0,40424621.0,40961411.0,41508924.0,42067523.0,42636949.0,43217448.0,43809231.0,44412507.0,45027467.0,45654367.0,46293394.0,46944807.0,47608839.0,48285730.0,48975765.0,49679184.0
Battery storage (1hr storage),TAS,Accelerated Transition,,26841219.0,26917455.0,27415599.0,27848365.0,28285318.0,28760681.0,29329820.0,29811465.0,30244670.0,30728939.0,31230938.0,31703687.0,32116192.0,32525187.0,32940816.0,33362652.0,33791276.0,34227845.0,34672636.0,35125399.0,35586287.0,36055430.0,36532950.0,37018954.0,37513600.0,38016985.0,38529266.0,39050572.0,39581039.0,40120834.0,40670089.0
Battery storage (2hrs storage),TAS,Accelerated Transition,,26841219.0,26917455.0,27415599.0,27848365.0,28285318.0,28760681.0,29329820.0,29811465.0,30244670.0,30728939.0,31230938.0,31703687.0,32116192.0,32525187.0,32940816.0,33362652.0,33791276.0,34227845.0,34672636.0,35125399.0,35586287.0,36055430.0,36532950.0,37018954.0,37513600.0,38016985.0,38529266.0,39050572.0,39581039.0,40120834.0,40670089.0
Battery storage (4hrs storage),TAS,Accelerated Transition,,26841219.0,26917455.0,27415599.0,27848365.0,28285318.0,28760681.0,29329820.0,29811465.0,30244670.0,30728939.0,31230938.0,31703687.0,32116192.0,32525187.0,32940816.0,33362652.0,33791276.0,34227845.0,34672636.0,35125399.0,35586287.0,36055430.0,36532950.0,37018954.0,37513600.0,38016985.0,38529266.0,39050572.0,39581039.0,40120834.0,40670089.0
Battery Storage (8hrs storage),TAS,Accelerated Transition,,26841219.0,26917455.0,27415599.0,27848365.0,28285318.0,28760681.0,29329820.0,29811465.0,30244670.0,30728939.0,31230938.0,31703687.0,32116192.0,32525187.0,32940816.0,33362652.0,33791276.0,34227845.0,34672636.0,35125399.0,35586287.0,36055430.0,36532950.0,37018954.0,37513600.0,38016985.0,38529266.0,39050572.0,39581039.0,40120834.0,40670089.0
Pumped Hydro (10hrs storage),TAS,Accelerated Transition,,32299414.0,32487557.0,33111729.0,33643372.0,34174984.0,34756155.0,35452861.0,36040979.0,36570244.0,37163378.0,37777859.0,38356828.0,38868172.0,39377979.0,39897051.0,40424621.0,40961411.0,41508924.0,42067523.0,42636949.0,43217448.0,43809231.0,44412507.0,45027467.0,45654367.0,46293394.0,46944807.0,47608839.0,48285730.0,48975765.0,49679184.0
Pumped Hydro (24hrs storage),TAS,Accelerated Transition,,32299414.0,32487557.0,33111729.0,33643372.0,34174984.0,34756155.0,35452861.0,36040979.0,36570244.0,37163378.0,37777859.0,38356828.0,38868172.0,39377979.0,39897051.0,40424621.0,40961411.0,41508924.0,42067523.0,42636949.0,43217448.0,43809231.0,44412507.0,45027467.0,45654367.0,46293394.0,46944807.0,47608839.0,48285730.0,48975765.0,49679184.0
Pumped Hydro (48hrs storage),TAS,Accelerated Transition,,32299414.0,32487557.0,33111729.0,33643372.0,34174984.0,34756155.0,35452861.0,36040979.0,36570244.0,37163378.0,37777859.0,38356828.0,38868172.0,39377979.0,39897051.0,40424621.0,40961411.0,41508924.0,42067523.0,42636949.0,43217448.0,43809231.0,44412507.0,45027467.0,45654367.0,46293394.0,46944807.0,47608839.0,48285730.0,48975765.0,49679184.0
Alkaline Electrolyser,TAS,Accelerated Transition,,32299414.0,32487557.0,33111729.0,33643372.0,34174984.0,34756155.0,35452861.0,36040979.0,36570244.0,37163378.0,37777859.0,38356828.0,38868172.0,39377979.0,39897051.0,40424621.0,40961411.0,41508924.0,42067523.0,42636949.0,43217448.0,43809231.0,44412507.0,45027467.0,45654367.0,46293394.0,46944807.0,47608839.0,48285730.0,48975765.0,49679184.0
BOTN - Cethana,TAS,Accelerated Transition,,0.0,0.0,0.0,0.0,0.0,0.0,0.0,0.0,0.0,0.0,0.0,0.0,0.0,0.0,0.0,0.0,0.0,0.0,0.0,0.0,0.0,0.0,0.0,0.0,0.0,0.0,0.0,0.0,0.0,0.0,0.0
CCGT,NSW,Step Change,,40438356.0,40600911.0,41061130.0,41545094.0,42041451.0,42734408.0,43278596.0,43726507.0,44261782.0,44811959.0,45320317.0,45730956.0,46141733.0,46557571.0,46979589.0,47407106.0,47842759.0,48286544.0,48738065.0,49197518.0,49665090.0,50140902.0,50625110.0,51117866.0,51619342.0,52129699.0,52649117.0,53177788.0,53715888.0,54263638.0,54821240.0
CCGT with CCS,NSW,Step Change,,40438356.0,40600911.0,41061130.0,41545094.0,42041451.0,42734408.0,43278596.0,43726507.0,44261782.0,44811959.0,45320317.0,45730956.0,46141733.0,46557571.0,46979589.0,47407106.0,47842759.0,48286544.0,48738065.0,49197518.0,49665090.0,50140902.0,50625110.0,51117866.0,51619342.0,52129699.0,52649117.0,53177788.0,53715888.0,54263638.0,54821240.0
OCGT (small GT),NSW,Step Change,,40438356.0,40600911.0,41061130.0,41545094.0,42041451.0,42734408.0,43278596.0,43726507.0,44261782.0,44811959.0,45320317.0,45730956.0,46141733.0,46557571.0,46979589.0,47407106.0,47842759.0,48286544.0,48738065.0,49197518.0,49665090.0,50140902.0,50625110.0,51117866.0,51619342.0,52129699.0,52649117.0,53177788.0,53715888.0,54263638.0,54821240.0
OCGT (large GT),NSW,Step Change,,40438356.0,40600911.0,41061130.0,41545094.0,42041451.0,42734408.0,43278596.0,43726507.0,44261782.0,44811959.0,45320317.0,45730956.0,46141733.0,46557571.0,46979589.0,47407106.0,47842759.0,48286544.0,48738065.0,49197518.0,49665090.0,50140902.0,50625110.0,51117866.0,51619342.0,52129699.0,52649117.0,53177788.0,53715888.0,54263638.0,54821240.0
Distributed Resources Solar,NSW,Step Change,,3943046.285455781,3957524.555858403,4008673.687062525,4061938.952324533,4120455.240530393,4197408.649745291,4256456.073374481,4308226.221858143,4369366.308484272,4432299.863031784,4491406.582641781,4542872.07708655,4595624.793906189,4649623.202807114,4704900.024859935,4761479.83596761,4819660.143189197,4879465.115813744,4940902.880018204,5004036.08766582,5068929.773657013,5135644.671336631,5204247.481472007,5274807.612402496,5347398.782360571,5422096.85011443,5498982.501119566,5578140.988864855,5659659.168109922,5743632.228327147,5830156.932133812
Distributed Resources Batteries,NSW,Step Change,,2807202.365556538,2817509.988643115,2853924.971303096,2891846.50907379,2933506.446792753,2988292.461652006,3030330.534576306,3067187.642702225,3110715.560809675,3155520.315917498,3197600.603871889,3234240.817374529,3271797.45270794,3310240.942900306,3349594.583307596,3389875.870435791,3431296.610705486,3473874.011138984,3517613.857066085,3562560.752695304,3608760.998808596,3656257.833749361,3705098.744292614,3755333.144835328,3807013.518148845,3860193.870932072,3914931.646183428,3971287.53905542,4029323.384705191,4089106.952084129,4150707.130124411
Biomass,NSW,Step Change,,40438356.0,40600911.0,41061130.0,41545094.0,42041451.0,42734408.0,43278596.0,43726507.0,44261782.0,44811959.0,45320317.0,45730956.0,46141733.0,46557571.0,46979589.0,47407106.0,47842759.0,48286544.0,48738065.0,49197518.0,49665090.0,50140902.0,50625110.0,51117866.0,51619342.0,52129699.0,52649117.0,53177788.0,53715888.0,54263638.0,54821240.0
Battery storage (1hr storage),NSW,Step Change,,33861723.0,33903382.0,34270776.0,34665980.0,35062151.0,35622886.0,36067951.0,36429077.0,36860429.0,37304028.0,37714546.0,38036943.0,38356734.0,38679312.0,39005927.0,39335869.0,39671244.0,40012041.0,40357868.0,40708828.0,41065017.0,41426469.0,41793248.0,42165411.0,42543025.0,42926150.0,43314854.0,43709214.0,44109291.0,44515177.0,44926945.0
Battery storage (2hrs storage),NSW,Step Change,,33861723.0,33903382.0,34270776.0,34665980.0,35062151.0,35622886.0,36067951.0,36429077.0,36860429.0,37304028.0,37714546.0,38036943.0,38356734.0,38679312.0,39005927.0,39335869.0,39671244.0,40012041.0,40357868.0,40708828.0,41065017.0,41426469.0,41793248.0,42165411.0,42543025.0,42926150.0,43314854.0,43709214.0,44109291.0,44515177.0,44926945.0
Battery storage (4hrs storage),NSW,Step Change,,33861723.0,33903382.0,34270776.0,34665980.0,35062151.0,35622886.0,36067951.0,36429077.0,36860429.0,37304028.0,37714546.0,38036943.0,38356734.0,38679312.0,39005927.0,39335869.0,39671244.0,40012041.0,40357868.0,40708828.0,41065017.0,41426469.0,41793248.0,42165411.0,42543025.0,42926150.0,43314854.0,43709214.0,44109291.0,44515177.0,44926945.0
Battery Storage (8hrs storage),NSW,Step Change,,33861723.0,33903382.0,34270776.0,34665980.0,35062151.0,35622886.0,36067951.0,36429077.0,36860429.0,37304028.0,37714546.0,38036943.0,38356734.0,38679312.0,39005927.0,39335869.0,39671244.0,40012041.0,40357868.0,40708828.0,41065017.0,41426469.0,41793248.0,42165411.0,42543025.0,42926150.0,43314854.0,43709214.0,44109291.0,44515177.0,44926945.0
Pumped Hydro (10hrs storage),NSW,Step Change,,40438356.0,40600911.0,41061130.0,41545094.0,42041451.0,42734408.0,43278596.0,43726507.0,44261782.0,44811959.0,45320317.0,45730956.0,46141733.0,46557571.0,46979589.0,47407106.0,47842759.0,48286544.0,48738065.0,49197518.0,49665090.0,50140902.0,50625110.0,51117866.0,51619342.0,52129699.0,52649117.0,53177788.0,53715888.0,54263638.0,54821240.0
Pumped Hydro (24hrs storage),NSW,Step Change,,40438356.0,40600911.0,41061130.0,41545094.0,42041451.0,42734408.0,43278596.0,43726507.0,44261782.0,44811959.0,45320317.0,45730956.0,46141733.0,46557571.0,46979589.0,47407106.0,47842759.0,48286544.0,48738065.0,49197518.0,49665090.0,50140902.0,50625110.0,51117866.0,51619342.0,52129699.0,52649117.0,53177788.0,53715888.0,54263638.0,54821240.0
Pumped Hydro (48hrs storage),NSW,Step Change,,40438356.0,40600911.0,41061130.0,41545094.0,42041451.0,42734408.0,43278596.0,43726507.0,44261782.0,44811959.0,45320317.0,45730956.0,46141733.0,46557571.0,46979589.0,47407106.0,47842759.0,48286544.0,48738065.0,49197518.0,49665090.0,50140902.0,50625110.0,51117866.0,51619342.0,52129699.0,52649117.0,53177788.0,53715888.0,54263638.0,54821240.0
Alkaline Electrolyser,NSW,Step Change,,40438356.0,40600911.0,41061130.0,41545094.0,42041451.0,42734408.0,43278596.0,43726507.0,44261782.0,44811959.0,45320317.0,45730956.0,46141733.0,46557571.0,46979589.0,47407106.0,47842759.0,48286544.0,48738065.0,49197518.0,49665090.0,50140902.0,50625110.0,51117866.0,51619342.0,52129699.0,52649117.0,53177788.0,53715888.0,54263638.0,54821240.0
BOTN - Cethana,NSW,Step Change,,0.0,0.0,0.0,0.0,0.0,0.0,0.0,0.0,0.0,0.0,0.0,0.0,0.0,0.0,0.0,0.0,0.0,0.0,0.0,0.0,0.0,0.0,0.0,0.0,0.0,0.0,0.0,0.0,0.0,0.0,0.0
CCGT,QLD,Step Change,,35949544.0,36094961.0,36503710.0,36927109.0,37370112.0,37989095.0,38468220.0,38863707.0,39337047.0,39823945.0,40275919.0,40643830.0,41012616.0,41386278.0,41765612.0,42150074.0,42542014.0,42941420.0,43347948.0,43761773.0,44183068.0,44611945.0,45048545.0,45493010.0,45945498.0,46406158.0,46875154.0,47352665.0,47838852.0,48333920.0,48838053.0
CCGT with CCS,QLD,Step Change,,35949544.0,36094961.0,36503710.0,36927109.0,37370112.0,37989095.0,38468220.0,38863707.0,39337047.0,39823945.0,40275919.0,40643830.0,41012616.0,41386278.0,41765612.0,42150074.0,42542014.0,42941420.0,43347948.0,43761773.0,44183068.0,44611945.0,45048545.0,45493010.0,45945498.0,46406158.0,46875154.0,47352665.0,47838852.0,48333920.0,48838053.0
OCGT (small GT),QLD,Step Change,,35949544.0,36094961.0,36503710.0,36927109.0,37370112.0,37989095.0,38468220.0,38863707.0,39337047.0,39823945.0,40275919.0,40643830.0,41012616.0,41386278.0,41765612.0,42150074.0,42542014.0,42941420.0,43347948.0,43761773.0,44183068.0,44611945.0,45048545.0,45493010.0,45945498.0,46406158.0,46875154.0,47352665.0,47838852.0,48333920.0,48838053.0
OCGT (large GT),QLD,Step Change,,35949544.0,36094961.0,36503710.0,36927109.0,37370112.0,37989095.0,38468220.0,38863707.0,39337047.0,39823945.0,40275919.0,40643830.0,41012616.0,41386278.0,41765612.0,42150074.0,42542014.0,42941420.0,43347948.0,43761773.0,44183068.0,44611945.0,45048545.0,45493010.0,45945498.0,46406158.0,46875154.0,47352665.0,47838852.0,48333920.0,48838053.0
Distributed Resources Solar,QLD,Step Change,,3943046.285455781,3957524.555858403,4008673.687062525,4061938.952324533,4120455.240530393,4197408.649745291,4256456.073374481,4308226.221858143,4369366.308484272,4432299.863031784,4491406.582641781,4542872.07708655,4595624.793906189,4649623.202807114,4704900.024859935,4761479.83596761,4819660.143189197,4879465.115813744,4940902.880018204,5004036.08766582,5068929.773657013,5135644.671336631,5204247.481472007,5274807.612402496,5347398.782360571,5422096.85011443,5498982.501119566,5578140.988864855,5659659.168109922,5743632.228327147,5830156.932133812
Distributed Resources Batteries,QLD,Step Change,,2807202.365556538,2817509.988643115,2853924.971303096,2891846.50907379,2933506.446792753,2988292.461652006,3030330.534576306,3067187.642702225,3110715.560809675,3155520.315917498,3197600.603871889,3234240.817374529,3271797.45270794,3310240.942900306,3349594.583307596,3389875.870435791,3431296.610705486,3473874.011138984,3517613.857066085,3562560.752695304,3608760.998808596,3656257.833749361,3705098.744292614,3755333.144835328,3807013.518148845,3860193.870932072,3914931.646183428,3971287.53905542,4029323.384705191,4089106.952084129,4150707.130124411
Biomass,QLD,Step Change,,35949544.0,36094961.0,36503710.0,36927109.0,37370112.0,37989095.0,38468220.0,38863707.0,39337047.0,39823945.0,40275919.0,40643830.0,41012616.0,41386278.0,41765612.0,42150074.0,42542014.0,42941420.0,43347948.0,43761773.0,44183068.0,44611945.0,45048545.0,45493010.0,45945498.0,46406158.0,46875154.0,47352665.0,47838852.0,48333920.0,48838053.0
Battery storage (1hr storage),QLD,Step Change,,29785142.0,29817408.0,30139555.0,30480334.0,30829866.0,31325244.0,31711921.0,32026566.0,32402997.0,32790498.0,33151263.0,33436912.0,33720887.0,34007613.0,34298014.0,34591522.0,34889987.0,35193394.0,35501402.0,35814100.0,36131575.0,36453859.0,36781009.0,37113077.0,37450124.0,37792204.0,38139380.0,38491722.0,38849284.0,39212151.0,39580389.0
Battery storage (2hrs storage),QLD,Step Change,,29785142.0,29817408.0,30139555.0,30480334.0,30829866.0,31325244.0,31711921.0,32026566.0,32402997.0,32790498.0,33151263.0,33436912.0,33720887.0,34007613.0,34298014.0,34591522.0,34889987.0,35193394.0,35501402.0,35814100.0,36131575.0,36453859.0,36781009.0,37113077.0,37450124.0,37792204.0,38139380.0,38491722.0,38849284.0,39212151.0,39580389.0
Battery storage (4hrs storage),QLD,Step Change,,29785142.0,29817408.0,30139555.0,30480334.0,30829866.0,31325244.0,31711921.0,32026566.0,32402997.0,32790498.0,33151263.0,33436912.0,33720887.0,34007613.0,34298014.0,34591522.0,34889987.0,35193394.0,35501402.0,35814100.0,36131575.0,36453859.0,36781009.0,37113077.0,37450124.0,37792204.0,38139380.0,38491722.0,38849284.0,39212151.0,39580389.0
Battery Storage (8hrs storage),QLD,Step Change,,29785142.0,29817408.0,30139555.0,30480334.0,30829866.0,31325244.0,31711921.0,32026566.0,32402997.0,32790498.0,33151263.0,33436912.0,33720887.0,34007613.0,34298014.0,34591522.0,34889987.0,35193394.0,35501402.0,35814100.0,36131575.0,36453859.0,36781009.0,37113077.0,37450124.0,37792204.0,38139380.0,38491722.0,38849284.0,39212151.0,39580389.0
Pumped Hydro (10hrs storage),QLD,Step Change,,35949544.0,36094961.0,36503710.0,36927109.0,37370112.0,37989095.0,38468220.0,38863707.0,39337047.0,39823945.0,40275919.0,40643830.0,41012616.0,41386278.0,41765612.0,42150074.0,42542014.0,42941420.0,43347948.0,43761773.0,44183068.0,44611945.0,45048545.0,45493010.0,45945498.0,46406158.0,46875154.0,47352665.0,47838852.0,48333920.0,48838053.0
Pumped Hydro (24hrs storage),QLD,Step Change,,35949544.0,36094961.0,36503710.0,36927109.0,37370112.0,37989095.0,38468220.0,38863707.0,39337047.0,39823945.0,40275919.0,40643830.0,41012616.0,41386278.0,41765612.0,42150074.0,42542014.0,42941420.0,43347948.0,43761773.0,44183068.0,44611945.0,45048545.0,45493010.0,45945498.0,46406158.0,46875154.0,47352665.0,47838852.0,48333920.0,48838053.0
Pumped Hydro (48hrs storage),QLD,Step Change,,35949544.0,36094961.0,36503710.0,36927109.0,37370112.0,37989095.0,38468220.0,38863707.0,39337047.0,39823945.0,40275919.0,40643830.0,41012616.0,41386278.0,41765612.0,42150074.0,42542014.0,42941420.0,43347948.0,43761773.0,44183068.0,44611945.0,45048545.0,45493010.0,45945498.0,46406158.0,46875154.0,47352665.0,47838852.0,48333920.0,48838053.0
Alkaline Electrolyser,QLD,Step Change,,35949544.0,36094961.0,36503710.0,36927109.0,37370112.0,37989095.0,38468220.0,38863707.0,39337047.0,39823945.0,40275919.0,40643830.0,41012616.0,41386278.0,41765612.0,42150074.0,42542014.0,42941420.0,43347948.0,43761773.0,44183068.0,44611945.0,45048545.0,45493010.0,45945498.0,46406158.0,46875154.0,47352665.0,47838852.0,48333920.0,48838053.0
BOTN - Cethana,QLD,Step Change,,0.0,0.0,0.0,0.0,0.0,0.0,0.0,0.0,0.0,0.0,0.0,0.0,0.0,0.0,0.0,0.0,0.0,0.0,0.0,0.0,0.0,0.0,0.0,0.0,0.0,0.0,0.0,0.0,0.0,0.0,0.0
CCGT,VIC,Step Change,,46462566.0,46656608.0,47167206.0,47691480.0,48234914.0,49015244.0,49620585.0,50109307.0,50699928.0,51307967.0,51869435.0,52324312.0,52778399.0,53238568.0,53705854.0,54179282.0,54661999.0,55153987.0,55654768.0,56164562.0,56683582.0,57211961.0,57749872.0,58297487.0,58854997.0,59422582.0,60000445.0,60588800.0,61187844.0,61797828.0,62418975.0
CCGT with CCS,VIC,Step Change,,46462566.0,46656608.0,47167206.0,47691480.0,48234914.0,49015244.0,49620585.0,50109307.0,50699928.0,51307967.0,51869435.0,52324312.0,52778399.0,53238568.0,53705854.0,54179282.0,54661999.0,55153987.0,55654768.0,56164562.0,56683582.0,57211961.0,57749872.0,58297487.0,58854997.0,59422582.0,60000445.0,60588800.0,61187844.0,61797828.0,62418975.0
OCGT (small GT),VIC,Step Change,,32299414.0,32443781.0,32835280.0,33242636.0,33685935.0,34270064.0,34709205.0,35089189.0,35538394.0,35999623.0,36427744.0,36776017.0,37128109.0,37484812.0,37846552.0,38213344.0,38587151.0,38967908.0,39355356.0,39749650.0,40150950.0,40559358.0,40975010.0,41398037.0,41828586.0,42266797.0,42712824.0,43166833.0,43628976.0,44099442.0,44578405.0
OCGT (large GT),VIC,Step Change,,32299414.0,32443781.0,32835280.0,33242636.0,33685935.0,34270064.0,34709205.0,35089189.0,35538394.0,35999623.0,36427744.0,36776017.0,37128109.0,37484812.0,37846552.0,38213344.0,38587151.0,38967908.0,39355356.0,39749650.0,40150950.0,40559358.0,40975010.0,41398037.0,41828586.0,42266797.0,42712824.0,43166833.0,43628976.0,44099442.0,44578405.0
Distributed Resources Solar,VIC,Step Change,,3943046.285455781,3957524.555858403,4008673.687062525,4061938.952324533,4120455.240530393,4197408.649745291,4256456.073374481,4308226.221858143,4369366.308484272,4432299.863031784,4491406.582641781,4542872.07708655,4595624.793906189,4649623.202807114,4704900.024859935,4761479.83596761,4819660.143189197,4879465.115813744,4940902.880018204,5004036.08766582,5068929.773657013,5135644.671336631,5204247.481472007,5274807.612402496,5347398.782360571,5422096.85011443,5498982.501119566,5578140.988864855,5659659.168109922,5743632.228327147,5830156.932133812
Distributed Resources Batteries,VIC,Step Change,,2807202.365556538,2817509.988643115,2853924.971303096,2891846.50907379,2933506.446792753,2988292.461652006,3030330.534576306,3067187.642702225,3110715.560809675,3155520.315917498,3197600.603871889,3234240.817374529,3271797.45270794,3310240.942900306,3349594.583307596,3389875.870435791,3431296.610705486,3473874.011138984,3517613.857066085,3562560.752695304,3608760.998808596,3656257.833749361,3705098.744292614,3755333.144835328,3807013.518148845,3860193.870932072,3914931.646183428,3971287.53905542,4029323.384705191,4089106.952084129,4150707.130124411
Biomass,VIC,Step Change,,32299414.0,32443781.0,32835280.0,33242636.0,33685935.0,34270064.0,34709205.0,35089189.0,35538394.0,35999623.0,36427744.0,36776017.0,37128109.0,37484812.0,37846552.0,38213344.0,38587151.0,38967908.0,39355356.0,39749650.0,40150950.0,40559358.0,40975010.0,41398037.0,41828586.0,42266797.0,42712824.0,43166833.0,43628976.0,44099442.0,44578405.0
Battery storage (1hr storage),VIC,Step Change,,26841219.0,26884338.0,27198320.0,27531931.0,27891691.0,28365528.0,28722086.0,29029705.0,29392262.0,29764609.0,30110920.0,30385108.0,30660762.0,30939088.0,31220624.0,31505360.0,31794815.0,32088919.0,32387411.0,32690369.0,32997874.0,33309955.0,33626669.0,33948064.0,34274200.0,34605127.0,34940907.0,35281606.0,35627276.0,35977999.0,36333838.0
Battery storage (2hrs storage),VIC,Step Change,,26841219.0,26884338.0,27198320.0,27531931.0,27891691.0,28365528.0,28722086.0,29029705.0,29392262.0,29764609.0,30110920.0,30385108.0,30660762.0,30939088.0,31220624.0,31505360.0,31794815.0,32088919.0,32387411.0,32690369.0,32997874.0,33309955.0,33626669.0,33948064.0,34274200.0,34605127.0,34940907.0,35281606.0,35627276.0,35977999.0,36333838.0
Battery storage (4hrs storage),VIC,Step Change,,26841219.0,26884338.0,27198320.0,27531931.0,27891691.0,28365528.0,28722086.0,29029705.0,29392262.0,29764609.0,30110920.0,30385108.0,30660762.0,30939088.0,31220624.0,31505360.0,31794815.0,32088919.0,32387411.0,32690369.0,32997874.0,33309955.0,33626669.0,33948064.0,34274200.0,34605127.0,34940907.0,35281606.0,35627276.0,35977999.0,36333838.0
Battery Storage (8hrs storage),VIC,Step Change,,26841219.0,26884338.0,27198320.0,27531931.0,27891691.0,28365528.0,28722086.0,29029705.0,29392262.0,29764609.0,30110920.0,30385108.0,30660762.0,30939088.0,31220624.0,31505360.0,31794815.0,32088919.0,32387411.0,32690369.0,32997874.0,33309955.0,33626669.0,33948064.0,34274200.0,34605127.0,34940907.0,35281606.0,35627276.0,35977999.0,36333838.0
Pumped Hydro (10hrs storage),VIC,Step Change,,32299414.0,32443781.0,32835280.0,33242636.0,33685935.0,34270064.0,34709205.0,35089189.0,35538394.0,35999623.0,36427744.0,36776017.0,37128109.0,37484812.0,37846552.0,38213344.0,38587151.0,38967908.0,39355356.0,39749650.0,40150950.0,40559358.0,40975010.0,41398037.0,41828586.0,42266797.0,42712824.0,43166833.0,43628976.0,44099442.0,44578405.0
Pumped Hydro (24hrs storage),VIC,Step Change,,32299414.0,32443781.0,32835280.0,33242636.0,33685935.0,34270064.0,34709205.0,35089189.0,35538394.0,35999623.0,36427744.0,36776017.0,37128109.0,37484812.0,37846552.0,38213344.0,38587151.0,38967908.0,39355356.0,39749650.0,40150950.0,40559358.0,40975010.0,41398037.0,41828586.0,42266797.0,42712824.0,43166833.0,43628976.0,44099442.0,44578405.0
Pumped Hydro (48hrs storage),VIC,Step Change,,32299414.0,32443781.0,32835280.0,33242636.0,33685935.0,34270064.0,34709205.0,35089189.0,35538394.0,35999623.0,36427744.0,36776017.0,37128109.0,37484812.0,37846552.0,38213344.0,38587151.0,38967908.0,39355356.0,39749650.0,40150950.0,40559358.0,40975010.0,41398037.0,41828586.0,42266797.0,42712824.0,43166833.0,43628976.0,44099442.0,44578405.0
Alkaline Electrolyser,VIC,Step Change,,32299414.0,32443781.0,32835280.0,33242636.0,33685935.0,34270064.0,34709205.0,35089189.0,35538394.0,35999623.0,36427744.0,36776017.0,37128109.0,37484812.0,37846552.0,38213344.0,38587151.0,38967908.0,39355356.0,39749650.0,40150950.0,40559358.0,40975010.0,41398037.0,41828586.0,42266797.0,42712824.0,43166833.0,43628976.0,44099442.0,44578405.0
BOTN - Cethana,VIC,Step Change,,0.0,0.0,0.0,0.0,0.0,0.0,0.0,0.0,0.0,0.0,0.0,0.0,0.0,0.0,0.0,0.0,0.0,0.0,0.0,0.0,0.0,0.0,0.0,0.0,0.0,0.0,0.0,0.0,0.0,0.0,0.0
CCGT,SA,Step Change,,35949544.0,36094961.0,36503710.0,36927109.0,37370112.0,37989095.0,38468220.0,38863707.0,39337047.0,39823945.0,40275919.0,40643830.0,41012616.0,41386278.0,41765612.0,42150074.0,42542014.0,42941420.0,43347948.0,43761773.0,44183068.0,44611945.0,45048545.0,45493010.0,45945498.0,46406158.0,46875154.0,47352665.0,47838852.0,48333920.0,48838053.0
CCGT with CCS,SA,Step Change,,35949544.0,36094961.0,36503710.0,36927109.0,37370112.0,37989095.0,38468220.0,38863707.0,39337047.0,39823945.0,40275919.0,40643830.0,41012616.0,41386278.0,41765612.0,42150074.0,42542014.0,42941420.0,43347948.0,43761773.0,44183068.0,44611945.0,45048545.0,45493010.0,45945498.0,46406158.0,46875154.0,47352665.0,47838852.0,48333920.0,48838053.0
OCGT (small GT),SA,Step Change,,35949544.0,36094961.0,36503710.0,36927109.0,37370112.0,37989095.0,38468220.0,38863707.0,39337047.0,39823945.0,40275919.0,40643830.0,41012616.0,41386278.0,41765612.0,42150074.0,42542014.0,42941420.0,43347948.0,43761773.0,44183068.0,44611945.0,45048545.0,45493010.0,45945498.0,46406158.0,46875154.0,47352665.0,47838852.0,48333920.0,48838053.0
OCGT (large GT),SA,Step Change,,35949544.0,36094961.0,36503710.0,36927109.0,37370112.0,37989095.0,38468220.0,38863707.0,39337047.0,39823945.0,40275919.0,40643830.0,41012616.0,41386278.0,41765612.0,42150074.0,42542014.0,42941420.0,43347948.0,43761773.0,44183068.0,44611945.0,45048545.0,45493010.0,45945498.0,46406158.0,46875154.0,47352665.0,47838852.0,48333920.0,48838053.0
Distributed Resources Solar,SA,Step Change,,3943046.285455781,3957524.555858403,4008673.687062525,4061938.952324533,4120455.240530393,4197408.649745291,4256456.073374481,4308226.221858143,4369366.308484272,4432299.863031784,4491406.582641781,4542872.07708655,4595624.793906189,4649623.202807114,4704900.024859935,4761479.83596761,4819660.143189197,4879465.115813744,4940902.880018204,5004036.08766582,5068929.773657013,5135644.671336631,5204247.481472007,5274807.612402496,5347398.782360571,5422096.85011443,5498982.501119566,5578140.988864855,5659659.168109922,5743632.228327147,5830156.932133812
Distributed Resources Batteries,SA,Step Change,,2807202.365556538,2817509.988643115,2853924.971303096,2891846.50907379,2933506.446792753,2988292.461652006,3030330.534576306,3067187.642702225,3110715.560809675,3155520.315917498,3197600.603871889,3234240.817374529,3271797.45270794,3310240.942900306,3349594.583307596,3389875.870435791,3431296.610705486,3473874.011138984,3517613.857066085,3562560.752695304,3608760.998808596,3656257.833749361,3705098.744292614,3755333.144835328,3807013.518148845,3860193.870932072,3914931.646183428,3971287.53905542,4029323.384705191,4089106.952084129,4150707.130124411
Biomass,SA,Step Change,,35949544.0,36094961.0,36503710.0,36927109.0,37370112.0,37989095.0,38468220.0,38863707.0,39337047.0,39823945.0,40275919.0,40643830.0,41012616.0,41386278.0,41765612.0,42150074.0,42542014.0,42941420.0,43347948.0,43761773.0,44183068.0,44611945.0,45048545.0,45493010.0,45945498.0,46406158.0,46875154.0,47352665.0,47838852.0,48333920.0,48838053.0
Battery storage (1hr storage),SA,Step Change,,29785142.0,29817408.0,30139555.0,30480334.0,30829866.0,31325244.0,31711921.0,32026566.0,32402997.0,32790498.0,33151263.0,33436912.0,33720887.0,34007613.0,34298014.0,34591522.0,34889987.0,35193394.0,35501402.0,35814100.0,36131575.0,36453859.0,36781009.0,37113077.0,37450124.0,37792204.0,38139380.0,38491722.0,38849284.0,39212151.0,39580389.0
Battery storage (2hrs storage),SA,Step Change,,29785142.0,29817408.0,30139555.0,30480334.0,30829866.0,31325244.0,31711921.0,32026566.0,32402997.0,32790498.0,33151263.0,33436912.0,33720887.0,34007613.0,34298014.0,34591522.0,34889987.0,35193394.0,35501402.0,35814100.0,36131575.0,36453859.0,36781009.0,37113077.0,37450124.0,37792204.0,38139380.0,38491722.0,38849284.0,39212151.0,39580389.0
Battery storage (4hrs storage),SA,Step Change,,29785142.0,29817408.0,30139555.0,30480334.0,30829866.0,31325244.0,31711921.0,32026566.0,32402997.0,32790498.0,33151263.0,33436912.0,33720887.0,34007613.0,34298014.0,34591522.0,34889987.0,35193394.0,35501402.0,35814100.0,36131575.0,36453859.0,36781009.0,37113077.0,37450124.0,37792204.0,38139380.0,38491722.0,38849284.0,39212151.0,39580389.0
Battery Storage (8hrs storage),SA,Step Change,,29785142.0,29817408.0,30139555.0,30480334.0,30829866.0,31325244.0,31711921.0,32026566.0,32402997.0,32790498.0,33151263.0,33436912.0,33720887.0,34007613.0,34298014.0,34591522.0,34889987.0,35193394.0,35501402.0,35814100.0,36131575.0,36453859.0,36781009.0,37113077.0,37450124.0,37792204.0,38139380.0,38491722.0,38849284.0,39212151.0,39580389.0
Pumped Hydro (10hrs storage),SA,Step Change,,35949544.0,36094961.0,36503710.0,36927109.0,37370112.0,37989095.0,38468220.0,38863707.0,39337047.0,39823945.0,40275919.0,40643830.0,41012616.0,41386278.0,41765612.0,42150074.0,42542014.0,42941420.0,43347948.0,43761773.0,44183068.0,44611945.0,45048545.0,45493010.0,45945498.0,46406158.0,46875154.0,47352665.0,47838852.0,48333920.0,48838053.0
Pumped Hydro (24hrs storage),SA,Step Change,,35949544.0,36094961.0,36503710.0,36927109.0,37370112.0,37989095.0,38468220.0,38863707.0,39337047.0,39823945.0,40275919.0,40643830.0,41012616.0,41386278.0,41765612.0,42150074.0,42542014.0,42941420.0,43347948.0,43761773.0,44183068.0,44611945.0,45048545.0,45493010.0,45945498.0,46406158.0,46875154.0,47352665.0,47838852.0,48333920.0,48838053.0
Pumped Hydro (48hrs storage),SA,Step Change,,35949544.0,36094961.0,36503710.0,36927109.0,37370112.0,37989095.0,38468220.0,38863707.0,39337047.0,39823945.0,40275919.0,40643830.0,41012616.0,41386278.0,41765612.0,42150074.0,42542014.0,42941420.0,43347948.0,43761773.0,44183068.0,44611945.0,45048545.0,45493010.0,45945498.0,46406158.0,46875154.0,47352665.0,47838852.0,48333920.0,48838053.0
Alkaline Electrolyser,SA,Step Change,,35949544.0,36094961.0,36503710.0,36927109.0,37370112.0,37989095.0,38468220.0,38863707.0,39337047.0,39823945.0,40275919.0,40643830.0,41012616.0,41386278.0,41765612.0,42150074.0,42542014.0,42941420.0,43347948.0,43761773.0,44183068.0,44611945.0,45048545.0,45493010.0,45945498.0,46406158.0,46875154.0,47352665.0,47838852.0,48333920.0,48838053.0
BOTN - Cethana,SA,Step Change,,0.0,0.0,0.0,0.0,0.0,0.0,0.0,0.0,0.0,0.0,0.0,0.0,0.0,0.0,0.0,0.0,0.0,0.0,0.0,0.0,0.0,0.0,0.0,0.0,0.0,0.0,0.0,0.0,0.0,0.0,0.0
CCGT,TAS,Step Change,,32299414.0,32443781.0,32835280.0,33242636.0,33685935.0,34270064.0,34709205.0,35089189.0,35538394.0,35999623.0,36427744.0,36776017.0,37128109.0,37484812.0,37846552.0,38213344.0,38587151.0,38967908.0,39355356.0,39749650.0,40150950.0,40559358.0,40975010.0,41398037.0,41828586.0,42266797.0,42712824.0,43166833.0,43628976.0,44099442.0,44578405.0
CCGT with CCS,TAS,Step Change,,32299414.0,32443781.0,32835280.0,33242636.0,33685935.0,34270064.0,34709205.0,35089189.0,35538394.0,35999623.0,36427744.0,36776017.0,37128109.0,37484812.0,37846552.0,38213344.0,38587151.0,38967908.0,39355356.0,39749650.0,40150950.0,40559358.0,40975010.0,41398037.0,41828586.0,42266797.0,42712824.0,43166833.0,43628976.0,44099442.0,44578405.0
OCGT (small GT),TAS,Step Change,,32299414.0,32443781.0,32835280.0,33242636.0,33685935.0,34270064.0,34709205.0,35089189.0,35538394.0,35999623.0,36427744.0,36776017.0,37128109.0,37484812.0,37846552.0,38213344.0,38587151.0,38967908.0,39355356.0,39749650.0,40150950.0,40559358.0,40975010.0,41398037.0,41828586.0,42266797.0,42712824.0,43166833.0,43628976.0,44099442.0,44578405.0
OCGT (large GT),TAS,Step Change,,32299414.0,32443781.0,32835280.0,33242636.0,33685935.0,34270064.0,34709205.0,35089189.0,35538394.0,35999623.0,36427744.0,36776017.0,37128109.0,37484812.0,37846552.0,38213344.0,38587151.0,38967908.0,39355356.0,39749650.0,40150950.0,40559358.0,40975010.0,41398037.0,41828586.0,42266797.0,42712824.0,43166833.0,43628976.0,44099442.0,44578405.0
Distributed Resources Solar,TAS,Step Change,,3943046.285455781,3957524.555858403,4008673.687062525,4061938.952324533,4120455.240530393,4197408.649745291,4256456.073374481,4308226.221858143,4369366.308484272,4432299.863031784,4491406.582641781,4542872.07708655,4595624.793906189,4649623.202807114,4704900.024859935,4761479.83596761,4819660.143189197,4879465.115813744,4940902.880018204,5004036.08766582,5068929.773657013,5135644.671336631,5204247.481472007,5274807.612402496,5347398.782360571,5422096.85011443,5498982.501119566,5578140.988864855,5659659.168109922,5743632.228327147,5830156.932133812
Distributed Resources Batteries,TAS,Step Change,,2807202.365556538,2817509.988643115,2853924.971303096,2891846.50907379,2933506.446792753,2988292.461652006,3030330.534576306,3067187.642702225,3110715.560809675,3155520.315917498,3197600.603871889,3234240.817374529,3271797.45270794,3310240.942900306,3349594.583307596,3389875.870435791,3431296.610705486,3473874.011138984,3517613.857066085,3562560.752695304,3608760.998808596,3656257.833749361,3705098.744292614,3755333.144835328,3807013.518148845,3860193.870932072,3914931.646183428,3971287.53905542,4029323.384705191,4089106.952084129,4150707.130124411
Biomass,TAS,Step Change,,32299414.0,32443781.0,32835280.0,33242636.0,33685935.0,34270064.0,34709205.0,35089189.0,35538394.0,35999623.0,36427744.0,36776017.0,37128109.0,37484812.0,37846552.0,38213344.0,38587151.0,38967908.0,39355356.0,39749650.0,40150950.0,40559358.0,40975010.0,41398037.0,41828586.0,42266797.0,42712824.0,43166833.0,43628976.0,44099442.0,44578405.0
Battery storage (1hr storage),TAS,Step Change,,26841219.0,26884338.0,27198320.0,27531931.0,27891691.0,28365528.0,28722086.0,29029705.0,29392262.0,29764609.0,30110920.0,30385108.0,30660762.0,30939088.0,31220624.0,31505360.0,31794815.0,32088919.0,32387411.0,32690369.0,32997874.0,33309955.0,33626669.0,33948064.0,34274200.0,34605127.0,34940907.0,35281606.0,35627276.0,35977999.0,36333838.0
Battery storage (2hrs storage),TAS,Step Change,,26841219.0,26884338.0,27198320.0,27531931.0,27891691.0,28365528.0,28722086.0,29029705.0,29392262.0,29764609.0,30110920.0,30385108.0,30660762.0,30939088.0,31220624.0,31505360.0,31794815.0,32088919.0,32387411.0,32690369.0,32997874.0,33309955.0,33626669.0,33948064.0,34274200.0,34605127.0,34940907.0,35281606.0,35627276.0,35977999.0,36333838.0
Battery storage (4hrs storage),TAS,Step Change,,26841219.0,26884338.0,27198320.0,27531931.0,27891691.0,28365528.0,28722086.0,29029705.0,29392262.0,29764609.0,30110920.0,30385108.0,30660762.0,30939088.0,31220624.0,31505360.0,31794815.0,32088919.0,32387411.0,32690369.0,32997874.0,33309955.0,33626669.0,33948064.0,34274200.0,34605127.0,34940907.0,35281606.0,35627276.0,35977999.0,36333838.0
Battery Storage (8hrs storage),TAS,Step Change,,26841219.0,26884338.0,27198320.0,27531931.0,27891691.0,28365528.0,28722086.0,29029705.0,29392262.0,29764609.0,30110920.0,30385108.0,30660762.0,30939088.0,31220624.0,31505360.0,31794815.0,32088919.0,32387411.0,32690369.0,32997874.0,33309955.0,33626669.0,33948064.0,34274200.0,34605127.0,34940907.0,35281606.0,35627276.0,35977999.0,36333838.0
Pumped Hydro (10hrs storage),TAS,Step Change,,32299414.0,32443781.0,32835280.0,33242636.0,33685935.0,34270064.0,34709205.0,35089189.0,35538394.0,35999623.0,36427744.0,36776017.0,37128109.0,37484812.0,37846552.0,38213344.0,38587151.0,38967908.0,39355356.0,39749650.0,40150950.0,40559358.0,40975010.0,41398037.0,41828586.0,42266797.0,42712824.0,43166833.0,43628976.0,44099442.0,44578405.0
Pumped Hydro (24hrs storage),TAS,Step Change,,32299414.0,32443781.0,32835280.0,33242636.0,33685935.0,34270064.0,34709205.0,35089189.0,35538394.0,35999623.0,36427744.0,36776017.0,37128109.0,37484812.0,37846552.0,38213344.0,38587151.0,38967908.0,39355356.0,39749650.0,40150950.0,40559358.0,40975010.0,41398037.0,41828586.0,42266797.0,42712824.0,43166833.0,43628976.0,44099442.0,44578405.0
Pumped Hydro (48hrs storage),TAS,Step Change,,32299414.0,32443781.0,32835280.0,33242636.0,33685935.0,34270064.0,34709205.0,35089189.0,35538394.0,35999623.0,36427744.0,36776017.0,37128109.0,37484812.0,37846552.0,38213344.0,38587151.0,38967908.0,39355356.0,39749650.0,40150950.0,40559358.0,40975010.0,41398037.0,41828586.0,42266797.0,42712824.0,43166833.0,43628976.0,44099442.0,44578405.0
Alkaline Electrolyser,TAS,Step Change,,32299414.0,32443781.0,32835280.0,33242636.0,33685935.0,34270064.0,34709205.0,35089189.0,35538394.0,35999623.0,36427744.0,36776017.0,37128109.0,37484812.0,37846552.0,38213344.0,38587151.0,38967908.0,39355356.0,39749650.0,40150950.0,40559358.0,40975010.0,41398037.0,41828586.0,42266797.0,42712824.0,43166833.0,43628976.0,44099442.0,44578405.0
BOTN - Cethana,TAS,Step Change,,0.0,0.0,0.0,0.0,0.0,0.0,0.0,0.0,0.0,0.0,0.0,0.0,0.0,0.0,0.0,0.0,0.0,0.0,0.0,0.0,0.0,0.0,0.0,0.0,0.0,0.0,0.0,0.0,0.0,0.0,0.0
CCGT,NSW,Slower Growth,,40438356.0,40683853.0,41305678.0,41670539.0,42035237.0,42432306.0,42978220.0,43413318.0,43751393.0,44152687.0,44573099.0,44942239.0,45227294.0,45498870.0,45773850.0,46052174.0,46333778.0,46620474.0,46912690.0,47209949.0,47512408.0,47820175.0,48133375.0,48452124.0,48776542.0,49106749.0,49442916.0,49785135.0,50133587.0,50488413.0,50849781.0
CCGT with CCS,NSW,Slower Growth,,40438356.0,40683853.0,41305678.0,41670539.0,42035237.0,42432306.0,42978220.0,43413318.0,43751393.0,44152687.0,44573099.0,44942239.0,45227294.0,45498870.0,45773850.0,46052174.0,46333778.0,46620474.0,46912690.0,47209949.0,47512408.0,47820175.0,48133375.0,48452124.0,48776542.0,49106749.0,49442916.0,49785135.0,50133587.0,50488413.0,50849781.0
OCGT (small GT),NSW,Slower Growth,,40438356.0,40683853.0,41305678.0,41670539.0,42035237.0,42432306.0,42978220.0,43413318.0,43751393.0,44152687.0,44573099.0,44942239.0,45227294.0,45498870.0,45773850.0,46052174.0,46333778.0,46620474.0,46912690.0,47209949.0,47512408.0,47820175.0,48133375.0,48452124.0,48776542.0,49106749.0,49442916.0,49785135.0,50133587.0,50488413.0,50849781.0
OCGT (large GT),NSW,Slower Growth,,40438356.0,40683853.0,41305678.0,41670539.0,42035237.0,42432306.0,42978220.0,43413318.0,43751393.0,44152687.0,44573099.0,44942239.0,45227294.0,45498870.0,45773850.0,46052174.0,46333778.0,46620474.0,46912690.0,47209949.0,47512408.0,47820175.0,48133375.0,48452124.0,48776542.0,49106749.0,49442916.0,49785135.0,50133587.0,50488413.0,50849781.0
Distributed Resources Solar,NSW,Slower Growth,,3936271.578444844,3957524.555858403,4026613.43549421,4071601.925620174,4114596.548256938,4163532.823658485,4226731.025952065,4276360.931130265,4317856.145243421,4366810.714638634,4417892.587282941,4464697.668512612,4504828.477518291,4545079.713727647,4586519.119070493,4629045.503723412,4672731.317626468,4717806.429175946,4764341.345047816,4812340.441397969,4861868.566998816,4912988.082434191,4965766.528432557,5020273.0178494,5076580.398813036,5134764.395437375,5194909.379199399,5257095.457153248,5321415.144134124,5387960.629943421,5456831.417989883
Distributed Resources Batteries,NSW,Slower Growth,,2802379.197840448,2817509.988643115,2866696.950272928,2898725.941758587,2929335.424284148,2964174.991999967,3009168.159752486,3044501.548491159,3074043.545917715,3108896.137812958,3145263.236584557,3178585.52733033,3207156.153647342,3235812.516602112,3265314.781674368,3295590.908038035,3326692.47551957,3358783.136041652,3391913.085948235,3426085.440788638,3461346.368833313,3497740.266918053,3535315.21981767,3574120.431563099,3614207.765465938,3655631.132359664,3698450.599459476,3742723.1979782,3788514.792692819,3835891.01697657,3884922.711033751
Biomass,NSW,Slower Growth,,40438356.0,40683853.0,41305678.0,41670539.0,42035237.0,42432306.0,42978220.0,43413318.0,43751393.0,44152687.0,44573099.0,44942239.0,45227294.0,45498870.0,45773850.0,46052174.0,46333778.0,46620474.0,46912690.0,47209949.0,47512408.0,47820175.0,48133375.0,48452124.0,48776542.0,49106749.0,49442916.0,49785135.0,50133587.0,50488413.0,50849781.0
Battery storage (1hr storage),NSW,Slower Growth,,33861723.0,33970606.0,34458966.0,34743916.0,35034995.0,35346513.0,35782039.0,36132071.0,36399068.0,36715495.0,37047848.0,37337143.0,37551583.0,37751265.0,37952067.0,38154295.0,38357778.0,38563917.0,38773048.0,38984705.0,39198947.0,39415794.0,39635274.0,39857406.0,40082207.0,40309691.0,40539912.0,40772854.0,41008570.0,41247076.0,41488406.0
Battery storage (2hrs storage),NSW,Slower Growth,,33861723.0,33970606.0,34458966.0,34743916.0,35034995.0,35346513.0,35782039.0,36132071.0,36399068.0,36715495.0,37047848.0,37337143.0,37551583.0,37751265.0,37952067.0,38154295.0,38357778.0,38563917.0,38773048.0,38984705.0,39198947.0,39415794.0,39635274.0,39857406.0,40082207.0,40309691.0,40539912.0,40772854.0,41008570.0,41247076.0,41488406.0
Battery storage (4hrs storage),NSW,Slower Growth,,33861723.0,33970606.0,34458966.0,34743916.0,35034995.0,35346513.0,35782039.0,36132071.0,36399068.0,36715495.0,37047848.0,37337143.0,37551583.0,37751265.0,37952067.0,38154295.0,38357778.0,38563917.0,38773048.0,38984705.0,39198947.0,39415794.0,39635274.0,39857406.0,40082207.0,40309691.0,40539912.0,40772854.0,41008570.0,41247076.0,41488406.0
Battery Storage (8hrs storage),NSW,Slower Growth,,33861723.0,33970606.0,34458966.0,34743916.0,35034995.0,35346513.0,35782039.0,36132071.0,36399068.0,36715495.0,37047848.0,37337143.0,37551583.0,37751265.0,37952067.0,38154295.0,38357778.0,38563917.0,38773048.0,38984705.0,39198947.0,39415794.0,39635274.0,39857406.0,40082207.0,40309691.0,40539912.0,40772854.0,41008570.0,41247076.0,41488406.0
Pumped Hydro (10hrs storage),NSW,Slower Growth,,40438356.0,40683853.0,41305678.0,41670539.0,42035237.0,42432306.0,42978220.0,43413318.0,43751393.0,44152687.0,44573099.0,44942239.0,45227294.0,45498870.0,45773850.0,46052174.0,46333778.0,46620474.0,46912690.0,47209949.0,47512408.0,47820175.0,48133375.0,48452124.0,48776542.0,49106749.0,49442916.0,49785135.0,50133587.0,50488413.0,50849781.0
Pumped Hydro (24hrs storage),NSW,Slower Growth,,40438356.0,40683853.0,41305678.0,41670539.0,42035237.0,42432306.0,42978220.0,43413318.0,43751393.0,44152687.0,44573099.0,44942239.0,45227294.0,45498870.0,45773850.0,46052174.0,46333778.0,46620474.0,46912690.0,47209949.0,47512408.0,47820175.0,48133375.0,48452124.0,48776542.0,49106749.0,49442916.0,49785135.0,50133587.0,50488413.0,50849781.0
Pumped Hydro (48hrs storage),NSW,Slower Growth,,40438356.0,40683853.0,41305678.0,41670539.0,42035237.0,42432306.0,42978220.0,43413318.0,43751393.0,44152687.0,44573099.0,44942239.0,45227294.0,45498870.0,45773850.0,46052174.0,46333778.0,46620474.0,46912690.0,47209949.0,47512408.0,47820175.0,48133375.0,48452124.0,48776542.0,49106749.0,49442916.0,49785135.0,50133587.0,50488413.0,50849781.0
Alkaline Electrolyser,NSW,Slower Growth,,40438356.0,40683853.0,41305678.0,41670539.0,42035237.0,42432306.0,42978220.0,43413318.0,43751393.0,44152687.0,44573099.0,44942239.0,45227294.0,45498870.0,45773850.0,46052174.0,46333778.0,46620474.0,46912690.0,47209949.0,47512408.0,47820175.0,48133375.0,48452124.0,48776542.0,49106749.0,49442916.0,49785135.0,50133587.0,50488413.0,50849781.0
BOTN - Cethana,NSW,Slower Growth,,0.0,0.0,0.0,0.0,0.0,0.0,0.0,0.0,0.0,0.0,0.0,0.0,0.0,0.0,0.0,0.0,0.0,0.0,0.0,0.0,0.0,0.0,0.0,0.0,0.0,0.0,0.0,0.0,0.0,0.0,0.0
CCGT,QLD,Slower Growth,,35949544.0,36158179.0,36706202.0,37032524.0,37352713.0,37707972.0,38197340.0,38582314.0,38881614.0,39238022.0,39611491.0,39941694.0,40199601.0,40446430.0,40696619.0,40949937.0,41206353.0,41467499.0,41733742.0,42004666.0,42280411.0,42561078.0,42846783.0,43137631.0,43433734.0,43735203.0,44042194.0,44354796.0,44673174.0,44997458.0,45327805.0
CCGT with CCS,QLD,Slower Growth,,35949544.0,36158179.0,36706202.0,37032524.0,37352713.0,37707972.0,38197340.0,38582314.0,38881614.0,39238022.0,39611491.0,39941694.0,40199601.0,40446430.0,40696619.0,40949937.0,41206353.0,41467499.0,41733742.0,42004666.0,42280411.0,42561078.0,42846783.0,43137631.0,43433734.0,43735203.0,44042194.0,44354796.0,44673174.0,44997458.0,45327805.0
OCGT (small GT),QLD,Slower Growth,,35949544.0,36158179.0,36706202.0,37032524.0,37352713.0,37707972.0,38197340.0,38582314.0,38881614.0,39238022.0,39611491.0,39941694.0,40199601.0,40446430.0,40696619.0,40949937.0,41206353.0,41467499.0,41733742.0,42004666.0,42280411.0,42561078.0,42846783.0,43137631.0,43433734.0,43735203.0,44042194.0,44354796.0,44673174.0,44997458.0,45327805.0
OCGT (large GT),QLD,Slower Growth,,35949544.0,36158179.0,36706202.0,37032524.0,37352713.0,37707972.0,38197340.0,38582314.0,38881614.0,39238022.0,39611491.0,39941694.0,40199601.0,40446430.0,40696619.0,40949937.0,41206353.0,41467499.0,41733742.0,42004666.0,42280411.0,42561078.0,42846783.0,43137631.0,43433734.0,43735203.0,44042194.0,44354796.0,44673174.0,44997458.0,45327805.0
Distributed Resources Solar,QLD,Slower Growth,,3936271.578444844,3957524.555858403,4026613.43549421,4071601.925620174,4114596.548256938,4163532.823658485,4226731.025952065,4276360.931130265,4317856.145243421,4366810.714638634,4417892.587282941,4464697.668512612,4504828.477518291,4545079.713727647,4586519.119070493,4629045.503723412,4672731.317626468,4717806.429175946,4764341.345047816,4812340.441397969,4861868.566998816,4912988.082434191,4965766.528432557,5020273.0178494,5076580.398813036,5134764.395437375,5194909.379199399,5257095.457153248,5321415.144134124,5387960.629943421,5456831.417989883
Distributed Resources Batteries,QLD,Slower Growth,,2802379.197840448,2817509.988643115,2866696.950272928,2898725.941758587,2929335.424284148,2964174.991999967,3009168.159752486,3044501.548491159,3074043.545917715,3108896.137812958,3145263.236584557,3178585.52733033,3207156.153647342,3235812.516602112,3265314.781674368,3295590.908038035,3326692.47551957,3358783.136041652,3391913.085948235,3426085.440788638,3461346.368833313,3497740.266918053,3535315.21981767,3574120.431563099,3614207.765465938,3655631.132359664,3698450.599459476,3742723.1979782,3788514.792692819,3835891.01697657,3884922.711033751
Biomass,QLD,Slower Growth,,35949544.0,36158179.0,36706202.0,37032524.0,37352713.0,37707972.0,38197340.0,38582314.0,38881614.0,39238022.0,39611491.0,39941694.0,40199601.0,40446430.0,40696619.0,40949937.0,41206353.0,41467499.0,41733742.0,42004666.0,42280411.0,42561078.0,42846783.0,43137631.0,43433734.0,43735203.0,44042194.0,44354796.0,44673174.0,44997458.0,45327805.0
Battery storage (1hr storage),QLD,Slower Growth,,29785142.0,29866012.0,30289312.0,30541135.0,30792854.0,31068340.0,31454560.0,31760215.0,31993355.0,32270679.0,32562078.0,32817902.0,33010045.0,33189925.0,33371036.0,33553491.0,33737162.0,33923295.0,34112174.0,34303390.0,34496996.0,34693008.0,34891455.0,35092349.0,35295708.0,35501545.0,35709908.0,35920782.0,36134216.0,36350225.0,36568840.0
Battery storage (2hrs storage),QLD,Slower Growth,,29785142.0,29866012.0,30289312.0,30541135.0,30792854.0,31068340.0,31454560.0,31760215.0,31993355.0,32270679.0,32562078.0,32817902.0,33010045.0,33189925.0,33371036.0,33553491.0,33737162.0,33923295.0,34112174.0,34303390.0,34496996.0,34693008.0,34891455.0,35092349.0,35295708.0,35501545.0,35709908.0,35920782.0,36134216.0,36350225.0,36568840.0
Battery storage (4hrs storage),QLD,Slower Growth,,29785142.0,29866012.0,30289312.0,30541135.0,30792854.0,31068340.0,31454560.0,31760215.0,31993355.0,32270679.0,32562078.0,32817902.0,33010045.0,33189925.0,33371036.0,33553491.0,33737162.0,33923295.0,34112174.0,34303390.0,34496996.0,34693008.0,34891455.0,35092349.0,35295708.0,35501545.0,35709908.0,35920782.0,36134216.0,36350225.0,36568840.0
Battery Storage (8hrs storage),QLD,Slower Growth,,29785142.0,29866012.0,30289312.0,30541135.0,30792854.0,31068340.0,31454560.0,31760215.0,31993355.0,32270679.0,32562078.0,32817902.0,33010045.0,33189925.0,33371036.0,33553491.0,33737162.0,33923295.0,34112174.0,34303390.0,34496996.0,34693008.0,34891455.0,35092349.0,35295708.0,35501545.0,35709908.0,35920782.0,36134216.0,36350225.0,36568840.0
Pumped Hydro (10hrs storage),QLD,Slower Growth,,35949544.0,36158179.0,36706202.0,37032524.0,37352713.0,37707972.0,38197340.0,38582314.0,38881614.0,39238022.0,39611491.0,39941694.0,40199601.0,40446430.0,40696619.0,40949937.0,41206353.0,41467499.0,41733742.0,42004666.0,42280411.0,42561078.0,42846783.0,43137631.0,43433734.0,43735203.0,44042194.0,44354796.0,44673174.0,44997458.0,45327805.0
Pumped Hydro (24hrs storage),QLD,Slower Growth,,35949544.0,36158179.0,36706202.0,37032524.0,37352713.0,37707972.0,38197340.0,38582314.0,38881614.0,39238022.0,39611491.0,39941694.0,40199601.0,40446430.0,40696619.0,40949937.0,41206353.0,41467499.0,41733742.0,42004666.0,42280411.0,42561078.0,42846783.0,43137631.0,43433734.0,43735203.0,44042194.0,44354796.0,44673174.0,44997458.0,45327805.0
Pumped Hydro (48hrs storage),QLD,Slower Growth,,35949544.0,36158179.0,36706202.0,37032524.0,37352713.0,37707972.0,38197340.0,38582314.0,38881614.0,39238022.0,39611491.0,39941694.0,40199601.0,40446430.0,40696619.0,40949937.0,41206353.0,41467499.0,41733742.0,42004666.0,42280411.0,42561078.0,42846783.0,43137631.0,43433734.0,43735203.0,44042194.0,44354796.0,44673174.0,44997458.0,45327805.0
Alkaline Electrolyser,QLD,Slower Growth,,35949544.0,36158179.0,36706202.0,37032524.0,37352713.0,37707972.0,38197340.0,38582314.0,38881614.0,39238022.0,39611491.0,39941694.0,40199601.0,40446430.0,40696619.0,40949937.0,41206353.0,41467499.0,41733742.0,42004666.0,42280411.0,42561078.0,42846783.0,43137631.0,43433734.0,43735203.0,44042194.0,44354796.0,44673174.0,44997458.0,45327805.0
BOTN - Cethana,QLD,Slower Growth,,0.0,0.0,0.0,0.0,0.0,0.0,0.0,0.0,0.0,0.0,0.0,0.0,0.0,0.0,0.0,0.0,0.0,0.0,0.0,0.0,0.0,0.0,0.0,0.0,0.0,0.0,0.0,0.0,0.0,0.0,0.0
CCGT,VIC,Slower Growth,,46462566.0,46745396.0,47436328.0,47836726.0,48229916.0,48665692.0,49281691.0,49768260.0,50138630.0,50581956.0,51047762.0,51456612.0,51773599.0,52075059.0,52380593.0,52690049.0,53003165.0,53322102.0,53647362.0,53978370.0,54315302.0,54658279.0,55007443.0,55362920.0,55724846.0,56093354.0,56468634.0,56850791.0,57240028.0,57636499.0,58040396.0
CCGT with CCS,VIC,Slower Growth,,46462566.0,46745396.0,47436328.0,47836726.0,48229916.0,48665692.0,49281691.0,49768260.0,50138630.0,50581956.0,51047762.0,51456612.0,51773599.0,52075059.0,52380593.0,52690049.0,53003165.0,53322102.0,53647362.0,53978370.0,54315302.0,54658279.0,55007443.0,55362920.0,55724846.0,56093354.0,56468634.0,56850791.0,57240028.0,57636499.0,58040396.0
OCGT (small GT),VIC,Slower Growth,,32299414.0,32497300.0,33025134.0,33345752.0,33656237.0,34008927.0,34469455.0,34819081.0,35101440.0,35438120.0,35788620.0,36098976.0,36340290.0,36573702.0,36810529.0,37050094.0,37292746.0,37539902.0,37791805.0,38048128.0,38308999.0,38574509.0,38844765.0,39119867.0,39399919.0,39685025.0,39975331.0,40270919.0,40571945.0,40878529.0,41190819.0
OCGT (large GT),VIC,Slower Growth,,32299414.0,32497300.0,33025134.0,33345752.0,33656237.0,34008927.0,34469455.0,34819081.0,35101440.0,35438120.0,35788620.0,36098976.0,36340290.0,36573702.0,36810529.0,37050094.0,37292746.0,37539902.0,37791805.0,38048128.0,38308999.0,38574509.0,38844765.0,39119867.0,39399919.0,39685025.0,39975331.0,40270919.0,40571945.0,40878529.0,41190819.0
Distributed Resources Solar,VIC,Slower Growth,,3936271.578444844,3957524.555858403,4026613.43549421,4071601.925620174,4114596.548256938,4163532.823658485,4226731.025952065,4276360.931130265,4317856.145243421,4366810.714638634,4417892.587282941,4464697.668512612,4504828.477518291,4545079.713727647,4586519.119070493,4629045.503723412,4672731.317626468,4717806.429175946,4764341.345047816,4812340.441397969,4861868.566998816,4912988.082434191,4965766.528432557,5020273.0178494,5076580.398813036,5134764.395437375,5194909.379199399,5257095.457153248,5321415.144134124,5387960.629943421,5456831.417989883
Distributed Resources Batteries,VIC,Slower Growth,,2802379.197840448,2817509.988643115,2866696.950272928,2898725.941758587,2929335.424284148,2964174.991999967,3009168.159752486,3044501.548491159,3074043.545917715,3108896.137812958,3145263.236584557,3178585.52733033,3207156.153647342,3235812.516602112,3265314.781674368,3295590.908038035,3326692.47551957,3358783.136041652,3391913.085948235,3426085.440788638,3461346.368833313,3497740.266918053,3535315.21981767,3574120.431563099,3614207.765465938,3655631.132359664,3698450.599459476,3742723.1979782,3788514.792692819,3835891.01697657,3884922.711033751
Biomass,VIC,Slower Growth,,32299414.0,32497300.0,33025134.0,33345752.0,33656237.0,34008927.0,34469455.0,34819081.0,35101440.0,35438120.0,35788620.0,36098976.0,36340290.0,36573702.0,36810529.0,37050094.0,37292746.0,37539902.0,37791805.0,38048128.0,38308999.0,38574509.0,38844765.0,39119867.0,39399919.0,39685025.0,39975331.0,40270919.0,40571945.0,40878529.0,41190819.0
Battery storage (1hr storage),VIC,Slower Growth,,26841219.0,26925346.0,27342431.0,27596131.0,27845168.0,28126264.0,28494414.0,28772852.0,28995633.0,29261220.0,29537933.0,29781140.0,29962743.0,30135285.0,30309291.0,30484390.0,30660843.0,30839722.0,31021193.0,31204933.0,31390989.0,31579374.0,31770116.0,31963229.0,32158728.0,32356630.0,32556977.0,32759760.0,32965024.0,33172785.0,33383074.0
Battery storage (2hrs storage),VIC,Slower Growth,,26841219.0,26925346.0,27342431.0,27596131.0,27845168.0,28126264.0,28494414.0,28772852.0,28995633.0,29261220.0,29537933.0,29781140.0,29962743.0,30135285.0,30309291.0,30484390.0,30660843.0,30839722.0,31021193.0,31204933.0,31390989.0,31579374.0,31770116.0,31963229.0,32158728.0,32356630.0,32556977.0,32759760.0,32965024.0,33172785.0,33383074.0
Battery storage (4hrs storage),VIC,Slower Growth,,26841219.0,26925346.0,27342431.0,27596131.0,27845168.0,28126264.0,28494414.0,28772852.0,28995633.0,29261220.0,29537933.0,29781140.0,29962743.0,30135285.0,30309291.0,30484390.0,30660843.0,30839722.0,31021193.0,31204933.0,31390989.0,31579374.0,31770116.0,31963229.0,32158728.0,32356630.0,32556977.0,32759760.0,32965024.0,33172785.0,33383074.0
Battery Storage (8hrs storage),VIC,Slower Growth,,26841219.0,26925346.0,27342431.0,27596131.0,27845168.0,28126264.0,28494414.0,28772852.0,28995633.0,29261220.0,29537933.0,29781140.0,29962743.0,30135285.0,30309291.0,30484390.0,30660843.0,30839722.0,31021193.0,31204933.0,31390989.0,31579374.0,31770116.0,31963229.0,32158728.0,32356630.0,32556977.0,32759760.0,32965024.0,33172785.0,33383074.0
Pumped Hydro (10hrs storage),VIC,Slower Growth,,32299414.0,32497300.0,33025134.0,33345752.0,33656237.0,34008927.0,34469455.0,34819081.0,35101440.0,35438120.0,35788620.0,36098976.0,36340290.0,36573702.0,36810529.0,37050094.0,37292746.0,37539902.0,37791805.0,38048128.0,38308999.0,38574509.0,38844765.0,39119867.0,39399919.0,39685025.0,39975331.0,40270919.0,40571945.0,40878529.0,41190819.0
Pumped Hydro (24hrs storage),VIC,Slower Growth,,32299414.0,32497300.0,33025134.0,33345752.0,33656237.0,34008927.0,34469455.0,34819081.0,35101440.0,35438120.0,35788620.0,36098976.0,36340290.0,36573702.0,36810529.0,37050094.0,37292746.0,37539902.0,37791805.0,38048128.0,38308999.0,38574509.0,38844765.0,39119867.0,39399919.0,39685025.0,39975331.0,40270919.0,40571945.0,40878529.0,41190819.0
Pumped Hydro (48hrs storage),VIC,Slower Growth,,32299414.0,32497300.0,33025134.0,33345752.0,33656237.0,34008927.0,34469455.0,34819081.0,35101440.0,35438120.0,35788620.0,36098976.0,36340290.0,36573702.0,36810529.0,37050094.0,37292746.0,37539902.0,37791805.0,38048128.0,38308999.0,38574509.0,38844765.0,39119867.0,39399919.0,39685025.0,39975331.0,40270919.0,40571945.0,40878529.0,41190819.0
Alkaline Electrolyser,VIC,Slower Growth,,32299414.0,32497300.0,33025134.0,33345752.0,33656237.0,34008927.0,34469455.0,34819081.0,35101440.0,35438120.0,35788620.0,36098976.0,36340290.0,36573702.0,36810529.0,37050094.0,37292746.0,37539902.0,37791805.0,38048128.0,38308999.0,38574509.0,38844765.0,39119867.0,39399919.0,39685025.0,39975331.0,40270919.0,40571945.0,40878529.0,41190819.0
BOTN - Cethana,VIC,Slower Growth,,0.0,0.0,0.0,0.0,0.0,0.0,0.0,0.0,0.0,0.0,0.0,0.0,0.0,0.0,0.0,0.0,0.0,0.0,0.0,0.0,0.0,0.0,0.0,0.0,0.0,0.0,0.0,0.0,0.0,0.0,0.0
CCGT,SA,Slower Growth,,35949544.0,36158179.0,36706202.0,37032524.0,37352713.0,37707972.0,38197340.0,38582314.0,38881614.0,39238022.0,39611491.0,39941694.0,40199601.0,40446430.0,40696619.0,40949937.0,41206353.0,41467499.0,41733742.0,42004666.0,42280411.0,42561078.0,42846783.0,43137631.0,43433734.0,43735203.0,44042194.0,44354796.0,44673174.0,44997458.0,45327805.0
CCGT with CCS,SA,Slower Growth,,35949544.0,36158179.0,36706202.0,37032524.0,37352713.0,37707972.0,38197340.0,38582314.0,38881614.0,39238022.0,39611491.0,39941694.0,40199601.0,40446430.0,40696619.0,40949937.0,41206353.0,41467499.0,41733742.0,42004666.0,42280411.0,42561078.0,42846783.0,43137631.0,43433734.0,43735203.0,44042194.0,44354796.0,44673174.0,44997458.0,45327805.0
OCGT (small GT),SA,Slower Growth,,35949544.0,36158179.0,36706202.0,37032524.0,37352713.0,37707972.0,38197340.0,38582314.0,38881614.0,39238022.0,39611491.0,39941694.0,40199601.0,40446430.0,40696619.0,40949937.0,41206353.0,41467499.0,41733742.0,42004666.0,42280411.0,42561078.0,42846783.0,43137631.0,43433734.0,43735203.0,44042194.0,44354796.0,44673174.0,44997458.0,45327805.0
OCGT (large GT),SA,Slower Growth,,35949544.0,36158179.0,36706202.0,37032524.0,37352713.0,37707972.0,38197340.0,38582314.0,38881614.0,39238022.0,39611491.0,39941694.0,40199601.0,40446430.0,40696619.0,40949937.0,41206353.0,41467499.0,41733742.0,42004666.0,42280411.0,42561078.0,42846783.0,43137631.0,43433734.0,43735203.0,44042194.0,44354796.0,44673174.0,44997458.0,45327805.0
Distributed Resources Solar,SA,Slower Growth,,3936271.578444844,3957524.555858403,4026613.43549421,4071601.925620174,4114596.548256938,4163532.823658485,4226731.025952065,4276360.931130265,4317856.145243421,4366810.714638634,4417892.587282941,4464697.668512612,4504828.477518291,4545079.713727647,4586519.119070493,4629045.503723412,4672731.317626468,4717806.429175946,4764341.345047816,4812340.441397969,4861868.566998816,4912988.082434191,4965766.528432557,5020273.0178494,5076580.398813036,5134764.395437375,5194909.379199399,5257095.457153248,5321415.144134124,5387960.629943421,5456831.417989883
Distributed Resources Batteries,SA,Slower Growth,,2802379.197840448,2817509.988643115,2866696.950272928,2898725.941758587,2929335.424284148,2964174.991999967,3009168.159752486,3044501.548491159,3074043.545917715,3108896.137812958,3145263.236584557,3178585.52733033,3207156.153647342,3235812.516602112,3265314.781674368,3295590.908038035,3326692.47551957,3358783.136041652,3391913.085948235,3426085.440788638,3461346.368833313,3497740.266918053,3535315.21981767,3574120.431563099,3614207.765465938,3655631.132359664,3698450.599459476,3742723.1979782,3788514.792692819,3835891.01697657,3884922.711033751
Biomass,SA,Slower Growth,,35949544.0,36158179.0,36706202.0,37032524.0,37352713.0,37707972.0,38197340.0,38582314.0,38881614.0,39238022.0,39611491.0,39941694.0,40199601.0,40446430.0,40696619.0,40949937.0,41206353.0,41467499.0,41733742.0,42004666.0,42280411.0,42561078.0,42846783.0,43137631.0,43433734.0,43735203.0,44042194.0,44354796.0,44673174.0,44997458.0,45327805.0
Battery storage (1hr storage),SA,Slower Growth,,29785142.0,29866012.0,30289312.0,30541135.0,30792854.0,31068340.0,31454560.0,31760215.0,31993355.0,32270679.0,32562078.0,32817902.0,33010045.0,33189925.0,33371036.0,33553491.0,33737162.0,33923295.0,34112174.0,34303390.0,34496996.0,34693008.0,34891455.0,35092349.0,35295708.0,35501545.0,35709908.0,35920782.0,36134216.0,36350225.0,36568840.0
Battery storage (2hrs storage),SA,Slower Growth,,29785142.0,29866012.0,30289312.0,30541135.0,30792854.0,31068340.0,31454560.0,31760215.0,31993355.0,32270679.0,32562078.0,32817902.0,33010045.0,33189925.0,33371036.0,33553491.0,33737162.0,33923295.0,34112174.0,34303390.0,34496996.0,34693008.0,34891455.0,35092349.0,35295708.0,35501545.0,35709908.0,35920782.0,36134216.0,36350225.0,36568840.0
Battery storage (4hrs storage),SA,Slower Growth,,29785142.0,29866012.0,30289312.0,30541135.0,30792854.0,31068340.0,31454560.0,31760215.0,31993355.0,32270679.0,32562078.0,32817902.0,33010045.0,33189925.0,33371036.0,33553491.0,33737162.0,33923295.0,34112174.0,34303390.0,34496996.0,34693008.0,34891455.0,35092349.0,35295708.0,35501545.0,35709908.0,35920782.0,36134216.0,36350225.0,36568840.0
Battery Storage (8hrs storage),SA,Slower Growth,,29785142.0,29866012.0,30289312.0,30541135.0,30792854.0,31068340.0,31454560.0,31760215.0,31993355.0,32270679.0,32562078.0,32817902.0,33010045.0,33189925.0,33371036.0,33553491.0,33737162.0,33923295.0,34112174.0,34303390.0,34496996.0,34693008.0,34891455.0,35092349.0,35295708.0,35501545.0,35709908.0,35920782.0,36134216.0,36350225.0,36568840.0
Pumped Hydro (10hrs storage),SA,Slower Growth,,35949544.0,36158179.0,36706202.0,37032524.0,37352713.0,37707972.0,38197340.0,38582314.0,38881614.0,39238022.0,39611491.0,39941694.0,40199601.0,40446430.0,40696619.0,40949937.0,41206353.0,41467499.0,41733742.0,42004666.0,42280411.0,42561078.0,42846783.0,43137631.0,43433734.0,43735203.0,44042194.0,44354796.0,44673174.0,44997458.0,45327805.0
Pumped Hydro (24hrs storage),SA,Slower Growth,,35949544.0,36158179.0,36706202.0,37032524.0,37352713.0,37707972.0,38197340.0,38582314.0,38881614.0,39238022.0,39611491.0,39941694.0,40199601.0,40446430.0,40696619.0,40949937.0,41206353.0,41467499.0,41733742.0,42004666.0,42280411.0,42561078.0,42846783.0,43137631.0,43433734.0,43735203.0,44042194.0,44354796.0,44673174.0,44997458.0,45327805.0
Pumped Hydro (48hrs storage),SA,Slower Growth,,35949544.0,36158179.0,36706202.0,37032524.0,37352713.0,37707972.0,38197340.0,38582314.0,38881614.0,39238022.0,39611491.0,39941694.0,40199601.0,40446430.0,40696619.0,40949937.0,41206353.0,41467499.0,41733742.0,42004666.0,42280411.0,42561078.0,42846783.0,43137631.0,43433734.0,43735203.0,44042194.0,44354796.0,44673174.0,44997458.0,45327805.0
Alkaline Electrolyser,SA,Slower Growth,,35949544.0,36158179.0,36706202.0,37032524.0,37352713.0,37707972.0,38197340.0,38582314.0,38881614.0,39238022.0,39611491.0,39941694.0,40199601.0,40446430.0,40696619.0,40949937.0,41206353.0,41467499.0,41733742.0,42004666.0,42280411.0,42561078.0,42846783.0,43137631.0,43433734.0,43735203.0,44042194.0,44354796.0,44673174.0,44997458.0,45327805.0
BOTN - Cethana,SA,Slower Growth,,0.0,0.0,0.0,0.0,0.0,0.0,0.0,0.0,0.0,0.0,0.0,0.0,0.0,0.0,0.0,0.0,0.0,0.0,0.0,0.0,0.0,0.0,0.0,0.0,0.0,0.0,0.0,0.0,0.0,0.0,0.0
CCGT,TAS,Slower Growth,,32299414.0,32497300.0,33025134.0,33345752.0,33656237.0,34008927.0,34469455.0,34819081.0,35101440.0,35438120.0,35788620.0,36098976.0,36340290.0,36573702.0,36810529.0,37050094.0,37292746.0,37539902.0,37791805.0,38048128.0,38308999.0,38574509.0,38844765.0,39119867.0,39399919.0,39685025.0,39975331.0,40270919.0,40571945.0,40878529.0,41190819.0
CCGT with CCS,TAS,Slower Growth,,32299414.0,32497300.0,33025134.0,33345752.0,33656237.0,34008927.0,34469455.0,34819081.0,35101440.0,35438120.0,35788620.0,36098976.0,36340290.0,36573702.0,36810529.0,37050094.0,37292746.0,37539902.0,37791805.0,38048128.0,38308999.0,38574509.0,38844765.0,39119867.0,39399919.0,39685025.0,39975331.0,40270919.0,40571945.0,40878529.0,41190819.0
OCGT (small GT),TAS,Slower Growth,,32299414.0,32497300.0,33025134.0,33345752.0,33656237.0,34008927.0,34469455.0,34819081.0,35101440.0,35438120.0,35788620.0,36098976.0,36340290.0,36573702.0,36810529.0,37050094.0,37292746.0,37539902.0,37791805.0,38048128.0,38308999.0,38574509.0,38844765.0,39119867.0,39399919.0,39685025.0,39975331.0,40270919.0,40571945.0,40878529.0,41190819.0
OCGT (large GT),TAS,Slower Growth,,32299414.0,32497300.0,33025134.0,33345752.0,33656237.0,34008927.0,34469455.0,34819081.0,35101440.0,35438120.0,35788620.0,36098976.0,36340290.0,36573702.0,36810529.0,37050094.0,37292746.0,37539902.0,37791805.0,38048128.0,38308999.0,38574509.0,38844765.0,39119867.0,39399919.0,39685025.0,39975331.0,40270919.0,40571945.0,40878529.0,41190819.0
Distributed Resources Solar,TAS,Slower Growth,,3936271.578444844,3957524.555858403,4026613.43549421,4071601.925620174,4114596.548256938,4163532.823658485,4226731.025952065,4276360.931130265,4317856.145243421,4366810.714638634,4417892.587282941,4464697.668512612,4504828.477518291,4545079.713727647,4586519.119070493,4629045.503723412,4672731.317626468,4717806.429175946,4764341.345047816,4812340.441397969,4861868.566998816,4912988.082434191,4965766.528432557,5020273.0178494,5076580.398813036,5134764.395437375,5194909.379199399,5257095.457153248,5321415.144134124,5387960.629943421,5456831.417989883
Distributed Resources Batteries,TAS,Slower Growth,,2802379.197840448,2817509.988643115,2866696.950272928,2898725.941758587,2929335.424284148,2964174.991999967,3009168.159752486,3044501.548491159,3074043.545917715,3108896.137812958,3145263.236584557,3178585.52733033,3207156.153647342,3235812.516602112,3265314.781674368,3295590.908038035,3326692.47551957,3358783.136041652,3391913.085948235,3426085.440788638,3461346.368833313,3497740.266918053,3535315.21981767,3574120.431563099,3614207.765465938,3655631.132359664,3698450.599459476,3742723.1979782,3788514.792692819,3835891.01697657,3884922.711033751
Biomass,TAS,Slower Growth,,32299414.0,32497300.0,33025134.0,33345752.0,33656237.0,34008927.0,34469455.0,34819081.0,35101440.0,35438120.0,35788620.0,36098976.0,36340290.0,36573702.0,36810529.0,37050094.0,37292746.0,37539902.0,37791805.0,38048128.0,38308999.0,38574509.0,38844765.0,39119867.0,39399919.0,39685025.0,39975331.0,40270919.0,40571945.0,40878529.0,41190819.0
Battery storage (1hr storage),TAS,Slower Growth,,26841219.0,26925346.0,27342431.0,27596131.0,27845168.0,28126264.0,28494414.0,28772852.0,28995633.0,29261220.0,29537933.0,29781140.0,29962743.0,30135285.0,30309291.0,30484390.0,30660843.0,30839722.0,31021193.0,31204933.0,31390989.0,31579374.0,31770116.0,31963229.0,32158728.0,32356630.0,32556977.0,32759760.0,32965024.0,33172785.0,33383074.0
Battery storage (2hrs storage),TAS,Slower Growth,,26841219.0,26925346.0,27342431.0,27596131.0,27845168.0,28126264.0,28494414.0,28772852.0,28995633.0,29261220.0,29537933.0,29781140.0,29962743.0,30135285.0,30309291.0,30484390.0,30660843.0,30839722.0,31021193.0,31204933.0,31390989.0,31579374.0,31770116.0,31963229.0,32158728.0,32356630.0,32556977.0,32759760.0,32965024.0,33172785.0,33383074.0
Battery storage (4hrs storage),TAS,Slower Growth,,26841219.0,26925346.0,27342431.0,27596131.0,27845168.0,28126264.0,28494414.0,28772852.0,28995633.0,29261220.0,29537933.0,29781140.0,29962743.0,30135285.0,30309291.0,30484390.0,30660843.0,30839722.0,31021193.0,31204933.0,31390989.0,31579374.0,31770116.0,31963229.0,32158728.0,32356630.0,32556977.0,32759760.0,32965024.0,33172785.0,33383074.0
Battery Storage (8hrs storage),TAS,Slower Growth,,26841219.0,26925346.0,27342431.0,27596131.0,27845168.0,28126264.0,28494414.0,28772852.0,28995633.0,29261220.0,29537933.0,29781140.0,29962743.0,30135285.0,30309291.0,30484390.0,30660843.0,30839722.0,31021193.0,31204933.0,31390989.0,31579374.0,31770116.0,31963229.0,32158728.0,32356630.0,32556977.0,32759760.0,32965024.0,33172785.0,33383074.0
Pumped Hydro (10hrs storage),TAS,Slower Growth,,32299414.0,32497300.0,33025134.0,33345752.0,33656237.0,34008927.0,34469455.0,34819081.0,35101440.0,35438120.0,35788620.0,36098976.0,36340290.0,36573702.0,36810529.0,37050094.0,37292746.0,37539902.0,37791805.0,38048128.0,38308999.0,38574509.0,38844765.0,39119867.0,39399919.0,39685025.0,39975331.0,40270919.0,40571945.0,40878529.0,41190819.0
Pumped Hydro (24hrs storage),TAS,Slower Growth,,32299414.0,32497300.0,33025134.0,33345752.0,33656237.0,34008927.0,34469455.0,34819081.0,35101440.0,35438120.0,35788620.0,36098976.0,36340290.0,36573702.0,36810529.0,37050094.0,37292746.0,37539902.0,37791805.0,38048128.0,38308999.0,38574509.0,38844765.0,39119867.0,39399919.0,39685025.0,39975331.0,40270919.0,40571945.0,40878529.0,41190819.0
Pumped Hydro (48hrs storage),TAS,Slower Growth,,32299414.0,32497300.0,33025134.0,33345752.0,33656237.0,34008927.0,34469455.0,34819081.0,35101440.0,35438120.0,35788620.0,36098976.0,36340290.0,36573702.0,36810529.0,37050094.0,37292746.0,37539902.0,37791805.0,38048128.0,38308999.0,38574509.0,38844765.0,39119867.0,39399919.0,39685025.0,39975331.0,40270919.0,40571945.0,40878529.0,41190819.0
Alkaline Electrolyser,TAS,Slower Growth,,32299414.0,32497300.0,33025134.0,33345752.0,33656237.0,34008927.0,34469455.0,34819081.0,35101440.0,35438120.0,35788620.0,36098976.0,36340290.0,36573702.0,36810529.0,37050094.0,37292746.0,37539902.0,37791805.0,38048128.0,38308999.0,38574509.0,38844765.0,39119867.0,39399919.0,39685025.0,39975331.0,40270919.0,40571945.0,40878529.0,41190819.0
BOTN - Cethana,TAS,Slower Growth,,0.0,0.0,0.0,0.0,0.0,0.0,0.0,0.0,0.0,0.0,0.0,0.0,0.0,0.0,0.0,0.0,0.0,0.0,0.0,0.0,0.0,0.0,0.0,0.0,0.0,0.0,0.0,0.0,0.0,0.0,0.0
