Generator,Gas price scenario,2025-26,2026-27,2027-28,2028-29,2029-30,2030-31,2031-32,2032-33,2033-34,2034-35,2035-36,2036-37,2037-38,2038-39,2039-40,2040-41,2041-42,2042-43,2043-44,2044-45,2045-46,2046-47,2047-48,2048-49,2049-50,2050-51,2051-52,2052-53,2053-54,2054-55
Bairnsdale,Slower Growth,12.05,14.87,14.55,14.59,14.46,13.31,11.93,11.95,11.55,12.74,13.13,13.08,13.23,13.6,14.66,15.22,15.71,16.66,15.5,15.92,16.56,17.39,16.84,16.81,16.76,16.76,16.76,16.76,16.76,16.76
Barcaldine Power Station,Slower Growth,13.83,15.88,13.3,13.35,13.39,11.93,11.62,12.74,10.96,11.09,10.93,10.77,10.82,11.64,13.0,11.85,12.78,13.27,12.24,12.85,13.62,14.18,13.02,12.96,13.51,13.51,13.51,13.51,13.51,13.51
Barker Inlet Power Station,Slower Growth,14.25,15.55,13.69,13.87,14.42,13.76,12.44,12.37,11.76,12.0,12.08,11.48,11.63,12.05,13.11,13.74,14.23,15.32,14.27,14.77,15.4,16.23,15.65,15.64,15.6,15.6,15.6,15.6,15.6,15.6
Bell Bay Three,Slower Growth,14.94,15.76,15.03,14.95,15.26,14.81,13.47,13.5,13.09,14.2,14.6,14.58,14.71,15.08,16.15,16.67,17.05,18.12,17.1,17.52,18.17,19.0,18.42,18.37,18.3,18.3,18.3,18.3,18.3,18.3
Bolivar Power Station,Slower Growth,14.25,15.55,13.69,13.87,14.42,13.76,12.44,12.37,11.76,12.0,12.08,11.48,11.63,12.05,13.11,13.74,14.23,15.32,14.27,14.77,15.4,16.23,15.65,15.64,15.6,15.6,15.6,15.6,15.6,15.6
Braemar,Slower Growth,14.52,16.74,13.8,11.65,13.9,11.74,11.42,12.54,10.76,10.89,10.73,10.57,10.62,11.44,12.8,11.65,12.58,13.07,12.04,12.65,13.42,13.98,12.82,12.76,13.31,13.31,13.31,13.31,13.31,13.31
Braemar 2 Power Station,Slower Growth,14.52,16.74,13.8,11.65,13.9,11.74,11.42,12.54,10.76,10.89,10.73,10.57,10.62,11.44,12.8,11.65,12.58,13.07,12.04,12.65,13.42,13.98,12.82,12.76,13.31,13.31,13.31,13.31,13.31,13.31
Colongra,Slower Growth,13.6,15.38,14.74,14.82,15.28,14.58,13.09,12.76,11.96,12.78,12.9,12.36,12.51,12.97,14.01,14.77,15.25,15.78,15.23,15.78,16.11,16.92,16.37,16.37,16.09,16.09,16.09,16.09,16.09,16.09
Condamine A,Slower Growth,13.18,15.12,12.55,10.6,12.63,11.18,10.98,12.1,10.4,10.53,10.38,10.22,10.28,11.06,12.35,11.26,12.14,12.6,11.57,12.2,12.91,13.43,12.35,12.3,12.83,12.83,12.83,12.83,12.83,12.83
Darling Downs,Slower Growth,13.17,15.12,12.55,10.6,12.63,11.18,11.0,12.14,10.45,10.59,10.43,10.26,10.36,11.85,13.12,11.65,12.31,12.64,11.59,12.22,12.94,13.45,12.38,12.34,12.86,12.86,12.86,12.86,12.86,12.86
Dry Creek GT,Slower Growth,14.25,15.55,13.69,13.87,14.42,13.76,12.44,12.37,11.76,12.0,12.08,11.48,11.63,12.05,13.11,13.74,14.23,15.32,14.27,14.77,15.4,16.23,15.65,15.64,15.6,15.6,15.6,15.6,15.6,15.6
Dubbo GT,Slower Growth,13.602306,15.38,14.74,14.82,15.28,14.58,13.09,12.76,11.96,12.78,12.9,12.36,12.51,12.97,14.01,14.77,15.25,15.78,15.23,15.78,16.11,16.92,16.37,16.37,16.09,16.09,16.09,16.09,16.09,16.09
Hallett GT,Slower Growth,14.25,15.55,13.69,13.87,14.42,13.76,12.44,12.37,11.76,12.0,12.08,11.48,11.63,12.05,13.11,13.74,14.23,15.32,14.27,14.77,15.4,16.23,15.65,15.64,15.6,15.6,15.6,15.6,15.6,15.6
Hunter Power Station,Slower Growth,13.6,15.38,14.74,14.82,15.28,14.58,13.09,12.76,11.96,12.78,12.9,12.36,12.51,12.97,14.01,14.77,15.25,15.78,15.23,15.78,16.11,16.92,16.37,16.37,16.09,16.09,16.09,16.09,16.09,16.09
Jeeralang A,Slower Growth,11.98,14.81,14.59,14.51,14.91,13.88,12.56,12.59,12.19,13.26,13.63,13.68,13.81,14.17,15.25,15.77,16.13,17.22,16.2,16.61,17.26,18.1,17.54,17.51,17.46,17.46,17.46,17.46,17.46,17.46
Jeeralang B,Slower Growth,11.98,14.81,14.59,14.51,14.91,13.88,12.56,12.59,12.19,13.26,13.63,13.68,13.81,14.17,15.25,15.77,16.13,17.22,16.2,16.61,17.26,18.1,17.54,17.51,17.46,17.46,17.46,17.46,17.46,17.46
Ladbroke Grove,Slower Growth,14.63,15.93,14.32,14.3,15.0,14.55,12.38,12.57,12.33,12.85,12.27,12.47,12.87,13.12,14.31,14.55,14.93,15.02,14.65,14.95,15.3,15.5,15.39,15.28,15.4,15.4,15.4,15.4,15.4,15.4
Laverton North,Slower Growth,13.27,16.93,16.48,15.85,15.16,13.99,12.74,12.81,12.42,13.21,13.6,13.76,13.93,14.26,15.36,15.96,16.29,17.44,16.41,16.84,17.49,18.33,17.77,17.73,17.69,17.69,17.69,17.69,17.69,17.69
Lockyer Valley GT,Slower Growth,13.83,16.84,15.9,13.75,14.5,12.79,11.18,12.4,10.66,11.08,11.23,11.18,11.36,12.57,13.37,11.73,12.54,13.4,12.73,13.81,14.14,14.68,13.56,13.5,14.05,14.05,14.05,14.05,14.05,14.05
Mintaro GT,Slower Growth,14.25,15.55,13.69,13.87,14.42,13.76,12.44,12.37,11.76,12.0,12.08,11.48,11.63,12.05,13.11,13.74,14.23,15.32,14.27,14.77,15.4,16.23,15.65,15.64,15.6,15.6,15.6,15.6,15.6,15.6
Mortlake,Slower Growth,12.21,15.03,14.92,14.9,15.0,13.69,12.53,12.71,12.48,13.0,13.42,13.62,14.02,14.27,15.46,15.7,16.08,16.17,15.8,16.11,16.45,16.66,16.55,16.44,16.57,16.57,16.57,16.57,16.57,16.57
Newport,Slower Growth,13.27,16.93,16.48,15.85,15.16,13.99,12.74,12.81,12.42,13.21,13.6,13.76,13.93,14.26,15.36,15.96,16.29,17.44,16.41,16.84,17.49,18.33,17.77,17.73,17.69,17.69,17.69,17.69,17.69,17.69
Oakey Power Station,Slower Growth,13.74,15.78,13.2,13.25,13.29,11.83,10.91,12.12,10.39,10.81,10.96,10.91,11.09,12.3,13.1,11.46,12.27,13.13,12.46,13.54,13.87,14.41,13.29,13.23,13.79,13.79,13.79,13.79,13.79,13.79
Osborne,Slower Growth,12.91,14.14,12.54,12.7,12.98,13.11,11.85,11.78,11.2,11.43,11.5,10.93,11.07,11.48,12.48,13.09,13.55,14.59,13.59,14.06,14.67,15.46,14.9,14.89,14.86,14.86,14.86,14.86,14.86,14.86
Pelican Point,Slower Growth,12.91,14.14,12.54,12.7,12.98,13.11,11.85,11.78,11.2,11.43,11.5,10.93,11.07,11.48,12.48,13.09,13.55,14.59,13.59,14.06,14.67,15.46,14.9,14.89,14.86,14.86,14.86,14.86,14.86,14.86
Quarantine,Slower Growth,14.25,15.55,13.69,13.87,14.42,13.76,12.44,12.37,11.76,12.0,12.08,11.48,11.63,12.05,13.11,13.74,14.23,15.32,14.27,14.77,15.4,16.23,15.65,15.64,15.6,15.6,15.6,15.6,15.6,15.6
Roma,Slower Growth,13.18,15.12,12.55,10.6,12.63,11.18,11.44,12.51,10.8,10.92,10.78,10.52,10.67,11.42,12.75,11.67,12.58,13.12,12.1,12.71,13.48,14.05,12.87,12.81,13.35,13.35,13.35,13.35,13.35,13.35
Smithfield Energy Facility,Slower Growth,12.77,14.49,14.09,14.35,14.52,13.65,12.4,12.35,11.64,12.42,12.54,12.02,12.16,12.6,13.6,14.31,14.77,15.27,14.73,15.18,15.5,16.27,15.74,15.74,15.47,15.47,15.47,15.47,15.47,15.47
Snapper,Slower Growth,14.25,15.55,13.69,13.87,14.32,13.76,12.44,12.37,11.76,12.0,12.08,11.48,11.63,12.05,13.11,13.74,14.23,15.32,14.27,14.77,15.4,16.23,15.65,15.64,15.6,15.6,15.6,15.6,15.6,15.6
Somerton,Slower Growth,13.27,16.93,16.48,15.85,15.16,13.99,12.74,12.81,12.42,13.21,13.6,13.76,13.93,14.26,15.36,15.96,16.29,17.44,16.41,16.84,17.49,18.33,17.77,17.73,17.69,17.69,17.69,17.69,17.69,17.69
Swanbank E GT,Slower Growth,14.12,16.12,13.55,11.6,12.46,10.82,10.65,11.8,10.16,10.55,10.69,10.65,10.82,11.97,12.73,11.17,11.94,12.76,12.12,13.16,13.46,13.98,12.91,12.86,13.38,13.38,13.38,13.38,13.38,13.38
Tallawarra,Slower Growth,12.77,14.49,14.09,14.39,14.66,13.81,12.58,12.55,11.85,12.62,12.74,12.22,12.36,12.8,13.79,14.51,14.97,15.46,14.93,15.37,15.69,16.46,15.93,15.92,15.65,15.65,15.65,15.65,15.65,15.65
Tallawarra B,Slower Growth,13.19,14.94,14.3,14.63,15.17,14.51,13.21,13.17,12.44,13.26,13.38,12.83,12.98,13.44,14.48,15.24,15.71,16.24,15.67,16.14,16.47,17.28,16.73,16.71,16.43,16.43,16.43,16.43,16.43,16.43
Tamar Valley Combined Cycle,Slower Growth,13.54,14.32,13.85,13.77,14.37,14.1,12.83,12.85,12.47,13.52,13.9,13.89,14.01,14.36,15.38,15.88,16.23,17.26,16.29,16.68,17.3,18.1,17.54,17.49,17.42,17.42,17.42,17.42,17.42,17.42
Tamar Valley Peaking,Slower Growth,14.94,15.76,15.03,14.95,15.26,14.81,13.47,13.5,13.09,14.2,14.6,14.58,14.71,15.08,16.15,16.67,17.05,18.12,17.1,17.52,18.17,19.0,18.42,18.37,18.3,18.3,18.3,18.3,18.3,18.3
Torrens Island B,Slower Growth,14.25,15.55,13.69,13.87,14.42,13.76,12.44,12.37,11.76,12.0,12.08,11.48,11.63,12.05,13.11,13.74,14.23,15.32,14.27,14.77,15.4,16.23,15.65,15.64,15.6,15.6,15.6,15.6,15.6,15.6
Townsville Power Station,Slower Growth,13.18,16.12,12.55,10.6,12.8,11.18,10.88,11.94,10.24,10.37,10.22,10.06,10.12,10.9,12.19,11.1,11.98,12.45,11.47,12.05,12.78,13.32,12.21,12.15,12.68,12.68,12.68,12.68,12.68,12.68
Uranquinty,Slower Growth,12.99,14.7,14.0,13.97,14.72,14.05,12.73,12.68,12.05,12.84,12.91,12.31,12.49,12.91,13.96,14.59,15.07,16.06,15.04,15.51,16.08,16.9,16.33,16.32,16.05,16.05,16.05,16.05,16.05,16.05
Valley Power,Slower Growth,11.98,14.81,14.59,14.51,14.91,13.88,12.56,12.59,12.19,13.26,13.63,13.68,13.81,14.17,15.25,15.77,16.13,17.22,16.2,16.61,17.26,18.1,17.54,17.51,17.46,17.46,17.46,17.46,17.46,17.46
Yarwun Cogen,Slower Growth,14.47,16.62,14.05,12.1,14.13,12.68,12.38,13.44,11.74,11.87,11.72,11.56,11.62,12.4,13.69,12.6,13.48,13.95,12.97,13.55,14.28,14.82,13.71,13.65,14.18,14.18,14.18,14.18,14.18,14.18
Bairnsdale,Step Change,11.82,13.44,13.28,13.63,13.0,12.22,11.91,11.87,11.82,12.8,12.66,12.38,12.93,13.09,13.59,13.64,13.81,13.6,13.23,13.21,12.92,12.77,12.77,12.93,13.09,13.09,13.09,13.09,13.09,13.09
Barcaldine Power Station,Step Change,12.77,12.28,12.53,11.8,11.75,11.59,11.19,10.8,10.93,10.7,10.48,10.76,10.44,11.01,11.16,11.14,11.17,11.16,11.0,11.07,10.62,10.44,10.37,10.49,10.67,10.67,10.67,10.67,10.67,10.67
Barker Inlet Power Station,Step Change,13.46,14.72,13.35,14.34,14.46,13.14,12.94,12.72,12.48,13.09,12.87,12.18,12.85,13.0,13.36,13.59,13.78,13.71,13.43,13.48,13.15,12.97,12.96,13.1,13.31,13.31,13.31,13.31,13.31,13.31
Bell Bay Three,Step Change,13.72,15.02,14.56,14.64,14.24,13.64,13.41,13.41,13.29,14.21,14.07,13.82,14.37,14.54,15.05,15.1,15.25,15.12,14.85,14.83,14.55,14.39,14.37,14.51,14.65,14.65,14.65,14.65,14.65,14.65
Bolivar Power Station,Step Change,13.46,14.72,13.35,14.34,14.46,13.14,12.94,12.72,12.48,13.09,12.87,12.18,12.85,13.0,13.36,13.59,13.78,13.71,13.43,13.48,13.15,12.97,12.96,13.1,13.31,13.31,13.31,13.31,13.31,13.31
Braemar,Step Change,12.39,11.88,12.13,11.4,11.35,11.19,10.79,10.4,10.53,10.3,10.08,10.36,10.04,10.61,10.76,10.74,10.77,10.76,10.6,10.67,10.22,10.04,9.97,10.09,10.27,10.27,10.27,10.27,10.27,10.27
Braemar 2 Power Station,Step Change,12.39,11.88,12.13,11.4,11.35,11.19,10.79,10.4,10.53,10.3,10.08,10.36,10.04,10.61,10.76,10.74,10.77,10.76,10.6,10.67,10.22,10.04,9.97,10.09,10.27,10.27,10.27,10.27,10.27,10.27
Colongra,Step Change,13.32,14.16,13.19,14.0,13.64,13.35,13.04,12.5,12.11,12.69,12.46,11.73,12.32,12.56,13.23,13.53,13.71,13.59,13.06,13.02,12.72,12.56,12.59,12.78,13.03,13.03,13.03,13.03,13.03,13.03
Condamine A,Step Change,11.1,10.79,11.19,10.34,10.3,10.68,10.3,9.99,10.19,9.96,9.71,10.04,9.71,10.27,10.4,10.39,10.42,10.41,10.25,10.32,9.89,9.72,9.65,9.76,9.93,9.93,9.93,9.93,9.93,9.93
Darling Downs,Step Change,11.12,10.81,11.21,10.36,10.32,10.69,10.32,10.01,10.21,9.98,9.73,10.05,9.73,10.31,10.47,10.46,10.58,10.63,10.45,10.5,9.97,9.77,9.68,9.79,9.97,9.97,9.97,9.97,9.97,9.97
Dry Creek GT,Step Change,13.46,14.72,13.35,14.34,14.46,13.14,12.94,12.72,12.48,13.09,12.87,12.18,12.85,13.0,13.36,13.59,13.78,13.71,13.43,13.48,13.15,12.97,12.96,13.1,13.31,13.31,13.31,13.31,13.31,13.31
Dubbo GT,Step Change,13.323167,14.16,13.19,14.0,13.64,13.35,13.04,12.5,12.11,12.69,12.46,11.73,12.32,12.56,13.23,13.53,13.71,13.59,13.06,13.02,12.72,12.56,12.59,12.78,13.03,13.03,13.03,13.03,13.03,13.03
Hallett GT,Step Change,13.46,14.72,13.35,14.34,14.46,13.14,12.94,12.72,12.48,13.09,12.87,12.18,12.85,13.0,13.36,13.59,13.78,13.71,13.43,13.48,13.15,12.97,12.96,13.1,13.31,13.31,13.31,13.31,13.31,13.31
Hunter Power Station,Step Change,13.32,14.16,13.19,14.0,13.64,13.35,13.04,12.5,12.11,12.69,12.46,11.73,12.32,12.56,13.23,13.53,13.71,13.59,13.06,13.02,12.72,12.56,12.59,12.78,13.03,13.03,13.03,13.03,13.03,13.03
Jeeralang A,Step Change,11.72,13.43,13.28,13.69,13.29,12.73,12.5,12.5,12.37,13.29,13.16,12.92,13.46,13.63,14.14,14.2,14.34,14.22,13.95,13.93,13.64,13.49,13.49,13.65,13.82,13.82,13.82,13.82,13.82,13.82
Jeeralang B,Step Change,11.72,13.43,13.28,13.69,13.29,12.73,12.5,12.5,12.37,13.29,13.16,12.92,13.46,13.63,14.14,14.2,14.34,14.22,13.95,13.93,13.64,13.49,13.49,13.65,13.82,13.82,13.82,13.82,13.82,13.82
Ladbroke Grove,Step Change,13.71,14.94,13.57,14.56,14.68,13.35,13.15,12.93,12.69,13.3,13.08,12.39,13.06,13.21,13.57,13.8,13.99,13.92,13.64,13.69,13.36,13.18,13.17,13.31,13.52,13.52,13.52,13.52,13.52,13.52
Laverton North,Step Change,12.17,14.54,14.17,14.03,13.53,12.91,12.68,12.68,12.55,13.25,13.24,12.98,13.62,13.75,14.12,14.35,14.49,14.42,14.17,14.15,13.87,13.71,13.7,13.83,13.99,13.99,13.99,13.99,13.99,13.99
Lockyer Valley GT,Step Change,12.82,12.43,12.88,11.95,11.9,11.76,11.34,10.93,11.05,10.82,10.6,10.94,10.57,11.14,11.28,11.27,11.3,11.28,11.12,11.2,10.75,10.56,10.5,10.62,10.8,10.8,10.8,10.8,10.8,10.8
Mintaro GT,Step Change,13.46,14.72,13.35,14.34,14.46,13.14,12.94,12.72,12.48,13.09,12.87,12.18,12.85,13.0,13.36,13.59,13.78,13.71,13.43,13.48,13.15,12.97,12.96,13.1,13.31,13.31,13.31,13.31,13.31,13.31
Mortlake,Step Change,11.94,13.74,13.61,13.35,13.24,12.57,12.36,12.36,12.38,12.98,13.19,12.82,13.66,13.64,14.04,14.27,14.62,14.65,14.42,14.4,14.15,14.0,13.98,14.12,14.28,14.28,14.28,14.28,14.28,14.28
Newport,Step Change,12.17,14.54,14.17,14.03,13.53,12.91,12.68,12.68,12.55,13.25,13.24,12.98,13.62,13.75,14.12,14.35,14.49,14.42,14.17,14.15,13.87,13.71,13.7,13.83,13.99,13.99,13.99,13.99,13.99,13.99
Oakey Power Station,Step Change,12.32,11.87,12.11,11.37,11.33,11.17,10.79,10.49,10.69,10.46,10.2,10.49,10.2,10.78,10.92,10.91,10.94,10.93,10.77,10.84,10.39,10.2,10.13,10.24,10.43,10.43,10.43,10.43,10.43,10.43
Osborne,Step Change,12.16,13.38,12.14,13.03,13.15,12.52,12.33,12.11,11.88,12.47,12.26,11.6,12.24,12.38,12.73,12.94,13.12,13.05,12.79,12.84,12.52,12.35,12.34,12.47,12.68,12.68,12.68,12.68,12.68,12.68
Pelican Point,Step Change,12.16,13.38,12.14,13.03,13.15,12.52,12.33,12.11,11.88,12.47,12.26,11.6,12.24,12.38,12.73,12.94,13.12,13.05,12.79,12.84,12.52,12.35,12.34,12.47,12.68,12.68,12.68,12.68,12.68,12.68
Quarantine,Step Change,12.16,13.38,12.14,13.03,13.15,12.52,12.33,12.11,11.88,12.47,12.26,11.6,12.24,12.38,12.73,12.94,13.12,13.05,12.79,12.84,12.52,12.35,12.34,12.47,12.68,12.68,12.68,12.68,12.68,12.68
Roma,Step Change,12.45,11.94,12.18,11.45,11.41,11.24,10.84,10.42,10.58,10.32,10.13,10.41,10.08,10.65,10.81,10.8,10.83,10.81,10.65,10.72,10.27,10.09,10.03,10.15,10.33,10.33,10.33,10.33,10.33,10.33
Smithfield Energy Facility,Step Change,12.38,13.46,12.59,13.41,13.08,12.48,12.3,12.08,11.74,12.26,12.03,11.36,11.92,12.14,12.77,13.04,13.21,13.1,12.59,12.56,12.28,12.12,12.14,12.3,12.52,12.52,12.52,12.52,12.52,12.52
Snapper,Step Change,12.16,13.38,12.14,13.03,13.15,12.52,12.33,12.11,11.88,12.47,12.26,11.6,12.24,12.38,12.73,12.94,13.12,13.05,12.79,12.84,12.52,12.35,12.34,12.47,12.68,12.68,12.68,12.68,12.68,12.68
Somerton,Step Change,12.17,14.54,14.17,14.03,13.53,12.91,12.68,12.68,12.55,13.25,13.24,12.98,13.62,13.75,14.12,14.35,14.49,14.42,14.17,14.15,13.87,13.71,13.7,13.83,13.99,13.99,13.99,13.99,13.99,13.99
Swanbank E GT,Step Change,11.62,11.3,11.7,10.86,10.82,11.2,10.8,10.41,10.52,10.31,10.1,10.42,10.06,10.61,10.74,10.73,10.76,10.75,10.59,10.66,10.23,10.06,10.0,10.11,10.28,10.28,10.28,10.28,10.28,10.28
Tallawarra,Step Change,12.38,13.47,12.59,13.5,13.2,12.68,12.49,12.29,11.95,12.46,12.22,11.56,12.12,12.32,12.95,13.22,13.39,13.27,12.77,12.74,12.45,12.3,12.31,12.47,12.68,12.68,12.68,12.68,12.68,12.68
Tallawarra B,Step Change,13.8,14.81,13.85,13.85,13.52,13.31,13.11,12.9,12.54,13.08,12.83,12.14,12.72,12.94,13.59,13.89,14.06,13.94,13.41,13.37,13.08,12.91,12.93,13.09,13.31,13.31,13.31,13.31,13.31,13.31
Tamar Valley Combined Cycle,Step Change,13.15,14.38,13.42,13.31,12.94,12.99,12.77,12.77,12.66,13.53,13.4,13.16,13.68,13.85,14.34,14.38,14.52,14.4,14.15,14.13,13.86,13.71,13.69,13.82,13.95,13.95,13.95,13.95,13.95,13.95
Tamar Valley Peaking,Step Change,13.72,15.02,14.56,14.64,14.24,13.64,13.41,13.41,13.29,14.21,14.07,13.82,14.37,14.54,15.05,15.1,15.25,15.12,14.85,14.83,14.55,14.39,14.37,14.51,14.65,14.65,14.65,14.65,14.65,14.65
Torrens Island B,Step Change,12.16,13.38,12.14,13.03,13.15,12.52,12.33,12.11,11.88,12.47,12.26,11.6,12.24,12.38,12.73,12.94,13.12,13.05,12.79,12.84,12.52,12.35,12.34,12.47,12.68,12.68,12.68,12.68,12.68,12.68
Townsville Power Station,Step Change,12.1,10.8,9.2,10.36,10.32,9.7,9.8,9.91,10.02,9.81,9.6,8.92,9.56,10.11,10.24,10.23,10.26,10.25,10.09,10.16,9.73,9.56,9.5,9.61,9.78,9.78,9.78,9.78,9.78,9.78
Uranquinty,Step Change,13.59,14.47,13.44,13.96,13.48,12.82,12.62,12.4,12.17,12.75,12.51,11.83,12.44,12.64,13.01,13.21,13.38,13.31,13.04,13.03,12.69,12.52,12.5,12.64,12.86,12.86,12.86,12.86,12.86,12.86
Valley Power,Step Change,11.72,13.43,13.28,13.69,13.29,12.73,12.5,12.5,12.37,13.29,13.16,12.92,13.46,13.63,14.14,14.2,14.34,14.22,13.95,13.93,13.64,13.49,13.49,13.65,13.82,13.82,13.82,13.82,13.82,13.82
Yarwun Cogen,Step Change,12.1,11.8,12.2,11.36,11.32,11.7,11.3,10.91,11.02,10.81,10.6,10.92,10.56,11.11,11.24,11.23,11.26,11.25,11.09,11.16,10.73,10.56,10.5,10.61,10.78,10.78,10.78,10.78,10.78,10.78
Bairnsdale,Accelerated Transition,11.81,13.32,12.52,12.81,13.17,11.93,11.25,12.33,12.31,12.39,12.11,12.07,11.97,11.87,11.95,11.52,11.41,11.29,11.02,10.97,10.89,10.77,10.69,10.63,10.55,10.55,10.55,10.55,10.55,10.55
Barcaldine Power Station,Accelerated Transition,14.01,14.76,12.61,11.22,12.48,12.29,10.93,11.3,10.98,11.67,11.58,11.02,11.44,11.49,10.8,10.36,10.3,9.66,9.47,9.44,9.41,9.4,9.39,9.38,9.38,9.38,9.38,9.38,9.38,9.38
Barker Inlet Power Station,Accelerated Transition,13.99,13.88,12.81,12.71,13.84,12.62,12.09,13.13,12.99,12.93,12.58,12.21,11.98,11.76,11.83,11.68,11.58,11.52,11.47,11.37,11.14,11.0,10.92,10.71,10.43,10.43,10.43,10.43,10.43,10.43
Bell Bay Three,Accelerated Transition,14.88,15.18,15.52,14.63,14.39,13.68,13.52,14.51,14.59,14.61,14.42,14.46,14.35,14.29,14.47,14.09,13.97,13.91,13.73,13.68,13.59,13.48,13.36,13.25,13.12,13.12,13.12,13.12,13.12,13.12
Bolivar Power Station,Accelerated Transition,13.99,13.88,12.81,12.71,13.84,12.62,12.09,13.13,12.99,12.93,12.58,12.21,11.98,11.76,11.83,11.68,11.58,11.52,11.47,11.37,11.14,11.0,10.92,10.71,10.43,10.43,10.43,10.43,10.43,10.43
Braemar,Accelerated Transition,13.04,13.25,11.46,10.07,11.81,10.92,10.01,11.06,10.64,10.75,10.55,10.04,10.45,10.49,10.55,10.04,9.99,9.36,9.18,8.95,8.72,8.58,8.49,8.28,8.13,8.13,8.13,8.13,8.13,8.13
Braemar 2 Power Station,Accelerated Transition,13.04,13.25,11.46,10.07,11.81,10.92,10.01,11.06,10.64,10.75,10.55,10.04,10.45,10.49,10.55,10.04,9.99,9.36,9.18,8.95,8.72,8.58,8.49,8.28,8.13,8.13,8.13,8.13,8.13,8.13
Colongra,Accelerated Transition,14.26,14.64,13.87,14.24,14.7,13.39,12.9,13.93,13.73,13.58,13.21,12.91,12.7,12.52,12.59,12.43,12.33,12.22,12.03,11.97,11.88,11.76,11.68,11.46,11.18,11.18,11.18,11.18,11.18,11.18
Condamine A,Accelerated Transition,11.83,12.05,10.51,9.16,10.74,10.4,9.53,10.54,10.14,10.24,10.04,9.56,9.95,9.99,10.05,9.57,9.51,8.91,8.74,8.52,8.3,8.17,8.09,7.89,7.74,7.74,7.74,7.74,7.74,7.74
Darling Downs,Accelerated Transition,11.67,11.9,10.43,9.07,10.67,10.31,9.53,10.64,10.32,10.43,10.14,9.58,10.0,10.1,10.17,9.74,9.69,9.05,8.85,8.52,8.28,8.13,8.02,7.69,7.54,7.54,7.54,7.54,7.54,7.54
Dry Creek GT,Accelerated Transition,13.99,13.88,12.81,12.71,13.84,12.62,12.09,13.13,12.99,12.93,12.58,12.21,11.98,11.76,11.83,11.68,11.58,11.52,11.47,11.37,11.14,11.0,10.92,10.71,10.43,10.43,10.43,10.43,10.43,10.43
Dubbo GT,Accelerated Transition,14.262793,14.64,13.87,14.24,14.7,13.39,12.9,13.93,13.73,13.58,13.21,12.91,12.7,12.52,12.59,12.43,12.33,12.22,12.03,11.97,11.88,11.76,11.68,11.46,11.18,11.18,11.18,11.18,11.18,11.18
Hallett GT,Accelerated Transition,13.99,13.88,12.81,12.71,13.84,12.62,12.09,13.13,12.99,12.93,12.58,12.21,11.98,11.76,11.83,11.68,11.58,11.52,11.47,11.37,11.14,11.0,10.92,10.71,10.43,10.43,10.43,10.43,10.43,10.43
Hunter Power Station,Accelerated Transition,14.26,14.64,13.87,14.24,14.7,13.39,12.9,13.93,13.73,13.58,13.21,12.91,12.7,12.52,12.59,12.43,12.33,12.22,12.03,11.97,11.88,11.76,11.68,11.46,11.18,11.18,11.18,11.18,11.18,11.18
Jeeralang A,Accelerated Transition,11.7,13.09,12.22,12.56,13.3,12.39,11.86,12.91,12.92,13.01,12.72,12.69,12.57,12.46,12.55,12.13,12.02,11.94,11.75,11.7,11.61,11.49,11.41,11.36,11.27,11.27,11.27,11.27,11.27,11.27
Jeeralang B,Accelerated Transition,11.7,13.09,12.22,12.56,13.3,12.39,11.86,12.91,12.92,13.01,12.72,12.69,12.57,12.46,12.55,12.13,12.02,11.94,11.75,11.7,11.61,11.49,11.41,11.36,11.27,11.27,11.27,11.27,11.27,11.27
Ladbroke Grove,Accelerated Transition,14.45,14.32,13.4,13.2,14.3,13.21,12.72,13.67,13.69,13.74,13.48,13.11,12.88,12.66,12.73,12.58,12.48,12.42,12.37,12.27,12.04,11.9,11.82,11.61,11.33,11.33,11.33,11.33,11.33,11.33
Laverton North,Accelerated Transition,11.7,13.09,12.22,12.56,13.3,12.39,11.86,12.91,12.92,13.01,12.72,12.69,12.57,12.46,12.55,12.13,12.02,11.94,11.75,11.7,11.61,11.49,11.41,11.36,11.27,11.27,11.27,11.27,11.27,11.27
Lockyer Valley GT,Accelerated Transition,14.66,15.13,13.06,11.63,13.54,11.99,11.04,12.14,11.7,11.81,11.6,11.07,11.5,11.54,11.6,11.07,11.01,10.35,10.16,9.92,9.68,9.53,9.44,9.22,8.91,8.91,8.91,8.91,8.91,8.91
Mintaro GT,Accelerated Transition,13.99,13.88,12.81,12.71,13.84,12.62,12.09,13.13,12.99,12.93,12.58,12.21,11.98,11.76,11.83,11.68,11.58,11.52,11.47,11.37,11.14,11.0,10.92,10.71,10.43,10.43,10.43,10.43,10.43,10.43
Mortlake,Accelerated Transition,11.84,13.32,12.23,12.57,13.31,12.4,11.87,12.92,12.93,13.02,12.73,12.7,12.58,12.47,12.56,12.14,12.03,11.95,11.76,11.71,11.62,11.5,11.42,11.37,11.28,11.28,11.28,11.28,11.28,11.28
Newport,Accelerated Transition,13.03,15.21,14.12,13.91,13.55,12.63,12.1,13.15,13.16,13.22,12.94,12.93,12.81,12.69,12.78,12.36,12.25,12.17,11.98,11.93,11.84,11.73,11.65,11.59,11.5,11.5,11.5,11.5,11.5,11.5
Oakey Power Station,Accelerated Transition,13.04,13.25,11.46,10.07,11.81,10.92,10.01,11.06,10.64,10.75,10.55,10.04,10.45,10.49,10.55,10.04,9.99,9.36,9.18,8.95,8.72,8.58,8.49,8.28,8.13,8.13,8.13,8.13,8.13,8.13
Osborne,Accelerated Transition,12.67,12.62,11.74,11.55,12.58,12.02,11.51,12.5,12.37,12.31,11.98,11.63,11.41,11.2,11.27,11.12,11.03,10.97,10.92,10.82,10.61,10.48,10.4,10.2,9.93,9.93,9.93,9.93,9.93,9.93
Pelican Point,Accelerated Transition,12.67,12.62,11.74,11.55,12.58,12.02,11.51,12.5,12.37,12.31,11.98,11.63,11.41,11.2,11.27,11.12,11.03,10.97,10.92,10.82,10.61,10.48,10.4,10.2,9.93,9.93,9.93,9.93,9.93,9.93
Quarantine,Accelerated Transition,13.99,13.88,12.81,12.71,13.84,12.62,12.09,13.13,12.99,12.93,12.58,12.21,11.98,11.76,11.83,11.68,11.58,11.52,11.47,11.37,11.14,11.0,10.92,10.71,10.43,10.43,10.43,10.43,10.43,10.43
Roma,Accelerated Transition,13.04,13.25,11.46,10.07,11.81,10.92,10.01,11.06,10.64,10.75,10.55,10.04,10.45,10.49,10.55,10.04,9.99,9.36,9.18,8.95,8.72,8.58,8.49,8.28,8.13,8.13,8.13,8.13,8.13,8.13
Smithfield Energy Facility,Accelerated Transition,12.53,12.91,12.3,12.73,13.13,12.52,12.05,13.04,12.84,12.7,12.35,12.06,11.85,11.69,11.75,11.6,11.5,11.4,11.21,11.16,11.07,10.96,10.88,10.68,10.4,10.4,10.4,10.4,10.4,10.4
Snapper,Accelerated Transition,13.99,13.88,12.81,12.71,13.84,12.62,12.09,13.13,12.99,12.93,12.58,12.21,11.98,11.76,11.83,11.68,11.58,11.52,11.47,11.37,11.14,11.0,10.92,10.71,10.43,10.43,10.43,10.43,10.43,10.43
Somerton,Accelerated Transition,13.03,15.21,14.12,13.91,13.55,12.63,12.1,13.15,13.16,13.22,12.94,12.93,12.81,12.69,12.78,12.36,12.25,12.17,11.98,11.93,11.84,11.73,11.65,11.59,11.5,11.5,11.5,11.5,11.5,11.5
Swanbank E GT,Accelerated Transition,13.31,13.75,11.96,10.57,12.31,11.42,10.51,11.56,11.14,11.25,11.05,10.54,10.95,10.99,11.05,10.54,10.49,9.86,9.68,9.45,9.22,9.08,8.99,8.78,8.63,8.63,8.63,8.63,8.63,8.63
Tallawarra,Accelerated Transition,12.53,12.91,12.3,12.8,13.22,12.58,12.13,13.08,12.89,12.7,12.35,12.06,11.86,11.69,11.75,11.6,11.51,11.4,11.21,11.16,11.07,10.97,10.89,10.74,10.52,10.52,10.52,10.52,10.52,10.52
Tallawarra B,Accelerated Transition,13.84,14.2,13.43,14.08,14.54,13.21,12.74,13.73,13.53,13.34,12.96,12.66,12.45,12.27,12.34,12.18,12.08,11.97,11.77,11.71,11.63,11.51,11.43,11.28,11.05,11.05,11.05,11.05,11.05,11.05
Tamar Valley Combined Cycle,Accelerated Transition,13.48,13.8,14.11,13.3,13.08,13.03,12.87,13.82,13.89,13.91,13.73,13.77,13.67,13.61,13.78,13.42,13.31,13.24,13.08,13.03,12.95,12.84,12.72,12.62,12.49,12.49,12.49,12.49,12.49,12.49
Tamar Valley Peaking,Accelerated Transition,14.88,15.18,15.52,14.63,14.39,13.68,13.52,14.51,14.59,14.61,14.42,14.46,14.35,14.29,14.47,14.09,13.97,13.91,13.73,13.68,13.59,13.48,13.36,13.25,13.12,13.12,13.12,13.12,13.12,13.12
Torrens Island B,Accelerated Transition,13.99,13.88,12.81,12.71,13.84,12.62,12.09,13.13,12.99,12.93,12.58,12.21,11.98,11.76,11.83,11.68,11.58,11.52,11.47,11.37,11.14,11.0,10.92,10.71,10.43,10.43,10.43,10.43,10.43,10.43
Townsville Power Station,Accelerated Transition,11.83,12.05,9.51,9.16,10.74,10.4,9.53,10.54,10.14,10.24,10.04,9.56,9.95,9.99,10.05,9.57,9.51,8.91,8.74,8.52,8.3,8.17,8.09,7.89,7.61,7.61,7.61,7.61,7.61,7.61
Uranquinty,Accelerated Transition,13.62,13.96,13.13,13.47,14.14,12.85,12.37,13.41,13.19,13.15,12.79,12.37,12.16,11.99,12.05,11.89,11.8,11.74,11.69,11.59,11.36,11.22,11.14,10.93,10.64,10.64,10.64,10.64,10.64,10.64
Valley Power,Accelerated Transition,11.7,13.09,12.22,12.56,13.3,12.39,11.86,12.91,12.92,13.01,12.72,12.69,12.57,12.46,12.55,12.13,12.02,11.94,11.75,11.7,11.61,11.49,11.41,11.36,11.27,11.27,11.27,11.27,11.27,11.27
Yarwun Cogen,Accelerated Transition,14.36,14.75,12.96,11.57,13.31,12.42,11.51,12.56,12.14,12.25,12.05,11.54,11.95,11.99,12.05,11.54,11.49,10.86,10.68,10.45,10.22,10.08,9.99,9.78,9.49,9.49,9.49,9.49,9.49,9.49
