IASR ID,Power Station,Status,Technology,Region,Installed capacity (MW),Storage Capacity (MWh),Commissioning date,Policy
BW01,Bayswater,Existing,Steam Sub Critical,NSW,660.0,,,
BW02,Bayswater,Existing,Steam Sub Critical,NSW,685.0,,,
BW03,Bayswater,Existing,Steam Sub Critical,NSW,685.0,,,
BW04,Bayswater,Existing,Steam Sub Critical,NSW,685.0,,,
CALL_B_1,Callide B,Existing,Steam Sub Critical,QLD,350.0,,,
CALL_B_2,Callide B,Existing,Steam Sub Critical,QLD,350.0,,,
CPP_3,Callide C,Existing,Steam Super Critical,QLD,424.0,,,
CPP_4,Callide C,Existing,Steam Super Critical,QLD,420.0,,,
ER01,Eraring,Existing,Steam Sub Critical,NSW,720.0,,,
ER02,Eraring,Existing,Steam Sub Critical,NSW,720.0,,,
ER03,Eraring,Existing,Steam Sub Critical,NSW,720.0,,,
ER04,Eraring,Existing,Steam Sub Critical,NSW,720.0,,,
GSTONE1,Gladstone,Existing,Steam Sub Critical,QLD,280.0,,,
GSTONE2,Gladstone,Existing,Steam Sub Critical,QLD,280.0,,,
GSTONE3,Gladstone,Existing,Steam Sub Critical,QLD,280.0,,,
GSTONE4,Gladstone,Existing,Steam Sub Critical,QLD,280.0,,,
GSTONE5,Gladstone,Existing,Steam Sub Critical,QLD,280.0,,,
GSTONE6,Gladstone,Existing,Steam Sub Critical,QLD,280.0,,,
KPP_1,Kogan Creek,Existing,Steam Super Critical,QLD,744.0,,,
MPP_1,Millmerran,Existing,Steam Super Critical,QLD,426.0,,,
MPP_2,Millmerran,Existing,Steam Super Critical,QLD,426.0,,,
MP1,Mt Piper,Existing,Steam Sub Critical,NSW,730.0,,,
MP2,Mt Piper,Existing,Steam Sub Critical,NSW,700.0,,,
STAN-1,Stanwell,Existing,Steam Sub Critical,QLD,365.0,,,
STAN-2,Stanwell,Existing,Steam Sub Critical,QLD,365.0,,,
STAN-3,Stanwell,Existing,Steam Sub Critical,QLD,365.0,,,
STAN-4,Stanwell,Existing,Steam Sub Critical,QLD,365.0,,,
TARONG#1,Tarong,Existing,Steam Sub Critical,QLD,350.0,,,
TARONG#2,Tarong,Existing,Steam Sub Critical,QLD,350.0,,,
TARONG#3,Tarong,Existing,Steam Sub Critical,QLD,350.0,,,
TARONG#4,Tarong,Existing,Steam Sub Critical,QLD,350.0,,,
TNPS1,Tarong North,Existing,Steam Super Critical,QLD,450.0,,,
VP5,Vales Point B,Existing,Steam Sub Critical,NSW,660.0,,,
VP6,Vales Point B,Existing,Steam Sub Critical,NSW,660.0,,,
LYA1,Loy Yang A Power Station,Existing,Steam Sub Critical,VIC,560.0,,,
LYA2,Loy Yang A Power Station,Existing,Steam Sub Critical,VIC,530.0,,,
LYA3,Loy Yang A Power Station,Existing,Steam Sub Critical,VIC,560.0,,,
LYA4,Loy Yang A Power Station,Existing,Steam Sub Critical,VIC,560.0,,,
LOYYB1,Loy Yang B,Existing,Steam Sub Critical,VIC,580.0,,,
LOYYB2,Loy Yang B,Existing,Steam Sub Critical,VIC,580.0,,,
YWPS1,Yallourn W,Existing,Steam Sub Critical,VIC,350.0,,,
YWPS2,Yallourn W,Existing,Steam Sub Critical,VIC,350.0,,,
YWPS3,Yallourn W,Existing,Steam Sub Critical,VIC,375.0,,,
YWPS4,Yallourn W,Existing,Steam Sub Critical,VIC,375.0,,,
ANGAS1,Angaston,Existing,Reciprocating engine,SA,30.8,,,
ANGAS2,Angaston,Existing,Reciprocating engine,SA,15.4,,,
BDL01,Bairnsdale,Existing,OCGT (small GT),VIC,47.0,,,
BDL02,Bairnsdale,Existing,OCGT (small GT),VIC,47.0,,,
BARCALDN,Barcaldine Power Station,Existing,OCGT (small GT),QLD,37.0,,,
BIPS1_01,Barker Inlet Power Station,Existing,Reciprocating engine,SA,17.5,,,
BIPS1_02,Barker Inlet Power Station,Existing,Reciprocating engine,SA,17.5,,,
BIPS1_03,Barker Inlet Power Station,Existing,Reciprocating engine,SA,17.5,,,
BIPS1_04,Barker Inlet Power Station,Existing,Reciprocating engine,SA,17.5,,,
BIPS1_05,Barker Inlet Power Station,Existing,Reciprocating engine,SA,17.5,,,
BIPS1_06,Barker Inlet Power Station,Existing,Reciprocating engine,SA,17.5,,,
BIPS1_07,Barker Inlet Power Station,Existing,Reciprocating engine,SA,17.5,,,
BIPS1_08,Barker Inlet Power Station,Existing,Reciprocating engine,SA,17.5,,,
BIPS1_09,Barker Inlet Power Station,Existing,Reciprocating engine,SA,17.5,,,
BIPS1_10,Barker Inlet Power Station,Existing,Reciprocating engine,SA,17.5,,,
BIPS1_11,Barker Inlet Power Station,Existing,Reciprocating engine,SA,17.5,,,
BIPS1_12,Barker Inlet Power Station,Existing,Reciprocating engine,SA,17.5,,,
BBTHREE1,Bell Bay Three,Existing,OCGT (large GT),TAS,40.0,,,
BBTHREE2,Bell Bay Three,Existing,OCGT (large GT),TAS,40.0,,,
BBTHREE3,Bell Bay Three,Existing,OCGT (large GT),TAS,40.0,,,
BOLIVPS1_1,Bolivar Power Station,Existing,OCGT (small GT),SA,32.1,,,
BOLIVPS1_2,Bolivar Power Station,Existing,OCGT (small GT),SA,32.1,,,
BOLIVPS1_3,Bolivar Power Station,Existing,OCGT (small GT),SA,32.1,,,
BOLIVPS1_4,Bolivar Power Station,Existing,OCGT (small GT),SA,32.1,,,
BRAEMAR1,Braemar,Existing,OCGT (large GT),QLD,188.0,,,
BRAEMAR2,Braemar,Existing,OCGT (large GT),QLD,188.0,,,
BRAEMAR3,Braemar,Existing,OCGT (large GT),QLD,188.0,,,
BRAEMAR5,Braemar 2 Power Station,Existing,OCGT (large GT),QLD,173.0,,,
BRAEMAR6,Braemar 2 Power Station,Existing,OCGT (large GT),QLD,173.0,,,
BRAEMAR7,Braemar 2 Power Station,Existing,OCGT (large GT),QLD,173.0,,,
CG1,Colongra,Existing,OCGT (small GT),NSW,181.0,,,
CG2,Colongra,Existing,OCGT (small GT),NSW,181.0,,,
CG3,Colongra,Existing,OCGT (small GT),NSW,181.0,,,
CG4,Colongra,Existing,OCGT (small GT),NSW,181.0,,,
CPSA_GT1,Condamine A,Existing,CCGT - Gas Turbine,QLD,43.7,,,
CPSA_GT2,Condamine A,Existing,CCGT - Gas Turbine,QLD,43.7,,,
CPSA_ST,Condamine A,Existing,CCGT - Steam Turbine,QLD,57.0,,,
DDPS1_GT1,Darling Downs,Existing,CCGT - Gas Turbine,QLD,121.5,,,
DDPS1_GT2,Darling Downs,Existing,CCGT - Gas Turbine,QLD,121.5,,,
DDPS1_GT3,Darling Downs,Existing,CCGT - Gas Turbine,QLD,121.5,,,
DDPS1_ST,Darling Downs,Existing,CCGT - Steam Turbine,QLD,280.0,,,
DRYCGT1,Dry Creek GT,Existing,OCGT (small GT),SA,52.0,,,
DRYCGT2,Dry Creek GT,Existing,OCGT (small GT),SA,52.0,,,
DRYCGT3,Dry Creek GT,Existing,OCGT (small GT),SA,52.0,,,
AGLHAL01,Hallett GT,Existing,OCGT (small GT),SA,18.9,,,
AGLHAL02,Hallett GT,Existing,OCGT (small GT),SA,18.9,,,
AGLHAL03,Hallett GT,Existing,OCGT (small GT),SA,20.8,,,
AGLHAL04,Hallett GT,Existing,OCGT (small GT),SA,17.0,,,
AGLHAL05,Hallett GT,Existing,OCGT (small GT),SA,20.8,,,
AGLHAL06,Hallett GT,Existing,OCGT (small GT),SA,18.0,,,
AGLHAL07,Hallett GT,Existing,OCGT (small GT),SA,21.8,,,
AGLHAL08,Hallett GT,Existing,OCGT (small GT),SA,27.0,,,
AGLHAL09,Hallett GT,Existing,OCGT (small GT),SA,25.6,,,
AGLHAL10,Hallett GT,Existing,OCGT (small GT),SA,17.0,,,
AGLHAL11,Hallett GT,Existing,OCGT (small GT),SA,17.0,,,
AGLHAL12,Hallett GT,Existing,OCGT (small GT),SA,17.0,,,
AGLHALRE,Hallett GT,Existing,OCGT (small GT),SA,37.2,,,
HEZ1,Hunter Economic Zone,Existing,Reciprocating engine,NSW,20.6,,,
JLA01,Jeeralang A,Existing,OCGT (small GT),VIC,53.0,,,
JLA02,Jeeralang A,Existing,OCGT (small GT),VIC,53.0,,,
JLA03,Jeeralang A,Existing,OCGT (small GT),VIC,53.0,,,
JLA04,Jeeralang A,Existing,OCGT (small GT),VIC,53.0,,,
JLB01,Jeeralang B,Existing,OCGT (small GT),VIC,76.0,,,
JLB02,Jeeralang B,Existing,OCGT (small GT),VIC,76.0,,,
JLB03,Jeeralang B,Existing,OCGT (small GT),VIC,76.0,,,
LADBROK1,Ladbroke Grove,Existing,OCGT (small GT),SA,40.0,,,
LADBROK2,Ladbroke Grove,Existing,OCGT (small GT),SA,40.0,,,
LNGS1,Laverton North,Existing,OCGT (large GT),VIC,156.0,,,
LNGS2,Laverton North,Existing,OCGT (large GT),VIC,156.0,,,
LONSDALE,Lonsdale,Existing,Reciprocating engine,SA,20.2,,,
MINTARO,Mintaro GT,Existing,OCGT (small GT),SA,90.0,,,
MORTLK11,Mortlake,Existing,OCGT (large GT),VIC,292.0,,,
MORTLK12,Mortlake,Existing,OCGT (large GT),VIC,292.0,,,
MSTUART1,Mt Stuart,Existing,OCGT (small GT),QLD,146.0,,,
MSTUART2,Mt Stuart,Existing,OCGT (small GT),QLD,146.0,,,
MSTUART3,Mt Stuart,Existing,OCGT (small GT),QLD,131.5,,,
NPS,Newport,Existing,CCGT - Steam Turbine,VIC,500.0,,,
OAKEY1,Oakey Power Station,Existing,OCGT (large GT),QLD,173.0,,,
OAKEY2,Oakey Power Station,Existing,OCGT (large GT),QLD,173.0,,,
OsborneGT,Osborne,Existing,CCGT - Gas Turbine,SA,118.0,,,
OsborneST,Osborne,Existing,CCGT - Steam Turbine,SA,62.0,,,
PPCCGTGT1,Pelican Point,Existing,CCGT - Gas Turbine,SA,179.0,,,
PPCCGTGT2,Pelican Point,Existing,CCGT - Gas Turbine,SA,179.0,,,
PPCCGTST,Pelican Point,Existing,CCGT - Steam Turbine,SA,171.0,,,
POR01-1,Port Lincoln GT,Existing,OCGT (small GT),SA,25.0,,,
POR01-2,Port Lincoln GT,Existing,OCGT (small GT),SA,25.0,,,
POR01-3,Port Lincoln GT,Existing,OCGT (small GT),SA,23.5,,,
PTSTAN1_1,Port Stanvac 1,Existing,Reciprocating engine,SA,28.3,,,
PTSTAN1_2,Port Stanvac 1,Existing,Reciprocating engine,SA,28.3,,,
QPS1,Quarantine,Existing,OCGT (small GT),SA,29.0,,,
QPS2,Quarantine,Existing,OCGT (small GT),SA,24.0,,,
QPS3,Quarantine,Existing,OCGT (small GT),SA,29.0,,,
QPS4,Quarantine,Existing,OCGT (small GT),SA,24.0,,,
QPS5,Quarantine,Existing,OCGT (small GT),SA,128.0,,,
ROMA_7,Roma,Existing,OCGT (small GT),QLD,40.0,,,
ROMA_8,Roma,Existing,OCGT (small GT),QLD,40.0,,,
SITHE01,Smithfield Energy Facility,Existing,OCGT (small GT),NSW,125.699999999999,,,
SNAPPER1_1,Snapper Point Power Station,Existing,OCGT (small GT),SA,30.8,,,
SNAPPER1_2,Snapper Point Power Station,Existing,OCGT (small GT),SA,30.8,,,
SNAPPER1_3,Snapper Point Power Station,Existing,OCGT (small GT),SA,30.8,,,
SNAPPER1_4,Snapper Point Power Station,Existing,OCGT (small GT),SA,30.8,,,
SNAPPER1_5,Snapper Point Power Station,Existing,OCGT (small GT),SA,30.8,,,
SNUG1,Snuggery,Existing,OCGT (small GT),SA,21.0,,,
SNUG2,Snuggery,Existing,OCGT (small GT),SA,21.0,,,
SNUG3,Snuggery,Existing,OCGT (small GT),SA,21.0,,,
AGLSOM01,Somerton,Existing,OCGT (small GT),VIC,42.5,,,
AGLSOM02,Somerton,Existing,OCGT (small GT),VIC,42.5,,,
AGLSOM03,Somerton,Existing,OCGT (small GT),VIC,42.5,,,
AGLSOM04,Somerton,Existing,OCGT (small GT),VIC,42.5,,,
SWAN_E,Swanbank E GT,Existing,CCGT,QLD,385.0,,,
TALWA1,Tallawarra,Existing,CCGT,NSW,420.0,,,
Tallawarra B,Tallawarra B,Existing,OCGT (large GT),NSW,320.0,,,
TVCC201_GT,Tamar Valley Combined Cycle,Existing,CCGT - Gas Turbine,TAS,140.0,,,
TVCC201_ST,Tamar Valley Combined Cycle,Existing,CCGT - Steam Turbine,TAS,68.0,,,
TVPP104,Tamar Valley Peaking,Existing,OCGT (large GT),TAS,58.0,,,
TORRB1,Torrens Island B,Existing,CCGT - Steam Turbine,SA,200.0,,,
TORRB2,Torrens Island B,Existing,CCGT - Steam Turbine,SA,200.0,,,
TORRB3,Torrens Island B,Existing,CCGT - Steam Turbine,SA,200.0,,,
TORRB4,Torrens Island B,Existing,CCGT - Steam Turbine,SA,200.0,,,
YABULU,Townsville Power Station,Existing,CCGT - Gas Turbine,QLD,160.0,,,
YABULU2,Townsville Power Station,Existing,CCGT - Steam Turbine,QLD,84.0,,,
URANQ11,Uranquinty,Existing,OCGT (large GT),NSW,173.0,,,
URANQ12,Uranquinty,Existing,OCGT (large GT),NSW,173.0,,,
URANQ13,Uranquinty,Existing,OCGT (large GT),NSW,173.0,,,
URANQ14,Uranquinty,Existing,OCGT (large GT),NSW,173.0,,,
VPGS1,Valley Power,Existing,OCGT (small GT),VIC,50.0,,,
VPGS2,Valley Power,Existing,OCGT (small GT),VIC,50.0,,,
VPGS3,Valley Power,Existing,OCGT (small GT),VIC,50.0,,,
VPGS4,Valley Power,Existing,OCGT (small GT),VIC,50.0,,,
VPGS5,Valley Power,Existing,OCGT (small GT),VIC,50.0,,,
VPGS6,Valley Power,Existing,OCGT (small GT),VIC,50.0,,,
YARWUN_1,Yarwun Cogen,Existing,CCGT,QLD,180.0,,,
BARRON-1,Barron Gorge,Existing,Hydro,QLD,35.0,,,
BARRON-2,Barron Gorge,Existing,Hydro,QLD,35.0,,,
BASTYAN,Bastyan,Existing,Hydro,TAS,79.9,,,
BLOWERNG,Blowering,Existing,Hydro,NSW,80.0,,,
BOGONG1,Bogong / Mackay,Existing,Hydro,VIC,70.0,,,
BOGONG2,Bogong / Mackay,Existing,Hydro,VIC,70.0,,,
MCKAY11,Bogong / Mackay,Existing,Hydro,VIC,26.7,,,
MCKAY12,Bogong / Mackay,Existing,Hydro,VIC,26.7,,,
MCKAY13,Bogong / Mackay,Existing,Hydro,VIC,26.7,,,
MCKAY14,Bogong / Mackay,Existing,Hydro,VIC,26.7,,,
MCKAY15,Bogong / Mackay,Existing,Hydro,VIC,26.7,,,
MCKAY16,Bogong / Mackay,Existing,Hydro,VIC,26.7,,,
LI111-1,Catagunya / Liapootah / Wayatinah,Existing,Hydro,TAS,27.9,,,
LI112-2,Catagunya / Liapootah / Wayatinah,Existing,Hydro,TAS,27.9,,,
LI113-3,Catagunya / Liapootah / Wayatinah,Existing,Hydro,TAS,31.5,,,
CA111-1,Catagunya / Liapootah / Wayatinah,Existing,Hydro,TAS,27.0,,,
CA112-2,Catagunya / Liapootah / Wayatinah,Existing,Hydro,TAS,24.0,,,
WY111-1,Catagunya / Liapootah / Wayatinah,Existing,Hydro,TAS,12.8,,,
WY111-2,Catagunya / Liapootah / Wayatinah,Existing,Hydro,TAS,12.8,,,
WY111-3,Catagunya / Liapootah / Wayatinah,Existing,Hydro,TAS,12.8,,,
CETHANA,Cethana,Existing,Hydro,TAS,85.0,,,
DARTM1,Dartmouth,Existing,Hydro,VIC,185.0,,,
DEVILS_G,Devils Gate,Existing,Hydro,TAS,60.0,,,
EILDON1,Eildon,Existing,Hydro,VIC,67.5,,,
EILDON2,Eildon,Existing,Hydro,VIC,67.5,,,
FISHER,Fisher,Existing,Hydro,TAS,43.2,,,
GO181-1,Gordon,Existing,Hydro,TAS,144.0,,,
GO182-2,Gordon,Existing,Hydro,TAS,144.0,,,
GO183-3,Gordon,Existing,Hydro,TAS,144.0,,,
GUTHEGA1,Guthega,Existing,Hydro,NSW,30.0,,,
GUTHEGA2,Guthega,Existing,Hydro,NSW,30.0,,,
HUMENSW,Hume Dam NSW,Existing,Hydro,NSW,29.0,,,
HUMEV,Hume Dam VIC,Existing,Hydro,VIC,29.0,,,
JBUTTERS,John Butters,Existing,Hydro,TAS,144.0,,,
KAREEYA1,Kareeya,Existing,Hydro,QLD,21.6,,,
KAREEYA2,Kareeya,Existing,Hydro,QLD,21.6,,,
KAREEYA3,Kareeya,Existing,Hydro,QLD,21.6,,,
KAREEYA4,Kareeya,Existing,Hydro,QLD,21.6,,,
LK_ECHO,Lake Echo,Existing,Hydro,TAS,32.4,,,
LM111-1,Lemonthyme / Wilmot,Existing,Hydro,TAS,51.0,,,
WI111-1,Lemonthyme / Wilmot,Existing,Hydro,TAS,30.6,,,
MACKNTSH,Mackintosh,Existing,Hydro,TAS,79.9,,,
MEADOWBK,Meadowbank,Existing,Hydro,TAS,40.0,,,
MURRAY01,Murray 1,Existing,Hydro,VIC,95.0,,,
MURRAY02,Murray 1,Existing,Hydro,VIC,95.0,,,
MURRAY03,Murray 1,Existing,Hydro,VIC,95.0,,,
MURRAY04,Murray 1,Existing,Hydro,VIC,95.0,,,
MURRAY05,Murray 1,Existing,Hydro,VIC,95.0,,,
MURRAY06,Murray 1,Existing,Hydro,VIC,95.0,,,
MURRAY07,Murray 1,Existing,Hydro,VIC,95.0,,,
MURRAY08,Murray 1,Existing,Hydro,VIC,95.0,,,
MURRAY09,Murray 1,Existing,Hydro,VIC,95.0,,,
MURRAY10,Murray 1,Existing,Hydro,VIC,95.0,,,
MURRAY11,Murray 2,Existing,Hydro,VIC,150.0,,,
MURRAY12,Murray 2,Existing,Hydro,VIC,150.0,,,
MURRAY13,Murray 2,Existing,Hydro,VIC,150.0,,,
MURRAY14,Murray 2,Existing,Hydro,VIC,150.0,,,
PO161-1,Poatina,Existing,Hydro,TAS,50.0,,,
PO162-2,Poatina,Existing,Hydro,TAS,50.0,,,
PO163-3,Poatina,Existing,Hydro,TAS,50.0,,,
PO164-4,Poatina,Existing,Hydro,TAS,50.0,,,
PO165-5,Poatina,Existing,Hydro,TAS,50.0,,,
PO166-6,Poatina,Existing,Hydro,TAS,50.0,,,
REECE1,Reece,Existing,Hydro,TAS,115.6,,,
REECE2,Reece,Existing,Hydro,TAS,115.6,,,
SHGEN01,Shoalhaven,Existing,Pumped Hydro (48hrs storage),NSW,41.0,240.0,,
SHGEN02,Shoalhaven,Existing,Pumped Hydro (48hrs storage),NSW,41.0,240.0,,
SHGEN03,Shoalhaven,Existing,Pumped Hydro (48hrs storage),NSW,82.5,4600.0,,
SHGEN04,Shoalhaven,Existing,Pumped Hydro (48hrs storage),NSW,82.5,4600.0,,
TA111-1,Tarraleah,Existing,Hydro,TAS,15.0,,,
TA111-2,Tarraleah,Existing,Hydro,TAS,15.0,,,
TA111-3,Tarraleah,Existing,Hydro,TAS,15.0,,,
TA112-4,Tarraleah,Existing,Hydro,TAS,15.0,,,
TA112-5,Tarraleah,Existing,Hydro,TAS,15.0,,,
TA112-6,Tarraleah,Existing,Hydro,TAS,15.0,,,
TR111-1,Trevallyn,Existing,Hydro,TAS,20.0,,,
TR111-2,Trevallyn,Existing,Hydro,TAS,20.0,,,
TR112-3,Trevallyn,Existing,Hydro,TAS,26.5,,,
TR112-4,Trevallyn,Existing,Hydro,TAS,26.5,,,
TRIBUTE,Tribute,Existing,Hydro,TAS,82.8,,,
TUMUT3_01,Tumut 3,Existing,Hydro,NSW,250.0,,,
TUMUT3_02,Tumut 3,Existing,Hydro,NSW,250.0,,,
TUMUT3_03,Tumut 3,Existing,Hydro,NSW,250.0,,,
TUMUT3_04,Tumut 3,Existing,Hydro,NSW,250.0,,,
TUMUT3_05,Tumut 3,Existing,Hydro,NSW,250.0,,,
TUMUT3_06,Tumut 3,Existing,Hydro,NSW,250.0,,,
TU111-1,Tungatinah,Existing,Hydro,TAS,25.0,,,
TU112-2,Tungatinah,Existing,Hydro,TAS,25.0,,,
TU113-3,Tungatinah,Existing,Hydro,TAS,25.0,,,
TU114-4,Tungatinah,Existing,Hydro,TAS,25.0,,,
TU115-5,Tungatinah,Existing,Hydro,TAS,25.0,,,
TUMUT1_01,Upper Tumut,Existing,Hydro,NSW,82.0,,,
TUMUT1_02,Upper Tumut,Existing,Hydro,NSW,82.0,,,
TUMUT1_03,Upper Tumut,Existing,Hydro,NSW,82.0,,,
TUMUT1_04,Upper Tumut,Existing,Hydro,NSW,82.0,,,
TUMUT2_01,Upper Tumut,Existing,Hydro,NSW,72.0,,,
TUMUT2_02,Upper Tumut,Existing,Hydro,NSW,72.0,,,
TUMUT2_03,Upper Tumut,Existing,Hydro,NSW,72.0,,,
TUMUT2_04,Upper Tumut,Existing,Hydro,NSW,72.0,,,
WKIEWA1_1,West Kiewa,Existing,Hydro,VIC,17.0,,,
WKIEWA1_2,West Kiewa,Existing,Hydro,VIC,17.0,,,
WKIEWA2_1,West Kiewa,Existing,Hydro,VIC,17.0,,,
WKIEWA2_2,West Kiewa,Existing,Hydro,VIC,17.0,,,
W/HOE#1,Wivenhoe,Existing,Pumped Hydro (10hrs storage),QLD,285.0,3000.0,,
W/HOE#2,Wivenhoe,Existing,Pumped Hydro (10hrs storage),QLD,285.0,3000.0,,
BANN1,Bannerton Solar Park,Existing,Large scale Solar PV,VIC,100.0,,,
BERYLSF1,Beryl Solar Farm,Existing,Large scale Solar PV,NSW,98.4,,,
BOWWPV1,Bolivar Waste Water Treatment Solar Farm,Existing,Large scale Solar PV,SA,8.3,,,
BOMENSF1,Bomen Solar Farm,Existing,Large scale Solar PV,NSW,121.0,,,
BROKENH1,Broken Hill Solar Farm,Existing,Large scale Solar PV,NSW,53.2,,,
BNGSF1,Bungala One Solar Farm,Existing,Large scale Solar PV,SA,135.0,,,
BNGSF2,Bungala Two Solar Farm,Existing,Large scale Solar PV,SA,135.0,,,
CHILDSF1,Childers Solar Farm,Existing,Large scale Solar PV,QLD,64.4,,,
CLARESF1,Clare Solar Farm,Existing,Large scale Solar PV,QLD,110.4,,,
CLERMSF1,Clermont Solar Farm,Existing,Large scale Solar PV,QLD,92.5,,,
COLEASF1,Coleambally Solar Farm,Existing,Large scale Solar PV,NSW,150.3,,,
CSPVPS1,Collinsville Solar Farm,Existing,Large scale Solar PV,QLD,42.5,,,
DDSF1,Darling Downs Solar Farm,Existing,Large scale Solar PV,QLD,121.0,,,
DARLSF1,Darlington Point Solar Farm,Existing,Large scale Solar PV,NSW,275.4,,,
DAYDSF1,Daydream Solar Farm,Existing,Large scale Solar PV,QLD,167.8,,,
EMERASF1,Emerald Solar Farm,Existing,Large scale Solar PV,QLD,72.0,,,
FINLYSF1,Finley Solar Farm,Existing,Large scale Solar PV,NSW,162.4,,,
GANNSF1,Gannawarra Solar Farm,Existing,Large scale Solar PV,VIC,55.0,,,
GLENSF1,Glenrowan Solar Farm,Existing,Large scale Solar PV,VIC,126.0,,,VRET 2
GLRWNSF1,Glenrowan West Solar Farm,Existing,Large scale Solar PV,VIC,132.0,,,
GOONSF1,Goonumbla Solar Farm,Existing,Large scale Solar PV,NSW,69.8,,,
GULLRSF1,Gullen Range Solar Farm,Existing,Large scale Solar PV,NSW,10.0,,,
GNNDHSF1,Gunnedah Solar Farm,Existing,Large scale Solar PV,NSW,129.6,,,
HAMISF1,Hamilton Solar Farm,Existing,Large scale Solar PV,QLD,57.5,,,
HVWWPV1,Happy Valley Reservoir,Existing,Large scale Solar PV,SA,11.0,,,
HAUGHT11,Haughton Solar Farm,Existing,Large scale Solar PV,QLD,132.8,,,
HAYMSF1,Hayman Solar Farm,Existing,Large scale Solar PV,QLD,57.8,,,
HILLSTN1,Hillston Sun Farm,Existing,Large scale Solar PV,NSW,110.0,,,
HUGSF1,Hughenden Solar Farm,Existing,Large scale Solar PV,QLD,21.1,,,
JEMALNG1,Jemalong Solar,Existing,Large scale Solar PV,NSW,55.0,,,
JUNEESF1,Junee Solar Farm,Existing,Large scale Solar PV,NSW,36.1,,,
KARSF1,Karadoc Solar Farm,Existing,Large scale Solar PV,VIC,104.5,,,
KIAMSF1,Kiamal Solar Farm stage 1,Existing,Large scale Solar PV,VIC,199.5,,,
KSP1,Kidston Solar Farm,Existing,Large scale Solar PV,QLD,50.0,,,
LILYSF1,Lilyvale Solar Farm,Existing,Large scale Solar PV,QLD,118.4,,,
LIMOSF11,Limondale Solar Farm 1,Existing,Large scale Solar PV,NSW,230.0,,,
LIMOSF21,Limondale Solar Farm 2,Existing,Large scale Solar PV,NSW,29.0,,,
LRSF1,Longreach Solar Farm,Existing,Large scale Solar PV,QLD,15.0,,,
MANSLR1,Manildra Solar Farm,Existing,Large scale Solar PV,NSW,50.0,,,
MAPS2PV1,Mannum Adelaide Pumping Station No 2 - MAPL2 (Palmer),Existing,Large scale Solar PV,SA,16.5,,,
MAPS3PV1,Mannum Adelaide Pumping Station No 3 - MAPL3 (Tungkillo),Existing,Large scale Solar PV,SA,16.5,,,
MARYRSF1,Maryrorough Solar Farm,Existing,Large scale Solar PV,QLD,34.5,,,
MIDDLSF1,Middlemount Solar Farm,Existing,Large scale Solar PV,QLD,30.0,,,
MOLNGSF1,Molong Solar Farm,Existing,Large scale Solar PV,NSW,36.1,,,
MOREESF1,Moree Solar Farm,Existing,Large scale Solar PV,NSW,56.0,,,
MWPS1PV1,Morgan To Whyalla Pipeline No 1 PS And Water Filtration Plant,Existing,Large scale Solar PV,SA,5.5,,,
MWPS2PV1,Morgan To Whyalla Pipeline No 2 PS,Existing,Large scale Solar PV,SA,5.5,,,
MWPS3PV1,Morgan To Whyalla Pipeline No 3 PS,Existing,Large scale Solar PV,SA,8.3,,,
MWPS4PV1,Morgan To Whyalla Pipeline No 4 PS,Existing,Large scale Solar PV,SA,5.5,,,
MOUSF1,Moura Solar Farm,Existing,Large scale Solar PV,QLD,99.0,,,
MBPS2PV1,Murray Bridge - Onkaparinga Pipeline Pump 2,Existing,Large scale Solar PV,SA,13.8,,,
NEVERSF1,Nevertire Solar Farm,Existing,Large scale Solar PV,NSW,104.6,,,
NEWENSF1,New England Solar Farm,Existing,Large scale Solar PV,NSW,200.0,,,NSW Tender 1
NEWENSF2,New England Solar Farm,Existing,Large scale Solar PV,NSW,200.0,,,NSW Tender 1
NUMURSF1,Numurkah Solar Farm,Existing,Large scale Solar PV,VIC,67.0,,,
NYNGAN1,Nyngan Solar Plant,Existing,Large scale Solar PV,NSW,102.4,,,
OAKEY1SF,Oakey 1 Solar Farm,Existing,Large scale Solar PV,QLD,25.0,,,
OAKEY2SF,Oakey 2 Solar Farm,Existing,Large scale Solar PV,QLD,55.6,,,
PARSF1,Parkes Solar Farm,Existing,Large scale Solar PV,NSW,49.5,,,
PAREPS1,Port Augusta Renewable Energy Park - Solar,Existing,Large scale Solar PV,SA,99.0,,,
RRSF1,Ross River Solar Farm,Existing,Large scale Solar PV,QLD,128.0,,,
RUGBYR1,Rugby Run Solar Farm,Existing,Large scale Solar PV,QLD,65.0,,,
SMCSF1,Sun Metals Corporation Solar Farm,Existing,Large scale Solar PV,QLD,143.0,,,
SUNRSF1,Sunraysia Solar Farm,Existing,Large scale Solar PV,NSW,228.8,,,
SUNTPSF1,Suntop Solar Farm,Existing,Large scale Solar PV,NSW,158.4,,,
SRSF1,Susan River Solar Farm,Existing,Large scale Solar PV,QLD,85.3,,,
TBSF1,Tailem Bend Solar Farm,Existing,Large scale Solar PV,SA,108.0,,,
WARWSF1,Warwick Solar Farm - stage 1,Existing,Large scale Solar PV,QLD,32.0,,,
WARWSF2,Warwick Solar Farm - stage 2,Existing,Large scale Solar PV,QLD,32.0,,,
WELLSF1,Wellington Solar Farm,Existing,Large scale Solar PV,NSW,216.5,,,
WEMENSF1,Wemen Solar Farm,Existing,Large scale Solar PV,VIC,97.5,,,
WSTWYSF1,West Wyalong Solar Farm,Existing,Large scale Solar PV,NSW,105.3,,,
WDGPH1,Western Downs Green Power Hub,Existing,Large scale Solar PV,QLD,400.8,,,
WRSF1,White Rock Solar Farm,Existing,Large scale Solar PV,NSW,20.0,,,
WHITSF1,Whitsunday Solar Farm,Existing,Large scale Solar PV,QLD,57.5,,,
WINTSF1,Winton Solar Farm,Existing,Large scale Solar PV,VIC,85.0,,,
WOOLGSF1,Woolooga Solar Farm,Existing,Large scale Solar PV,QLD,222.5,,,
YARANSF1,Yarranlea Solar Farm,Existing,Large scale Solar PV,QLD,121.0,,,
YATSF1,Yatpool Solar Farm,Existing,Large scale Solar PV,VIC,94.0,,,
ARWF1,Ararat Wind Farm,Existing,Wind,VIC,240.0,,,
BALDHWF1,Bald Hills Wind Farm,Existing,Wind,VIC,106.6,,,
BANGOWF1,Bango 973 Wind Farm,Existing,Wind,NSW,159.0,,,
BANGOWF2,Bango 999 Wind Farm,Existing,Wind,NSW,84.8,,,
BRYB1WF1,Berrybank Wind Farm,Existing,Wind,VIC,180.6,,,
BRYB2WF2,Berrybank Wind Farm,Existing,Wind,VIC,109.2,,,
BOCORWF1,Boco Rock Wind Farm,Existing,Wind,NSW,113.0,,,
BODWF1,Bodangora Wind Farm,Existing,Wind,NSW,113.2,,,
BULGANA1,Bulgana Green Power Hub - Wind Farm,Existing,Wind,VIC,200.8,,,
CNUNDAWF,Canunda Wind Farm,Existing,Wind,SA,46.0,,,
CAPTL_WF,Capital Wind Farm,Existing,Wind,NSW,140.7,,,
CATHROCK,Cathedral Rocks Wind Farm,Existing,Wind,SA,62.0,,,
CTHLWF1,Cattle Hill Wind Farm,Existing,Wind,TAS,144.0,,,
CHALLHWF,Challicum Hills Wind Farm,Existing,Wind,VIC,52.5,,,
CHYTWF1,Cherry Tree Wind Farm,Existing,Wind,VIC,57.6,,,
CLEMGPWF,Clements Gap Wind Farm,Existing,Wind,SA,56.7,,,
COLWF01,Collector Wind Farm,Existing,Wind,NSW,226.8,,,
COOPGWF1,Coopers Gap Wind Farm,Existing,Wind,QLD,452.9,,,
CROOKWF2,Crookwell 2 Wind Farm,Existing,Wind,NSW,96.0,,,
CROWLWF1,Crowlands Wind Farm,Existing,Wind,VIC,80.0,,,
CRURWF1,Crudine Ridge Wind Farm,Existing,Wind,NSW,141.7,,,
CULLRGWF,Cullerin Range Wind Farm,Existing,Wind,NSW,30.0,,,
DULAWF1,Dulacca Wind Farm,Existing,Wind,QLD,172.9,,,
DUNDWF1,Dundonnell Wind Farm,Existing,Wind,VIC,168.0,,,
DUNDWF2,Dundonnell Wind Farm,Existing,Wind,VIC,46.2,,,
DUNDWF3,Dundonnell Wind Farm,Existing,Wind,VIC,121.8,,,
ELAINWF1,Elaine Wind Farm,Existing,Wind,VIC,83.6,,,
GRANWF1,Granville Harbour Wind Farm,Existing,Wind,TAS,111.6,,,
GULLRWF1,Gullen Range Wind Farm,Existing,Wind,NSW,165.5,,,
GULLRWF2,Gullen Range Wind Farm 2,Existing,Wind,NSW,110.7,,,
GUNNING1,Gunning Wind Farm,Existing,Wind,NSW,46.5,,,
NBHWF1,Hallett 4 North Brown Hill Wind Farm,Existing,Wind,SA,132.3,,,
BLUFF1,Hallett 5 The Bluff Wind Farm,Existing,Wind,SA,52.5,,,
HALLWF1,Hallett Stage 1 Brown Hill Wind Farm,Existing,Wind,SA,94.5,,,
HALLWF2,Hallett Stage 2 Hallett Hill Wind Farm,Existing,Wind,SA,71.4,,,
HDWF1,Hornsdale Wind Farm Stage 1,Existing,Wind,SA,102.4,,,
HDWF2,Hornsdale Wind Farm Stage 2,Existing,Wind,SA,102.4,,,
HDWF3,Hornsdale Wind Farm Stage 3,Existing,Wind,SA,112.0,,,
KIATAWF1,Kiata Wind Farm,Existing,Wind,VIC,31.1,,,
LKBONNY1,Lake Bonney 1 Wind Farm,Existing,Wind,SA,80.5,,,
LKBONNY2,Lake Bonney 2 Wind Farm,Existing,Wind,SA,159.0,,,
LKBONNY3,Lake Bonney 3 Wind Farm,Existing,Wind,SA,39.0,,,
LGAPWF1,Lincoln Gap Wind Farm - stage 1,Existing,Wind,SA,126.0,,,
LGAPWF2,Lincoln Gap Wind Farm - stage 2,Existing,Wind,SA,86.4,,,
MACARTH1,Macarthur Wind Farm,Existing,Wind,VIC,420.0,,,
MOORAWF1,Moorabool Wind Farm,Existing,Wind,VIC,312.0,,,
MRTLSWF1,Mortlake South Wind Farm,Existing,Wind,VIC,157.5,,,
MLWF1,Mortons Lane Wind Farm,Existing,Wind,VIC,19.5,,,
MEWF1,Mount Emerald Wind Farm,Existing,Wind,QLD,180.7,,,
MTMILLAR,Mount Millar Wind Farm,Existing,Wind,SA,72.5,,,
MERCER01,Mt Mercer Wind Farm,Existing,Wind,VIC,131.2,,,
MUWAWF1,Murra Warra Wind Farm - stage 1,Existing,Wind,VIC,225.7,,,
MUWAWF2,Murra Warra Wind Farm - stage 2,Existing,Wind,VIC,209.0,,,
MUSSELR1,Musselroe Wind Farm,Existing,Wind,TAS,168.0,,,
OAKLAND1,Oaklands Hill Wind Farm,Existing,Wind,VIC,67.2,,,
PAREPW1,Port Augusta Renewable Energy Park - Wind,Existing,Wind,SA,201.0,,,
PORTWF,Portland Wind Farm,Existing,Wind,VIC,151.8,,,
SALTCRK1,Salt Creek Wind Farm,Existing,Wind,VIC,54.0,,,
SAPHWF1,Sapphire Wind Farm,Existing,Wind,NSW,270.0,,,
STWF1,Silverton Wind Farm,Existing,Wind,NSW,198.9,,,
SNOWNTH1,Snowtown S2 Wind Farm,Existing,Wind,SA,144.0,,,
SNOWSTH1,Snowtown S2 Wind Farm,Existing,Wind,SA,126.0,,,
SNOWTWN1,Snowtown Wind Farm,Existing,Wind,SA,98.7,,,
STARHLWF,Starfish Hill Wind Farm,Existing,Wind,SA,33.0,,,
STOCKYD1,Stockyard Hill Wind Farm,Existing,Wind,VIC,527.6,,,
TARALGA1,Taralga Wind Farm,Existing,Wind,NSW,106.8,,,
WATERLWF,Waterloo Wind Farm,Existing,Wind,SA,130.8,,,
WPWF,Wattle Point Wind Farm,Existing,Wind,SA,90.8,,,
WAUBRAWF,Waubra Wind Farm,Existing,Wind,VIC,192.0,,,
WRWF1,White Rock Wind Farm - Stage 1,Existing,Wind,NSW,175.0,,,
WGWF1,Willogoleche Wind Farm,Existing,Wind,SA,119.8,,,
WOODLWN1,Woodlawn Wind Farm,Existing,Wind,NSW,48.3,,,
WOOLNTH1,Woolnorth Wind Farm,Existing,Wind,TAS,138.0,,,
YSWF1,Yaloak South Wind Farm,Existing,Wind,VIC,28.7,,,
YAMBUKWF,Yambuk Wind Farm,Existing,Wind,VIC,30.0,,,
YENDWF1,Yendon Wind Farm,Existing,Wind,VIC,144.4,,,
Tully Sugar Mill Biomass,Tully Sugar Mill Biomass,Existing,Biomass,QLD,32.0,,,
HUNTER1,Hunter Power Station,Committed,OCGT (large GT),NSW,375.0,,2026-02-01,
HUNTER2,Hunter Power Station,Committed,OCGT (large GT),NSW,375.0,,2026-02-01,
Kidston Pumped Storage Hydro 1,Kidston,Committed,Pumped Hydro (10hrs storage),QLD,125.0,900.0,2027-01-01,ARENA Renewables
Kidston Pumped Storage Hydro 2,Kidston,Committed,Pumped Hydro (10hrs storage),QLD,125.0,900.0,2027-01-01,ARENA Renewables
SNO2PH01,Snowy 2.0,Committed,Pumped Hydro (1wk storage),NSW,363.0,58330.0,2028-12-01,
SNO2PH02,Snowy 2.0,Committed,Pumped Hydro (1wk storage),NSW,371.0,58330.0,2028-12-01,
SNO2PH03,Snowy 2.0,Committed,Pumped Hydro (1wk storage),NSW,363.0,58330.0,2028-12-01,
SNO2PH04,Snowy 2.0,Committed,Pumped Hydro (1wk storage),NSW,371.0,58330.0,2028-12-01,
SNO2PH05,Snowy 2.0,Committed,Pumped Hydro (1wk storage),NSW,363.0,58330.0,2028-12-01,
SNO2PH06,Snowy 2.0,Committed,Pumped Hydro (1wk storage),NSW,371.0,58330.0,2028-12-01,
ADPPV1,Adelaide Desalination Plant Solar Farm,Existing,Large scale Solar PV,SA,11.0,,,
AVLSF1,Avonlie Solar Farm,Existing,Large scale Solar PV,NSW,254.1,,,
BLUEGSF1,Bluegrass Solar Farm,Existing,Large scale Solar PV,QLD,148.0,,,
Broadsound Solar Farm,Broadsound Solar Farm,Committed,Large scale Solar PV,QLD,368.0,,2026-08-01,
Bundaberg Solar Farm,Bundaberg Solar Farm,Committed,Large scale Solar PV,QLD,78.0,,2025-12-01,
COHUNSF1,Cohuna Solar Farm,Existing,Large scale Solar PV,VIC,31.2,,,
COLUMSF1,Columboola Solar Farm,Existing,Large scale Solar PV,QLD,217.3,,,
CRWASF1,Corowa Solar Farm,Existing,Large scale Solar PV,NSW,36.1,,,
Culcairn Solar Farm,Culcairn Solar Farm,Existing,Large scale Solar PV,NSW,349.7,,,NSW Tender 3
EDENVSF1,Edenvale Solar Park,Existing,Large scale Solar PV,QLD,180.0,,,
GANGARR1,Gangarri Solar Farm,Committed,Large scale Solar PV,QLD,162.0,,2026-03-01,
GIRGSF,Girgarre Solar Farm,Existing,Large scale Solar PV,VIC,93.5,,,
Goorambat East Solar Farm,Goorambat East Solar Farm,Committed,Large scale Solar PV,VIC,250.0,,2026-05-01,
KEPSF1,Kennedy Energy Park Solar Farm,Existing,Large scale Solar PV,QLD,15.0,,,
KINGASF1,Kingaroy Solar Farm,Existing,Large scale Solar PV,QLD,40.0,,,
Lockhart Hybrid Facility - Solar,Lockhart Hybrid Facility - Solar,Committed,Large scale Solar PV,NSW,10.0,,2026-06-01,
MANSF2,Mannum Solar Farm 2,Committed,Large scale Solar PV,SA,30.0,,2024-12-01,
METZSF1,Metz Solar Farm,Existing,Large scale Solar PV,NSW,135.0,,,
QPSF,Quorn Park Solar Farm,Committed,Large scale Solar PV,NSW,96.8,,2026-12-01,
SEBSF1,Sebastopol Solar Farm,Existing,Large scale Solar PV,NSW,90.0,,,
Stubbo Solar Farm,Stubbo Solar Farm,Existing,Large scale Solar PV,NSW,400.0,,,NSW Tender 1
TB2SF1,Tailem Bend Solar Farm - stage 2,Committed,Large scale Solar PV,SA,105.0,,2023-09-01,
Tilbuster Solar Farm,Tilbuster Solar Farm,Anticipated,Large scale Solar PV,NSW,249.3,,2028-12-01,
WAGGNSF1,Wagga North Solar Farm,Committed,Large scale Solar PV,NSW,55.8,,2023-07-01,
WLWLSF1,Walla Walla Solar Farm,Existing,Large scale Solar PV,NSW,152.2,,,
WLWLSF2,Walla Walla Solar Farm,Existing,Large scale Solar PV,NSW,152.2,,,
WANDSF1,Wandoan South Solar Farm - stage 1,Committed,Large scale Solar PV,QLD,160.0,,2023-08-01,
WELNSF1,Wellington North Solar Farm (Lightsource),Existing,Large scale Solar PV,NSW,436.8,,,
WOLARSF1,Wollar Solar Farm,Existing,Large scale Solar PV,NSW,280.0,,,
WUNUSF1,Wunghnu Solar Farm,Committed,Large scale Solar PV,VIC,93.5,,2025-03-01,
WYASF1,Wyalong Solar Farm,Existing,Large scale Solar PV,NSW,62.3,,,
CLRKCWF1,Clarke Creek Wind Farm,Committed,Wind,QLD,346.5,,2025-09-01,
CLRKCWF2,Clarke Creek Wind Farm,Committed,Wind,QLD,103.5,,2025-09-01,
CROOKWF3,Crookwell 3 Wind Farm,Existing,Wind,NSW,57.6,,,
FLYCRKWF,Flyers Creek Wind Farm,Existing,Wind,NSW,145.5,,,NSW Tender 4
GPWFEST1,Golden Plains Wind Farm East,Committed,Wind,VIC,248.0,,2025-12-01,
GPWFEST2,Golden Plains Wind Farm East,Committed,Wind,VIC,260.4,,2025-12-01,
GPWFEST3,Golden Plains Wind Farm East,Committed,Wind,VIC,248.0,,2025-12-01,
GSWF1A,Goyder South Wind Farm 1A,Existing,Wind,SA,209.0,,,
GSWF1B,Goyder South Wind Farm 1B,Existing,Wind,SA,203.5,,,
HD1WF1,Hawkesdale Wind Farm,Existing,Wind,VIC,96.6,,,
KABANWF1,Kaban Green Power Hub - Wind Farm,Existing,Wind,QLD,156.8,,,
KEPWF1,Kennedy Energy Park Wind Farm,Existing,Wind,QLD,43.2,,,
MacIntyre Wind Farm,MacIntyre Wind Farm,Committed,Wind,QLD,923.4,,2025-11-01,
MTGELWF1,Mt Gellibrand Wind Farm,Existing,Wind,VIC,138.7,,,
RYANCWF1,Ryan Corner Wind Farm,Existing,Wind,VIC,218.4,,,
Rye Park Wind Farm,Rye Park Wind Farm,Existing,Wind,NSW,396.0,,,
Wambo Wind Farm,Wambo Wind Farm,Committed,Wind,QLD,252.0,,2025-02-01,Renewable Energy and Hydrogen Jobs
Aldoga Solar Farm,Aldoga Solar Farm,Existing,Large scale Solar PV,QLD,387.8,,,
Aramara Solar Farm,Aramara Solar Farm,Anticipated,Large scale Solar PV,QLD,132.0,,2028-06-01,
Banksia Solar Farm,Banksia Solar Farm,Committed,Large scale Solar PV,QLD,70.4,,2027-08-01,
Derby Solar Farm,Derby Solar Farm,Anticipated,Large scale Solar PV,VIC,95.1,,2028-04-01,VRET 2
Frasers Solar Farm,Frasers Solar Farm,Anticipated,Large scale Solar PV,VIC,77.0,,2027-06-01,VRET 2
Goulburn River Solar Farm,Goulburn River Solar Farm,Committed,Large scale Solar PV,NSW,588.0,,2027-03-01,NSW Tender 3
Horsham Solar Farm,Horsham Solar Farm,Committed,Large scale Solar PV,VIC,118.8,,2026-12-01,VRET 2 / VIC State Electricity
Maryvale Solar Farm,Maryvale Solar Farm,Anticipated,Large scale Solar PV,NSW,172.0,,2027-02-01,NSW Tender 4
Mortlake Energy Hub Solar Farm,Mortlake Energy Hub Solar Farm,Anticipated,Large scale Solar PV,VIC,333.6,,2028-09-01,
Munna Creek Solar Farm,Munna Creek Solar Farm,Committed,Large scale Solar PV,QLD,154.0,,2026-01-01,
New England Solar Farm 2,New England Solar Farm - Stage 2,Anticipated,Large scale Solar PV,NSW,320.0,,2028-10-01,
Punch's Creek Renewable Energy Solar Farm,Punch's Creek Renewable Energy Solar Farm,Anticipated,Large scale Solar PV,QLD,798.8,,2026-01-01,
GBWF1,Gawara Baya Wind Farm,Anticipated,Wind,QLD,408.0,,2030-02-01,
Uungula Wind Farm,Uungula Wind Farm,Committed,Wind,NSW,414.0,,2028-02-01,NSW Tender 3
Woolsthorpe Wind Farm,Woolsthorpe Wind Farm,Anticipated,Wind,VIC,72.0,,2028-09-01,
BALB1,Ballarat Energy Storage System,Existing,Battery storage (1hr storage),VIC,30.1,30.1,,
BOWWBA1,Bolivar Waste Water Treatment BESS,Existing,Battery storage (2hrs storage),SA,3.1,5.0,,
BBATTERY,Bouldercombe Battery project,Existing,Battery storage (2hrs storage),QLD,50.0,100.0,,
BULBES1,Bulgana Green Power Hub BESS,Existing,Battery storage (2hrs storage),VIC,20.0,34.0,,
DALNTH1,Dalrymple BESS,Existing,Battery storage (1hr storage),SA,30.0,9.0,,
DPNTB1,Darlington Point Energy Storage System,Existing,Battery storage (2hrs storage),NSW,25.0,50.1,,
GANNB1,Gannawarra Energy Storage System,Existing,Battery storage (2hrs storage),VIC,25.5,50.0,,
HVWWBA1,Happy Valley Reservoir BESS,Existing,Battery storage (2hrs storage),SA,5.5,8.8,,
HPR1,Hornsdale Power Reserve Unit 1,Existing,Battery storage (1hr storage),SA,150.0,178.3,,
LBBG1,Lake Bonney BESS,Existing,Battery storage (2hrs storage),SA,28.8,51.8,,
PIBESS1,Philip Island BESS,Existing,Battery storage (2hrs storage),VIC,5.0,10.0,,
QBYNB1,Queanbeyan BESS,Existing,Battery storage (2hrs storage),NSW,10.0,20.0,,
RANGEB1,Rangebank BESS,Existing,Battery storage (2hrs storage),VIC,200.0,400.0,,
RESS1G,Riverina Energy Storage System 1,Existing,Battery storage (2hrs storage),NSW,60.0,120.0,,
RIVNB2,Riverina Energy Storage System 2,Existing,Battery storage (2hrs storage),NSW,65.0,130.0,,
VBB1,Victorian Big Battery,Existing,Battery storage (2hrs storage),VIC,300.0,470.0,,
WALGRV1,Wallgrove Grid Battery project,Existing,Battery storage (2hrs storage),NSW,61.2,2700.0,,
WANDB1,Wandoan South BESS,Existing,Battery storage (2hrs storage),QLD,100.0,150.0,,
ADPBA1,Adelaide Desalination Plant BESS,Existing,Battery storage (2hrs storage),SA,7.8,12.6,,
BLYTHB1,Blyth BESS,Existing,Battery storage (2hrs storage),SA,200.3,400.0,,ARENA Battery
BHBG1,Broken Hill BESS,Existing,Battery storage (1hr storage),NSW,60.3,60.3,,
CAPBES1,Capital Battery,Existing,Battery storage (2hrs storage),NSW,100.0,200.0,,
CHBESSG1,Chinchilla BESS,Existing,Battery storage (2hrs storage),QLD,100.0,200.0,,
CBWWBA1,Christies Beach Wastewater Treatment Plant BESS,Existing,Battery storage (2hrs storage),SA,2.2,4.3,,
Clements Gap BESS,Clements Gap BESS,Committed,Battery storage (2hrs storage),SA,60.0,120.0,2026-01-01,CIS SA-VIC
Eraring Big Battery,Eraring Big Battery,Existing,Battery storage (2hrs storage),NSW,460.0,1730.0,,
GREENB1,Greenbank BESS,Existing,Battery storage (2hrs storage),QLD,200.0,400.0,,Renewable Energy and Hydrogen Jobs
HBESS1,Hazelwood BESS,Existing,Battery storage (1hr storage),VIC,200.1,162.0,,
Koorangie Energy Storage System,Koorangie Energy Storage System,Existing,Battery storage (2hrs storage),VIC,185.0,370.0,,
LaTrobe Valley BESS,LaTrobe Valley BESS,Existing,Battery storage (2hrs storage),VIC,97.9,195.8,,
Liddell BESS,Liddell BESS,Committed,Battery storage (2hrs storage),NSW,500.0,1000.0,2026-02-01,NSW Tender 2
Lockhart Hybrid Facility - Battery,Lockhart Hybrid Facility - Battery,Committed,Battery storage (2hrs storage),NSW,10.0,20.0,2026-06-01,
Melbourne Renewable Energy Hub - Side A,Melbourne Renewable Energy Hub - Side A,Existing,Battery storage (2hrs storage),VIC,648.0,1600.4,,VIC State Electricity
QPBESS,Quorn Park BESS,Committed,Battery storage (2hrs storage),NSW,27.6,42.9,2026-12-01,
TB2BG1,Tailem Bend Battery Project,Committed,Battery storage (2hrs storage),SA,41.5,84.0,2024-01-01,
Tarong BESS,Tarong BESS,Committed,Battery storage (2hrs storage),QLD,300.0,600.0,2026-01-01,
Templers BESS,Templers BESS,Committed,Battery storage (2hrs storage),SA,111.0,291.0,2025-08-01,
TIB1,Torrens Island BESS,Existing,Battery storage (1hr storage),SA,250.7,249.6,,
ULBESS,Ulinda Park BESS,Existing,Battery storage (2hrs storage),QLD,155.0,298.0,,
WTAHB1,Waratah Super Battery,Committed,Battery storage (2hrs storage),NSW,843.8,1679.0,2025-01-01,
WDBESS1,Western Downs Battery,Committed,Battery storage (2hrs storage),QLD,254.8,509.6,2025-12-01,
Aldoga BESS Stage 1,Aldoga BESS Stage 1,Additional policy-supported project,Battery storage (1hr storage),QLD,400.0,400.0,2027-12-01,
Brendale BESS,Brendale BESS,Committed,Battery storage (2hrs storage),QLD,205.0,409.9,2026-06-01,
Bungama Solar BESS,Bungama Solar BESS,Committed,Battery storage (2hrs storage),SA,150.0,300.0,2026-05-01,
Eraring Big Battery 2,Eraring Big Battery 2,Committed,Battery storage (4hrs storage),NSW,240.0,1390.0,2027-03-01,
GBBATT1,Gawara Baya Wind Farm BESS,Anticipated,Battery storage (2hrs storage),QLD,104.0,208.0,2029-01-01,
Gnarwarre BESS,Gnarwarre BESS,Committed,Battery storage (2hrs storage),VIC,470.4,499.5,2027-11-01,ARENA Battery
Limondale BESS,Limondale BESS,Committed,Battery storage (8hrs storage),NSW,50.0,400.0,2026-03-01,NSW Tender 1
LGAPBS1,Lincoln Gap Wind Farm BESS,Committed,Battery storage (1hr storage),SA,10.8,60.0,2026-03-01,
Mannum BESS,Mannum BESS,Existing,Battery storage (2hrs storage),SA,100.0,200.0,,
Maryvale Solar Farm BESS,Maryvale Solar Farm BESS,Anticipated,Battery storage (2hrs storage),NSW,172.0,408.1,2027-02-01,NSW Tender 4
Mortlake Battery,Mortlake Battery,Committed,Battery storage (2hrs storage),VIC,300.0,650.0,2026-07-01,ARENA Battery
Mortlake Energy Hub BESS,Mortlake Energy Hub BESS,Anticipated,Battery storage (4hrs storage),VIC,316.1,1440.0,2028-09-01,
Mt Fox BESS,Mt Fox BESS,Additional policy-supported project,Battery storage (2hrs storage),QLD,300.0,600.0,2029-04-01,ARENA Battery
New England Solar Farm BESS,New England Solar Farm BESS,Committed,Battery storage (2hrs storage),NSW,200.0,400.0,2026-06-01,
ORANA,Orana BESS,Committed,Battery storage (4hrs storage),NSW,416.6,1662.1,2026-06-01,NSW Tender 2
Richmond Valley BESS,Richmond Valley BESS,Anticipated,Battery storage (8hrs storage),NSW,275.0,2200.0,2027-12-01,NSW Tender 3
Silver City Energy Storage,Silver City Energy Storage,Anticipated,Battery storage (8hrs storage),NSW,200.0,1600.0,2028-12-01,NSW Tender 3
Smithfield BESS,Smithfield BESS,Existing,Battery storage (2hrs storage),NSW,86.4,130.0,,NSW Tender 2
Stanwell BESS,Stanwell BESS,Anticipated,Battery storage (4hrs storage),QLD,300.0,1200.0,2026-12-01,
Swanbank BESS,Swanbank BESS,Anticipated,Battery storage (2hrs storage),QLD,266.3,531.3,2026-01-01,Renewable Energy and Hydrogen Jobs
TRGBESS,Terang BESS,Committed,Battery storage (2hrs storage),VIC,144.4,199.9,2026-06-01,
Wooreen Energy Storage System,Wooreen Energy Storage System,Committed,Battery storage (4hrs storage),VIC,350.6,1400.0,2027-12-01,
Kogan Gas,Brigalow GT,Anticipated,OCGT (large GT),QLD,400.0,,2028-12-01,Renewable Energy and Hydrogen Jobs
Fulham Solar Farm,Fulham Solar Farm,Committed,Large scale Solar PV,VIC,79.9,,2027-09-01,VRET 2
Solar River Solar Farm,Solar River Solar Farm,Anticipated,Large scale Solar PV,SA,255.8,,2027-11-01,CIS SA-VIC
Coppabella Wind Farm,Coppabella Wind Farm,Anticipated,Wind,NSW,289.8,,2027-09-01,NSW Tender 1
Derby Solar Project BESS,Derby Solar Project BESS,Additional policy-supported project,Battery storage (1hr storage),VIC,95.0,110.0,2027-09-01,VRET 2
Fulham Solar Farm BESS,Fulham Solar Farm BESS,Committed,Battery storage (2hrs storage),VIC,64.1,127.9,2027-09-01,VRET 2
Goulburn River BESS,Goulburn River BESS,Anticipated,Battery storage (4hrs storage),NSW,450.0,1564.0,2029-08-01,NSW Tender 3
Hallett BESS,Hallett BESS,Anticipated,Battery storage (4hrs storage),SA,50.0,199.9,2027-06-01,CIS SA-VIC
Horsham Solar Farm BESS,Horsham Solar Farm BESS,Additional policy-supported project,Battery storage (2hrs storage),VIC,100.0,200.0,2027-07-01,VRET 2 / VIC State Electricity
Limestone Coast West BESS,Limestone Coast West BESS,Additional policy-supported project,Battery storage (2hrs storage),SA,336.0,500.0,2027-07-01,CIS SA-VIC
Solar River Solar Farm BESS,Solar River Solar Farm BESS,Anticipated,Battery storage (4hrs storage),SA,256.0,650.0,2027-11-01,CIS SA-VIC
Springvale Energy Hub BESS,Springvale Energy Hub BESS,Anticipated,Battery storage (2hrs storage),VIC,123.52,246.4,2026-10-01,CIS SA-VIC
Mornington BESS,Mornington BESS,Committed,Battery storage (2hrs storage),VIC,240.0,480.0,2026-02-01,
Tamworth BESS,Tamworth BESS,Anticipated,Battery storage (1hr storage),NSW,100.0,100.0,2027-12-01,
Tamworth BESS 2,Tamworth BESS,Anticipated,Battery storage (2hrs storage),NSW,100.0,200.0,2027-12-01,
QEJP - Borumba,_,_,_,_,1998.0,48000.0,2034-07-01,Renewable Energy and Hydrogen Jobs
Broadsound BESS,Broadsound BESS,Anticipated,Battery storage (2hrs storage),QLD,240.0,360.0,2027-01-01,
Calala BESS 1,Calala BESS 1,Committed,Battery storage (2hrs storage),NSW,108.1,199.9,2026-12-01,
Calala BESS 2,Calala BESS 2,Committed,Battery storage (2hrs storage),NSW,158.3,300.1,2026-12-01,
Glanmire Solar Farm BESS,Glanmire Solar Farm BESS,Anticipated,Battery storage (2hrs storage),NSW,60.0,120.0,2027-07-01,CIS Tender 1
Bullyard Solar Farm,Bullyard Solar Farm,Anticipated,Large scale Solar PV,QLD,97.0,,2027-04-01,
Glanmire Solar Farm,Glanmire Solar Farm,Anticipated,Large scale Solar PV,NSW,60.0,,2027-07-01,CIS Tender 1
Ravenswood Solar Farm,Ravenswood Solar Farm,Additional policy-supported project,Large scale Solar PV,VIC,467.7,,2025-01-01,
Lockyer Valley GT,Lockyer Valley GT,Anticipated,OCGT (small GT),QLD,117.0,,2030-09-01,
Boulder Creek Wind Farm,Boulder Creek Wind Farm,Committed,Wind,QLD,221.2,,2027-12-01,Renewable Energy and Hydrogen Jobs
Inverleigh Wind Farm,Inverleigh Wind Farm,Anticipated,Wind,VIC,91.5,,2027-07-01,
Port Latta Wind Farm,Port Latta Wind Farm,Anticipated,Wind,TAS,21.0,,2028-06-01,
Valley of the Winds Wind Farm,Valley of the Winds,Anticipated,Wind,NSW,936.0,,2029-12-01,CIS Tender 1
Woolooga BESS,Woolooga BESS,Committed,Battery storage (2hrs storage),QLD,281.0,593.3,2026-09-01,
Supernode BESS 1,Supernode BESS 1,Committed,Battery storage (4hrs storage),QLD,259.9,618.6,2026-01-01,
Supernode BESS 2,Supernode BESS 2,Committed,Battery storage (4hrs storage),QLD,259.9,1238.0,2026-06-01,
Golden Plains West Wind Farm,Golden Plains West Wind Farm,Committed,Wind,VIC,557.1,,2027-03-01,
Lotus Creek Wind Farm,Lotus Creek Wind Farm,Committed,Wind,QLD,285.2,,2027-12-01,
Barnawartha Solar Farm BESS,Barnawartha Solar Farm BESS,Additional policy-supported project,Battery storage (2hrs storage),VIC,64.0,6.4,2027-07-01,CIS Tender 1
Barwon Solar Farm BESS,Barwon Solar Farm BESS,Additional policy-supported project,Battery storage (2hrs storage),VIC,250.0,500.0,2027-07-01,CIS Tender 1
Bungama BESS,Bungama BESS,Additional policy-supported project,Battery storage (2hrs storage),SA,200.0,400.0,2025-07-01,ARENA Battery
Elaine Solar Farm BESS,Elaine Solar Farm BESS,Anticipated,Battery storage (2hrs storage),VIC,125.0,250.0,2027-07-01,CIS Tender 1
Ganymirra Solar Power Station BESS,Ganymirra Solar Power Station BESS,Anticipated,Battery storage (4hrs storage),QLD,150.0,600.0,2029-02-01,CIS Tender 1
Junction Rivers Wind Farm BESS,Junction Rivers Wind Farm BESS,Additional policy-supported project,Battery storage (4hrs storage),NSW,237.6,799.9,2032-04-01,CIS Tender 1
Majors Creek Solar Power Station BESS,Majors Creek Power Station BESS,Anticipated,Battery storage (4hrs storage),QLD,150.0,600.0,2029-02-01,CIS Tender 1
West Mokoan Solar Farm BESS,West Mokoan Solar Farm BESS,Anticipated,Battery storage (4hrs storage),VIC,299.0,1568.0,2029-07-01,CIS Tender 1
Griffith BESS,Griffith BESS,Additional policy-supported project,Battery storage (8hrs storage),NSW,100.0,800.0,2028-12-01,NSW Tender 5
Stoney Creek BESS,Stoney Creek BESS,Anticipated,Battery storage (8hrs storage),NSW,125.0,1000.0,2027-11-01,NSW Tender 5
Barnawartha Solar Farm,Barnawartha Solar Farm,Additional policy-supported project,Large scale Solar PV,VIC,64.0,,2027-07-01,CIS Tender 1
Barwon Solar Farm,Barwon Solar Farm,Anticipated,Large scale Solar PV,VIC,250.0,,2027-07-01,CIS Tender 1
Campbells Forest Solar Farm,Campbells Forest Solar Farm,Additional policy-supported project,Large scale Solar PV,VIC,205.0,,2025-01-01,CIS Tender 1
Elaine Solar Farm,Elaine Solar Farm,Anticipated,Large scale Solar PV,VIC,125.0,,2027-07-01,CIS Tender 1
Ganymirra Solar Power Station,Ganymirra Solar Power Station,Anticipated,Large scale Solar PV,QLD,150.0,,2029-02-01,CIS Tender 1
Hopeland Solar Farm,Hopeland Solar Farm,Additional policy-supported project,Large scale Solar PV,QLD,327.6,,2028-07-01,CIS Tender 1
Majors Creek Solar Power Station,Majors Creek Power Station,Anticipated,Large scale Solar PV,QLD,180.0,,2029-02-01,CIS Tender 1
Sandy Creek Solar Farm,Sandy Creek Solar Farm,Anticipated,Large scale Solar PV,NSW,700.0,,2029-06-01,CIS Tender 1
West Mokoan Solar Farm,West Mokoan Solar Farm,Anticipated,Large scale Solar PV,VIC,401.0,,2029-07-01,CIS Tender 1
Phoenix Pumped Hydro Project,Phoenix Pumped Hydro Project,Additional policy-supported project,Pumped Hydro (10hrs storage),NSW,810.0,9720.0,2032-07-01,NSW Tender 5
Goyder North Wind Farm 1,Goyder North Wind Farm 1,Anticipated,Wind,SA,300.0,,2029-12-01,CIS Tender 1
Junction Rivers Wind Farm,Junction Rivers Wind Farm,Additional policy-supported project,Wind,NSW,595.2,,2032-04-01,CIS Tender 1
Kentbruck Green Power Hub Wind Farm,Kentbruck Green Power Hub Wind Farm,Additional policy-supported project,Wind,VIC,600.0,,2030-06-01,CIS Tender 1
Palmer Wind Farm,Palmer Wind Farm,Additional policy-supported project,Wind,SA,274.0,,2028-07-01,CIS Tender 1
Spicers Creek Wind Farm,Spicers Creek Wind Farm,Additional policy-supported project,Wind,NSW,702.0,,2028-07-01,CIS Tender 1
Thunderbolt Wind Farm,Thunderbolt Wind Farm,Additional policy-supported project,Wind,NSW,210.0,,2025-01-01,CIS Tender 1
Haughton Solar Farm Stage 2,Haughton Solar Farm Stage 2,Anticipated,Large scale Solar PV,QLD,309.1,,2028-01-01,
Lancaster Solar Farm,Lancaster Solar Farm,Committed,Large scale Solar PV,VIC,79.8,,2026-05-01,
Bennetts Creek BESS,Bennetts Creek BESS,Committed,Battery storage (2hrs storage),VIC,176.4,223.0,2028-03-01,
Northern Midlands Solar Farm,Northern Midlands Solar Farm,Anticipated,Large scale Solar PV,TAS,360.8,,2027-10-01,
Hay Sun Farm,Hay Sun Farm,Anticipated,Large scale Solar PV,NSW,110.0,,2025-07-01,
MOKOSF1,Mokoan Solar Farm,Existing,Large scale Solar PV,VIC,46.0,,,
Kiamal BESS,Kiamal BESS,Additional policy-supported project,Battery storage (4hrs storage),VIC,220.2,880.0,2028-08-01,VRET 2
Pine Lodge BESS,Pine Lodge BESS,Committed,Battery storage (2hrs storage),VIC,250.0,550.0,2026-10-01,
Dubbo GT,Dubbo Firming Power Station,Anticipated,OCGT (small GT),NSW,57.0,,2025-07-01, 
Axedale Solar Farm,Axedale Solar Farm,Anticipated,Large scale Solar PV,VIC,139.9,,2028-08-01, 
Bendemeer Energy Hub Solar Farm,Bendemeer Energy Hub Solar Farm,Additional policy-supported project,Large scale Solar PV,NSW,200.0,,2029-07-01,CIS Tender 4
Blind Creek Solar Farm,Blind Creek Solar Farm,Committed,Large scale Solar PV,NSW,299.7,,2028-09-01,NSW EIR
Bundey Solar Farm,Bundey Solar Farm,Additional policy-supported project,Large scale Solar PV,SA,475.0,,2027-07-01,CIS Tender 4
Corop Solar Farm,Corop Solar Farm,Additional policy-supported project,Large scale Solar PV,VIC,400.0,,2027-07-01,CIS Tender 4
Dunedoo Solar Farm,Dunedoo Solar Farm,Anticipated,Large scale Solar PV,NSW,55.0,,2027-07-01,NSW EIR
Fosterville Solar Farm,Fosterville Solar Farm,Anticipated,Large scale Solar PV,VIC,80.5,,2028-08-01, 
Fraser Coast Hybrid Solar Farm,Fraser Coast Hybrid Solar Farm,Anticipated,Large scale Solar PV,QLD,310.8,,2025-01-01, 
GUSF1,Gunsynd Solar Farm,Committed,Large scale Solar PV,QLD,123.0,,2026-02-01, 
Guthries Gap Solar Power Station,Guthries Gap Solar Power Station,Anticipated,Large scale Solar PV,QLD,300.0,,2029-05-01,CIS Tender 4
Kerang Solar Plant,Kerang Solar Plant,Existing,Large scale Solar PV,VIC,30.0,,, 
Lower Wonga Solar Farm,Lower Wonga Solar Farm,Anticipated,Large scale Solar PV,QLD,281.0,,2028-08-01,CIS Tender 4
Marulan Solar Farm,Marulan Solar Farm,Anticipated,Large scale Solar PV,NSW,207.2,,2027-12-01,NSW EIR
Merino Solar Farm,Merino Solar Farm,Additional policy-supported project,Large scale Solar PV,NSW,338.0,,2029-07-01,CIS Tender 4
Middlebrook Solar Farm,Middlebrook Solar Farm,Anticipated,Large scale Solar PV,NSW,320.3,,2029-12-01,CIS Tender 4
Moama Solar Farm,Moama Solar Farm,Anticipated,Large scale Solar PV,NSW,17.8,,2027-12-01,NSW EIR
Mulwala Solar Farm,Mulwala Solar Farm,Committed,Large scale Solar PV,NSW,25.1,,2026-02-01,NSW EIR
Nowingi Solar Power Station,Nowingi Solar Power Station,Additional policy-supported project,Large scale Solar PV,VIC,360.0,,2028-02-01,CIS Tender 4
Smoky Creek Solar Power Station,Smoky Creek Solar Power Station,Anticipated,Large scale Solar PV,QLD,300.0,,2029-05-01,CIS Tender 4
Wandoan South Solar Farm - Stage 2,Wandoan South Solar Farm - Stage 2,Committed,Large scale Solar PV,QLD,240.0,,2027-07-01, 
Winton North Solar Farm,Winton North Solar Farm,Anticipated,Large scale Solar PV,VIC,100.0,,2027-04-01, 
Bell Bay Wind Farm,Bell Bay Wind Farm,Additional policy-supported project,Wind,TAS,227.9,,2030-01-01,CIS Tender 4
Carmodys Hill Wind Farm,Carmodys Hill Wind Farm,Committed,Wind,SA,256.2,,2029-01-01,CIS Tender 4
Goyder North Wind Farm 2,Goyder North Wind Farm 2,Anticipated,Wind,SA,300.0,,2029-12-01, 
Hexham Wind Farm,Hexham Wind Farm,Additional policy-supported project,Wind,VIC,720.8,,2030-11-01,CIS Tender 4
Willogoleche Wind Farm 2,Willogoleche Wind Farm 2,Additional policy-supported project,Wind,SA,108.0,,2027-07-01,CIS Tender 4
Armidale East BESS,Armidale East BESS,Additional policy-supported project,Battery storage (4hrs storage),NSW,449.4,1712.0,2027-07-01,NSW Tender 6
Axedale Solar Farm BESS,Axedale Solar Farm BESS,Anticipated,Battery storage (2hrs storage),VIC,49.9,99.8,2028-08-01, 
Bannaby BESS,Bannaby BESS,Additional policy-supported project,Battery storage (8hrs storage),NSW,700.0,3000.0,2029-07-01,NSW Tender 6
Baranduda BESS,Baranduda BESS,Anticipated,Battery storage (4hrs storage),VIC,544.4,1800.5,2028-06-01, 
Bellambi Heights BESS,Bellambi Heights BESS,Committed,Battery storage (2hrs storage),NSW,204.0,570.0,2027-07-01, 
Bendemeer Energy Hub BESS,Bendemeer Energy Hub BESS,Additional policy-supported project,Battery storage (2hrs storage),NSW,150.0,300.0,2027-07-01,CIS Tender 4
Blackstone BESS,Blackstone BESS,Anticipated,Battery storage (2hrs storage),QLD,266.3,531.3,2028-12-01, 
Blackstone BESS 2,Blackstone BESS 2,Anticipated,Battery storage (2hrs storage),QLD,266.3,531.3,2028-12-01, 
Blind Creek Solar Farm BESS,Blind Creek Solar Farm BESS,Committed,Battery storage (2hrs storage),NSW,245.7,486.0,2028-09-01, 
Bowmans Creek BESS,Bowmans Creek BESS,Additional policy-supported project,Battery storage (8hrs storage),NSW,250.0,2000.0,2029-07-01,NSW Tender 6
Bulabul BESS 1,Bulabul BESS 1,Committed,Battery storage (2hrs storage),NSW,300.0,600.0,2027-03-01, 
Bulabul BESS 2,Bulabul BESS 2,Additional policy-supported project,Battery storage (4hrs storage),NSW,200.0,400.0,2028-07-01,CIS Tender 3
Bundey Solar Farm BESS 1,Bundey Solar Farm BESS 1,Additional policy-supported project,Battery storage (4hrs storage),SA,300.0,1200.0,2029-07-01,CIS Tender 4
Bundey Solar Farm BESS 2,Bundey Solar Farm BESS 2,Additional policy-supported project,Battery storage (4hrs storage),SA,300.0,1200.0,2029-07-01,CIS Tender 4
Bundey Solar Farm BESS 3,Bundey Solar Farm BESS 3,Additional policy-supported project,Battery storage (1hr storage),SA,600.0,600.0,2029-07-01,CIS Tender 4
Capricorn BESS,Capricorn BESS,Additional policy-supported project,Battery storage (4hrs storage),QLD,372.4,1503.3,2029-04-01,CIS Tender 3
Carmodys Hill BESS,Carmodys Hill BESS,Anticipated,Battery storage (2hrs storage),SA,122.9,247.0,2030-01-01, 
Corop Solar Farm BESS,Corop Solar Farm BESS,Additional policy-supported project,Battery storage (2hrs storage),VIC,400.0,704.0,2028-07-01,CIS Tender 4
Culcairn BESS,Culcairn BESS,Anticipated,Battery storage (4hrs storage),NSW,200.0,800.0,2027-03-01, 
Deer Park BESS,Deer Park BESS,Additional policy-supported project,Battery storage (4hrs storage),VIC,275.3,1101.1,2028-12-01,CIS Tender 3
Ebor BESS,Ebor BESS,Additional policy-supported project,Battery storage (8hrs storage),NSW,100.0,800.0,2028-07-01,NSW Tender 6
Elaine BESS,Elaine BESS,Committed,Battery storage (4hrs storage),VIC,309.6,1248.7,2027-12-01, 
Emeroo BESS,Emeroo BESS,Anticipated,Battery storage (1hr storage),SA,325.6,212.4,2028-12-01, 
Fosterville Solar Farm BESS,Fosterville Solar Farm BESS,Anticipated,Battery storage (2hrs storage),VIC,119.0,240.0,2028-08-01, 
Fraser Coast Hybrid BESS,Fraser Coast Hybrid BESS,Anticipated,Battery storage (1hr storage),QLD,210.6,210.6,2027-09-01, 
Golden Plains BESS,Golden Plains BESS,Anticipated,Battery storage (4hrs storage),VIC,149.5,619.9,2027-07-01, 
Goulburn River Solar Farm BESS,Goulburn River Solar Farm BESS,Committed,Battery storage (8hrs storage),NSW,49.8,560.0,2027-03-01, 
Goyder BESS,Goyder BESS,Anticipated,Battery storage (4hrs storage),SA,199.3,800.9,2028-05-01, 
Great Western Battery,Great Western Battery,Anticipated,Battery storage (8hrs storage),NSW,500.0,4000.0,2028-12-01,NSW Tender 6
Guthries Gap Solar Power Station BESS,Guthries Gap Solar Power Station BESS,Anticipated,Battery storage (4hrs storage),QLD,300.0,1200.0,2029-05-01,CIS Tender 4
Joel Joel BESS,Joel Joel BESS,Anticipated,Battery storage (4hrs storage),VIC,318.6,999.7,2028-10-01,CIS Tender 3
Kingswood BESS,Kingswood BESS,Additional policy-supported project,Battery storage (8hrs storage),NSW,250.0,500.0,2030-07-01,NSW Tender 6
Koolunga BESS,Koolunga BESS,Additional policy-supported project,Battery storage (4hrs storage),SA,215.6,800.8,2028-01-01,CIS Tender 3
Lindley BESS,Lindley BESS,Anticipated,Battery storage (2hrs storage),SA,126.0,200.0,2027-06-01, 
Little River BESS,Little River BESS,Anticipated,Battery storage (4hrs storage),VIC,448.9,1795.5,2028-06-01,CIS Tender 3
Lower Wonga BESS,Lower Wonga BESS,Anticipated,Battery storage (4hrs storage),QLD,281.0,843.0,2028-08-01,CIS Tender 3
Marulan BESS,Marulan BESS,Anticipated,Battery storage (4hrs storage),NSW,81.2,350.0,2027-12-01, 
Merino Solar Farm BESS,Merino Solar Farm BESS,Additional policy-supported project,Battery storage (4hrs storage),NSW,309.1,1800.0,2029-07-01,CIS Tender 4
Middlebrook Solar Farm BESS,Middlebrook Solar Farm BESS,Anticipated,Battery storage (2hrs storage),NSW,320.0,1280.2,2029-12-01,CIS Tender 4
Mt Piper BESS,Mt Piper BESS,Anticipated,Battery storage (4hrs storage),NSW,252.0,999.9,2028-10-01, 
Noblevale BESS,Noblevale BESS,Anticipated,Battery storage (4hrs storage),QLD,200.0,600.0,2028-12-01, 
Nowingi Solar Power Station BESS,Nowingi Solar Power Station BESS,Additional policy-supported project,Battery storage (4hrs storage),VIC,300.0,1200.0,2028-02-01,CIS Tender 4
Pelican Point BESS,Pelican Point BESS,Committed,Battery storage (2hrs storage),SA,200.0,400.0,2027-07-01, 
Punchs Creek Solar Farm BESS,Punchs Creek Solar Farm BESS,Additional policy-supported project,Battery storage (1hr storage),QLD,200.0,200.0,2028-07-01,CIS Tender 4
Reeves Plains Power Station BESS,Reeves Plains Power Station BESS,Anticipated,Battery storage (4hrs storage),SA,250.0,1000.0,2028-02-01, 
Smoky Creek Solar Power Station BESS,Smoky Creek Solar Power Station BESS,Anticipated,Battery storage (4hrs storage),QLD,300.0,1200.0,2029-05-01,CIS Tender 4
Summerfield BESS 1,Summerfield BESS 1,Committed,Battery storage (4hrs storage),SA,153.7,532.7,2026-11-01, 
Summerfield BESS 2,Summerfield BESS 2,Committed,Battery storage (4hrs storage),SA,153.7,532.7,2026-11-01, 
Supernode BESS 3,Supernode BESS 3,Anticipated,Battery storage (4hrs storage),QLD,260.3,1216.6,2028-03-01, 
Swallow Tail BESS,Swallow Tail BESS,Additional policy-supported project,Battery storage (4hrs storage),NSW,375.0,1500.0,2028-07-01,CIS Tender 3
Tailem Bend BESS - Stage 3,Tailem Bend BESS - Stage 3,Committed,Battery storage (2hrs storage),SA,204.0,408.0,2027-04-01, 
Teebar Creek BESS,Teebar Creek BESS,Anticipated,Battery storage (4hrs storage),QLD,400.0,1600.0,2028-08-01,CIS Tender 3
Tomago BESS,Tomago BESS,Anticipated,Battery storage (4hrs storage),NSW,500.5,2000.4,2027-10-01, 
Wagga North BESS,Wagga North BESS,Anticipated,Battery storage (4hrs storage),NSW,105.0,420.0,2028-12-01, 
WDBESS2,Western Downs Battery,Committed,Battery storage (2hrs storage),QLD,254.8,509.6,2026-03-01, 
Williamsdale BESS,Williamsdale BESS,Committed,Battery storage (2hrs storage),NSW,250.0,500.0,2026-08-01, 
Yabulu BESS,Yabulu BESS,Anticipated,Battery storage (2hrs storage),QLD,200.0,400.0,2027-11-01, 
Yanco BESS,Yanco BESS,Anticipated,Battery storage (4hrs storage),NSW,318.6,1274.2,2027-12-01, 
Mugga Lane Renewable Hybrid,Mugga Lane Renewable Hybrid,Committed,Biomass,NSW,36.0,,2024-12-01, 
