REZ ID,REZ Name,Augmentation name,REZ Transmission limit increase (MW),Notes
N3,Central-West Orana,Central-West Orana REZ Network Infrastructure Project,4500,
N5,South West NSW,Project EnergyConnect ,800,
V1,North West VIC,Project EnergyConnect ,400,
V2,Central Highlands VIC,Western Renewables Link,310,
S2,Riverland,Project EnergyConnect ,800,
Q2,Hughenden Hub,CopperString 2032,1500,
SWNSW1,Secondary Transmission Limit - South West NSW,Project EnergyConnect ,400,
N9,Hunter-Central Coast,Hunter-Central Coast REZ Network Infrastructure Project,600,
N2,New England REZ,New England REZ Network Infrastructure Project,6000,
